year_month,monthly_seasonal_max,monthly_seasonal_min,monthly_seasonal_mean,monthly_seasonal_std,point_count,monthly_seasonal_amplitude,city,feature
2024-05,2.014427925687143,-1.4972921182147734,0.5356859931418488,1.0802440582200314,16,3.5117200439019163,Tokyo,temperature_celsius
2024-06,1.7946517726983993,-3.831546213704414,-0.04862221536096811,1.164676549539875,30,5.626197986402813,Tokyo,temperature_celsius
2024-07,1.7538825055429843,-2.64242063632083,-0.08287072407946068,0.8702318689776093,31,4.3963031418638145,Tokyo,temperature_celsius
2024-08,1.6719268787210535,-1.421254470798584,-0.05883984966680931,0.7745454304793716,31,3.0931813495196376,Tokyo,temperature_celsius
2024-09,1.6525452860388865,-2.399979428587961,-0.011788542448836899,1.0009058177433845,30,4.0525247146268475,Tokyo,temperature_celsius
2024-10,2.225545743507007,-3.300365543361593,0.008527666239369453,1.319058245462772,31,5.5259112868686,Tokyo,temperature_celsius
2024-11,2.0037485790537928,-3.269281291326468,0.01763808668744497,1.4092491800557714,30,5.273029870380261,Tokyo,temperature_celsius
2024-12,2.2111077346994024,-2.854252009590214,0.10322202725772676,1.2560382926394997,31,5.0653597442896166,Tokyo,temperature_celsius
2025-01,2.9083597839866435,-2.706231715460166,0.15432083464781704,1.2364292187256196,31,5.61459149944681,Tokyo,temperature_celsius
2025-02,2.4433208032969342,-3.498887399715984,-0.1001933864631093,1.3833723196002483,28,5.942208203012918,Tokyo,temperature_celsius
2025-03,2.745093309718497,-4.53299635372328,0.05252301848022997,1.657936936977021,31,7.278089663441777,Tokyo,temperature_celsius
2025-04,3.14221685187054,-4.2091546915363525,-0.061238155764376724,1.657712679427319,30,7.351371543406892,Tokyo,temperature_celsius
2025-05,3.1043886016705726,-4.151014069158429,-0.04474895148808388,1.595107305727855,31,7.255402670829001,Tokyo,temperature_celsius
2025-06,2.528383111160612,-4.397017068836948,-0.02835879918010488,1.4329805348676383,30,6.92540017999756,Tokyo,temperature_celsius
2025-07,2.2689031326919973,-4.992292438962852,0.006400391934964631,1.559790674255467,31,7.261195571654849,Tokyo,temperature_celsius
2025-08,3.3981452558627305,-4.04722145625972,0.002554764188594441,1.7247493493232737,31,7.445366712122451,Tokyo,temperature_celsius
2025-09,3.634679410981898,-3.7975287598146776,-0.027071288717625326,1.841922775461975,30,7.432208170796576,Tokyo,temperature_celsius
2025-10,3.25091494116766,-3.343482299402911,-0.07206497719854871,1.7771278216465023,31,6.594397240570571,Tokyo,temperature_celsius
2025-11,3.816218201088487,-2.82435853744235,-0.013696838684126907,1.6743355192127425,30,6.640576738530837,Tokyo,temperature_celsius
2025-12,4.442925109062212,-3.058304437674003,0.08316262758807592,1.8938695030826214,31,7.501229546736216,Tokyo,temperature_celsius
2026-01,4.274600092590733,-3.078581807257534,-0.06626935751449771,2.0077838863458397,31,7.353181899848266,Tokyo,temperature_celsius
2026-02,3.5280226347012817,-3.932895626147649,0.04580337078031892,2.008804697769357,28,7.460918260848931,Tokyo,temperature_celsius
2026-03,3.435446262906236,-4.896426502294238,-0.09799168954256808,2.15569784404727,31,8.331872765200474,Tokyo,temperature_celsius
2026-04,4.770331821471834,-5.870611557290212,-0.0406761068812554,2.670684918344274,30,10.640943378762046,Tokyo,temperature_celsius
2026-05,5.058870258033249,-6.3964366989575385,0.1806093644121016,2.821778911478742,15,11.455306956990787,Tokyo,temperature_celsius
2024-05,16.334669202093462,-17.76130680769709,-1.8588908274040243,8.926424159822785,16,34.09597600979055,Tokyo,humidity
2024-06,13.951256202111711,-13.233330842926444,0.16387361317920965,6.4925383039151185,30,27.184587045038157,Tokyo,humidity
2024-07,8.441299674063252,-8.861606449816067,0.2379526551421656,4.5488464840392355,31,17.302906123879318,Tokyo,humidity
2024-08,9.237735440364515,-9.33097073354658,0.17703824726135162,3.658974686588974,31,18.568706173911096,Tokyo,humidity
2024-09,7.250603510073381,-10.780445137137296,0.037344685598531,3.992593368410537,30,18.031048647210675,Tokyo,humidity
2024-10,9.643232130395733,-14.76853874775934,-0.6745870258462595,5.834677732152253,31,24.411770878155075,Tokyo,humidity
2024-11,16.69309994154686,-13.788246504607766,-0.1835043029858923,7.44332608199573,30,30.481346446154625,Tokyo,humidity
2024-12,15.7519714872619,-15.083759416853423,-0.20451585621487195,7.944007138669385,31,30.835730904115323,Tokyo,humidity
2025-01,18.546876636943296,-17.633381028948342,0.011161737015620137,9.952078144732832,31,36.18025766589164,Tokyo,humidity
2025-02,28.982389602821947,-18.0564872674886,-0.25210102147009505,13.260672127524591,28,47.038876870310546,Tokyo,humidity
2025-03,30.293655497579937,-21.61663215605104,0.17674377624557772,13.964767477678082,31,51.910287653630974,Tokyo,humidity
2025-04,30.29048477945353,-23.576182354328896,0.2504394213723964,13.270108234382825,30,53.86666713378243,Tokyo,humidity
2025-05,24.83841069218349,-22.65921526692993,0.5292623725986585,11.408202703053423,31,47.49762595911342,Tokyo,humidity
2025-06,18.398579381690222,-14.624115807763422,-0.018376925872681502,8.236552778966878,30,33.02269518945364,Tokyo,humidity
2025-07,18.218827811412453,-11.146307334388103,-0.18409793528035928,6.088962775398399,31,29.365135145800558,Tokyo,humidity
2025-08,15.94368872108621,-10.11171570710376,-0.28357514365388053,6.4446618286856125,31,26.05540442818997,Tokyo,humidity
2025-09,20.55317005327607,-12.895993476876368,0.18556629653695011,8.56569738888602,30,33.44916353015244,Tokyo,humidity
2025-10,27.86209940203465,-15.16530181161198,0.7468957212115247,9.632578712305454,31,43.027401213646634,Tokyo,humidity
2025-11,39.63939772066016,-16.419270330119005,0.4657792132188204,10.387080223317934,30,56.05866805077917,Tokyo,humidity
2025-12,40.80072547893245,-15.459335099734922,0.007886223636165717,9.976994250453448,31,56.26006057866737,Tokyo,humidity
2026-01,39.30682654374722,-14.828821958285106,0.35489893319689647,9.612637375531826,31,54.135648502032325,Tokyo,humidity
2026-02,32.21556337433734,-16.257802603695122,-0.12231738758184692,9.415283825707496,28,48.47336597803246,Tokyo,humidity
2026-03,24.03418603191496,-12.79050582584892,-0.12044042231858541,9.987983626157108,31,36.82469185776388,Tokyo,humidity
2026-04,31.402795157205063,-18.707795453432105,0.0004383457344705614,13.392020875980032,30,50.11059061063717,Tokyo,humidity
2026-05,43.28568477216507,-27.008422678205747,-2.17950790019053,18.134955797166697,15,70.29410745037082,Tokyo,humidity
2024-05,9.422904753613397,-10.04804897487992,-0.43096945552674093,5.52071880828013,16,19.470953728493317,Tokyo,pressure_mb
2024-06,7.936707194626482,-7.075476846513336,0.09798426114002909,3.61064216952663,30,15.012184041139818,Tokyo,pressure_mb
2024-07,6.297660435925367,-4.179943572639134,0.0036583789570221385,2.6993527740493817,31,10.477604008564501,Tokyo,pressure_mb
2024-08,4.6462396471967145,-4.270671098007663,0.05384041606772411,2.3315569000569227,31,8.916910745204378,Tokyo,pressure_mb
2024-09,5.858575000788375,-4.798925524797835,-0.009210738171914897,2.779190964006903,30,10.65750052558621,Tokyo,pressure_mb
2024-10,7.541203994102242,-8.127024267099703,-0.18539773040900626,3.514228335863405,31,15.668228261201945,Tokyo,pressure_mb
2024-11,8.769865816081783,-7.066842326984477,0.12699200017505985,3.6883537668077087,30,15.83670814306626,Tokyo,pressure_mb
2024-12,8.201918513238088,-5.986106451639077,0.1646021474810718,3.532534367409975,31,14.188024964877165,Tokyo,pressure_mb
2025-01,6.081568716315814,-7.71773067504818,0.2031510506828466,3.676167108654062,31,13.799299391363993,Tokyo,pressure_mb
2025-02,4.437631077637327,-7.602068767786124,-0.3843800529732344,3.693429106940087,28,12.039699845423451,Tokyo,pressure_mb
2025-03,8.673514338214193,-14.122842394204689,-0.06746898099433872,4.424391106177754,31,22.796356732418882,Tokyo,pressure_mb
2025-04,10.862639113611174,-7.590250977692943,-0.056318293961115776,4.168229189387637,30,18.452890091304116,Tokyo,pressure_mb
2025-05,9.9024175588733,-7.554404318834913,0.28842880249992925,3.8619893063231436,31,17.45682187770821,Tokyo,pressure_mb
2025-06,7.390044524157269,-6.774681415572529,0.043199608478802595,3.0230259240483495,30,14.164725939729799,Tokyo,pressure_mb
2025-07,5.110389505473655,-5.722306458642215,-0.06651206682777919,2.8836979558176146,31,10.83269596411587,Tokyo,pressure_mb
2025-08,5.858048950912074,-6.260110617825855,-0.036194366765307066,3.0806057852429376,31,12.11815956873793,Tokyo,pressure_mb
2025-09,5.3520317748770285,-7.137419845472347,-0.046198656779030296,3.2866578542251252,30,12.489451620349374,Tokyo,pressure_mb
2025-10,6.949503781565578,-8.154699213804465,-0.11310964118588523,3.365127023685456,31,15.104202995370041,Tokyo,pressure_mb
2025-11,7.27082076645978,-7.518602431540608,0.00766461299533312,3.5419523121453866,30,14.789423198000389,Tokyo,pressure_mb
2025-12,5.388689668506333,-6.819007681270553,-0.12344813341219775,3.255781301615107,31,12.207697349776886,Tokyo,pressure_mb
2026-01,5.572102295729019,-5.35887118237585,0.017919438436638447,2.6594909446917456,31,10.93097347810487,Tokyo,pressure_mb
2026-02,4.274202495369053,-3.614705571863845,0.011918193464552172,2.2650016613856496,28,7.888908067232898,Tokyo,pressure_mb
2026-03,6.815241443979789,-4.403479302543372,0.23702030629431153,3.0718608652959727,31,11.21872074652316,Tokyo,pressure_mb
2026-04,10.139180987096037,-6.771538824794607,0.13646882086949413,4.554190717990832,30,16.910719811890644,Tokyo,pressure_mb
2026-05,9.570267452154749,-11.65010502598657,-0.23850323096616735,6.353002108881078,15,21.220372478141318,Tokyo,pressure_mb
2024-05,0.3718056137602264,-0.0810156019812059,0.008079808837424495,0.10029358975336787,16,0.4528212157414323,Tokyo,precip_mm
2024-06,0.3706721891037028,-0.0842906098775029,-0.001071404437503716,0.09187470556620601,30,0.45496279898120573,Tokyo,precip_mm
2024-07,0.3697554873492928,-0.0717079037125214,0.006121823818510297,0.09745385969293917,31,0.4414633910618142,Tokyo,precip_mm
2024-08,0.3677205769182172,-0.0588023627566469,-0.002970817925791237,0.09087417722450167,31,0.4265229396748641,Tokyo,precip_mm
2024-09,0.2577780116770508,-0.0479347953322197,-0.0028466783724659314,0.0810880305514143,30,0.3057128070092705,Tokyo,precip_mm
2024-10,0.26065110891785,-0.044420572698196,-0.005694481809632416,0.056308358936524215,31,0.305071681616046,Tokyo,precip_mm
2024-11,0.263479697432047,-0.0244279503411617,0.0013747880504525682,0.05703034615590956,30,0.2879076477732087,Tokyo,precip_mm
2024-12,0.1575738606271631,-0.0167391522024744,0.000840649220712813,0.037930372744832276,31,0.17431301282963751,Tokyo,precip_mm
2025-01,0.1815510339277103,-0.0161065951691499,0.0010049644915020813,0.04085298611661876,31,0.1976576290968602,Tokyo,precip_mm
2025-02,0.1976020740107211,-0.022097137641271,0.002586596594984928,0.05203184675981102,28,0.2196992116519921,Tokyo,precip_mm
2025-03,0.3001195637140684,-0.0317423524025409,0.0017361045531321005,0.06679210751304263,31,0.3318619161166093,Tokyo,precip_mm
2025-04,0.1960801310146293,-0.0271357896012938,-0.00048413247407872345,0.053651635158464224,30,0.2232159206159231,Tokyo,precip_mm
2025-05,0.1504373786433966,-0.024114699202029,-0.0008030344564328351,0.04642322233137779,31,0.1745520778454256,Tokyo,precip_mm
2025-06,0.1434462072550789,-0.0993004887076537,-0.003458564905474938,0.04573559448874285,30,0.2427466959627326,Tokyo,precip_mm
2025-07,0.1851244690574105,-0.0149935807225059,0.00043538087189361934,0.04047353089557997,31,0.2001180497799164,Tokyo,precip_mm
2025-08,0.1236893294854279,-0.0090974025038625,0.0010092094283199455,0.02536496328309498,31,0.13278673198929042,Tokyo,precip_mm
2025-09,0.063012904748975,-0.0046425962510367,0.001049001464207877,0.012101557820917033,30,0.0676555010000117,Tokyo,precip_mm
2025-10,0.0249162258351807,-0.0024140251565303,9.315407055558022e-06,0.0046799848139786725,31,0.027330250991711,Tokyo,precip_mm
2025-11,0.0386646217502516,-0.0015072426365233,0.0001862126525996733,0.007271200143276912,30,0.0401718643867749,Tokyo,precip_mm
2025-12,0.0386271189190909,-0.0015877240511484,-6.297865532710633e-05,0.007180954437021023,31,0.0402148429702393,Tokyo,precip_mm
2026-01,0.0385499516536759,-0.0013983918965124,4.640176482509029e-05,0.0071468510442108755,31,0.039948343550188295,Tokyo,precip_mm
2026-02,0.0156368661949189,-0.0010128427532598,-5.6266236920800015e-05,0.0030801579858895888,28,0.0166497089481787,Tokyo,precip_mm
2026-03,0.0078356880754185,-0.0004821773752081,-2.542414643629479e-05,0.0014623338719516568,31,0.0083178654506266,Tokyo,precip_mm
2026-04,0.00020673813051,-0.0002167530769401,-1.0970530639502116e-05,0.00010777652895458504,30,0.0004234912074501,Tokyo,precip_mm
2026-05,0.000324344902964,5.111778078626289e-05,0.00016870146439762883,7.51286350814584e-05,15,0.00027322712217773713,Tokyo,precip_mm
2024-05,7.189439421632508,-9.378369975754325,-0.44896915942693155,4.961690229471849,16,16.56780939738683,Tokyo,wind_kph
2024-06,10.59565569299038,-7.6097198162180195,-0.0020445822528592098,3.8597378775537514,30,18.2053755092084,Tokyo,wind_kph
2024-07,5.87808661621676,-6.92610036707322,0.050433992635682004,2.9730318487914715,31,12.80418698328998,Tokyo,wind_kph
2024-08,5.211166377038758,-9.19240813796896,-0.11367569823574854,3.379438215966431,31,14.403574515007717,Tokyo,wind_kph
2024-09,6.349671593324429,-9.231729757539275,0.05927130498896507,3.8904350020692484,30,15.581401350863704,Tokyo,wind_kph
2024-10,6.089050113416392,-8.340011385526758,0.11112952485863287,3.65306418506325,31,14.429061498943149,Tokyo,wind_kph
2024-11,8.498494585415278,-6.586020026958936,0.1349760278101679,4.143881703722117,30,15.084514612374214,Tokyo,wind_kph
2024-12,13.012102421106182,-7.856395994488639,0.11177533163851365,5.111078833045387,31,20.86849841559482,Tokyo,wind_kph
2025-01,11.55583333999441,-8.65806688690126,0.024731442717782597,5.794515215453238,31,20.213900226895667,Tokyo,wind_kph
2025-02,10.258775376660315,-8.71446786165366,-0.29124368601663797,5.931733568373988,28,18.973243238313977,Tokyo,wind_kph
2025-03,8.501420762281011,-8.65053270578138,-0.014702507815764135,5.34147038700616,31,17.15195346806239,Tokyo,wind_kph
2025-04,10.388185002801093,-9.080160343088073,-0.018095760360530525,5.443475012369803,30,19.468345345889166,Tokyo,wind_kph
2025-05,14.392746180676037,-9.701818165926564,0.23428867282829008,5.414029927399869,31,24.094564346602603,Tokyo,wind_kph
2025-06,14.457196408475944,-8.860778786763994,-0.01575240035150108,4.561158628048648,30,23.31797519523994,Tokyo,wind_kph
2025-07,12.281707898900413,-6.473006762988399,-0.1461685470090226,3.9446902546146636,31,18.754714661888812,Tokyo,wind_kph
2025-08,7.619819403498133,-8.110818278886992,0.17978149901472082,3.5226911786454793,31,15.730637682385126,Tokyo,wind_kph
2025-09,6.092825278005968,-10.575110447054229,0.12934799410374445,3.7049201650586063,30,16.667935725060197,Tokyo,wind_kph
2025-10,8.410745410159036,-10.22971190512049,0.17187894720257701,3.747256902231063,31,18.640457315279527,Tokyo,wind_kph
2025-11,15.753461745313146,-7.523970160351611,-0.02408662565972254,4.099455945435629,30,23.277431905664756,Tokyo,wind_kph
2025-12,22.233004205553787,-5.384032205444791,-0.21935455128781042,4.780588072407003,31,27.61703641099858,Tokyo,wind_kph
2026-01,19.36039074453381,-4.18615061369152,-0.392719590626435,4.424164670265502,31,23.54654135822533,Tokyo,wind_kph
2026-02,10.281473564535531,-5.914949249143312,-0.08453811515847665,4.1686000208189276,28,16.196422813678844,Tokyo,wind_kph
2026-03,10.34837765282602,-9.42622849239918,-0.5993903128073482,4.811687367748703,31,19.7746061452252,Tokyo,wind_kph
2026-04,18.681358624200172,-12.198515745366578,-0.3941129092171901,7.209462492255942,30,30.87987436956675,Tokyo,wind_kph
2026-05,27.465611203637195,-18.20852995110301,3.239753723872978,11.745852705430657,15,45.674141154740205,Tokyo,wind_kph
2024-05,43.52854594830082,-7.757699855231027,6.218227422543579,13.62560863649624,16,51.28624580353184,Tokyo,air_quality_PM2.5
2024-06,36.59336771894825,-11.482231999434005,-0.10009200545592203,10.304847808028498,30,48.07559971838226,Tokyo,air_quality_PM2.5
2024-07,29.505500496617334,-11.99183347222777,-0.07849555958064684,8.590205396974204,31,41.497333968845105,Tokyo,air_quality_PM2.5
2024-08,23.561602108721218,-13.60415396208239,-0.5237393045234284,8.45108090937983,31,37.16575607080361,Tokyo,air_quality_PM2.5
2024-09,17.00723493969545,-14.842002041153837,-0.7363570234346786,9.709606519596496,30,31.849236980849287,Tokyo,air_quality_PM2.5
2024-10,25.87238122347573,-21.327055899242083,-0.47586244622410906,11.925205970080917,31,47.19943712271781,Tokyo,air_quality_PM2.5
2024-11,30.515617161163583,-25.342191825739544,0.30019751305174225,13.587396636754553,30,55.85780898690312,Tokyo,air_quality_PM2.5
2024-12,31.448407040693557,-22.77032996973057,0.516212463046642,13.705726098270661,31,54.21873701042413,Tokyo,air_quality_PM2.5
2025-01,40.5958015552575,-22.561766042782143,-0.1166385023500949,14.531787547156284,31,63.15756759803965,Tokyo,air_quality_PM2.5
2025-02,37.784776996381815,-24.11225122489511,0.9282002335923097,13.539813456478026,28,61.897028221276926,Tokyo,air_quality_PM2.5
2025-03,36.316237100147184,-23.97185799154497,-0.8974665306396309,12.417040087390536,31,60.288095091692156,Tokyo,air_quality_PM2.5
2025-04,27.85030450912063,-23.215561196083417,-0.5473556254724549,11.312872857231573,30,51.06586570520405,Tokyo,air_quality_PM2.5
2025-05,33.59531516981736,-22.583576984367667,-0.5626897266633271,11.19347827765934,31,56.17889215418503,Tokyo,air_quality_PM2.5
2025-06,34.98996386135903,-20.701995397132546,-0.18502036526343163,11.037776485300363,30,55.69195925849158,Tokyo,air_quality_PM2.5
2025-07,34.19271725560238,-17.31213994355608,0.4790342979038257,10.692611942566016,31,51.504857199158465,Tokyo,air_quality_PM2.5
2025-08,27.24264751242687,-18.06586080540984,0.49531434667563407,10.366587200748977,31,45.30850831783671,Tokyo,air_quality_PM2.5
2025-09,26.00872565205116,-18.71443253730545,0.20502626299275098,10.315065293288347,30,44.72315818935661,Tokyo,air_quality_PM2.5
2025-10,28.371092532650916,-16.163133342704306,-0.42856470339028063,9.897198649814662,31,44.53422587535522,Tokyo,air_quality_PM2.5
2025-11,27.725664384935,-15.85130601403336,-0.2787027857872984,10.443370671741413,30,43.57697039896836,Tokyo,air_quality_PM2.5
2025-12,24.4269985438592,-19.521631617408406,0.4776244960384449,11.742491266538053,31,43.9486301612676,Tokyo,air_quality_PM2.5
2026-01,21.740999759918218,-17.100971775875333,0.17463818572111636,11.106233136546127,31,38.84197153579355,Tokyo,air_quality_PM2.5
2026-02,24.655192230918285,-17.206957882096198,0.08028032509012425,10.215359988564323,28,41.86215011301448,Tokyo,air_quality_PM2.5
2026-03,31.12743235161657,-17.783121903369036,0.029716613878038298,9.244489890606339,31,48.910554254985605,Tokyo,air_quality_PM2.5
2026-04,36.50095152960372,-26.942325467122306,0.09864784585482529,11.273916747031937,30,63.44327699672603,Tokyo,air_quality_PM2.5
2026-05,42.86489730859886,-16.917406725581426,1.8010171225471305,14.887375355592647,15,59.782304034180285,Tokyo,air_quality_PM2.5
2024-05,40.20803954375018,-10.08318239119905,6.334785136119582,13.470167677371029,16,50.291221934949235,Tokyo,air_quality_PM10
2024-06,35.168539336645104,-12.707290642393058,-0.08163086710495457,10.485116956081963,30,47.87582997903816,Tokyo,air_quality_PM10
2024-07,30.16016470936089,-13.655143809660004,-0.11949767994127684,9.07427544787913,31,43.81530851902089,Tokyo,air_quality_PM10
2024-08,26.521842136128853,-16.707329406383845,-0.614124218222021,9.458132687980228,31,43.2291715425127,Tokyo,air_quality_PM10
2024-09,21.10808722638297,-19.172277885882103,-0.8965437659385895,11.374244019741395,30,40.28036511226507,Tokyo,air_quality_PM10
2024-10,30.49000575059137,-27.7873031942487,-0.6417125058327268,14.427738706225663,31,58.27730894484007,Tokyo,air_quality_PM10
2024-11,37.41554415088313,-32.2948614743872,0.1038030909036357,16.20655596426964,30,69.71040562527033,Tokyo,air_quality_PM10
2024-12,33.57647774349528,-27.92758595343562,0.6611699208727445,15.836223607214201,31,61.5040636969309,Tokyo,air_quality_PM10
2025-01,45.761474275728304,-26.734586193271184,-0.3052409323912002,15.587941444022816,31,72.49606046899949,Tokyo,air_quality_PM10
2025-02,50.01030948137398,-29.059894007545186,1.17200263743674,16.391858340639207,28,79.07020348891916,Tokyo,air_quality_PM10
2025-03,40.68876327141824,-29.65903817471882,-0.7732229154922435,16.397506008421885,31,70.34780144613705,Tokyo,air_quality_PM10
2025-04,28.38482225075855,-29.106565559520003,-0.3673032829868675,15.039115479177234,30,57.49138781027855,Tokyo,air_quality_PM10
2025-05,35.622226979134865,-25.674427273222623,-0.40657715889148666,13.72186884597671,31,61.296654252357484,Tokyo,air_quality_PM10
2025-06,36.48707157305446,-21.819835012116748,-0.036333011968114094,11.987344316087617,30,58.306906585171205,Tokyo,air_quality_PM10
2025-07,34.97683175167508,-17.222215078107855,0.45792764422673093,10.694609193255035,31,52.19904682978293,Tokyo,air_quality_PM10
2025-08,26.83607379011946,-17.27278226197501,0.44728538154013897,9.88397038730035,31,44.10885605209447,Tokyo,air_quality_PM10
2025-09,25.644394117760253,-18.126747555833127,0.09652292792960229,9.856757690023798,30,43.77114167359338,Tokyo,air_quality_PM10
2025-10,28.77456004443368,-15.872133846329524,-0.47260505181605655,9.454256749545342,31,44.6466938907632,Tokyo,air_quality_PM10
2025-11,28.910111855299046,-16.724884754523497,-0.3117423933746673,10.26643849038896,30,45.634996609822544,Tokyo,air_quality_PM10
2025-12,25.52620342276256,-20.748182739426376,0.49191607530314885,11.685262970031209,31,46.27438616218893,Tokyo,air_quality_PM10
2026-01,22.142880267488216,-18.299748293178464,0.24120615934683123,10.935479590740668,31,40.44262856066668,Tokyo,air_quality_PM10
2026-02,23.50287337998604,-14.859416179568434,0.19728834261284636,9.873910622594163,28,38.36228955955447,Tokyo,air_quality_PM10
2026-03,30.26347187267701,-19.3556682957891,0.10350914978453156,9.317228599741084,31,49.61914016846611,Tokyo,air_quality_PM10
2026-04,35.86869377675784,-29.002353701401507,0.19036565595714733,11.83650042111493,30,64.87104747815934,Tokyo,air_quality_PM10
2026-05,42.4950797315889,-18.70105736796983,0.9195502232002449,15.253928979102009,15,61.19613709955873,Tokyo,air_quality_PM10
2024-05,192.66831276884895,-88.58977099865287,22.99540198836012,76.52773334946104,16,281.25808376750183,Tokyo,air_quality_Carbon_Monoxide
2024-06,109.882015824622,-128.561126897667,-1.2463015268152484,62.36389577233385,30,238.443142722289,Tokyo,air_quality_Carbon_Monoxide
2024-07,64.56651093589039,-78.12584216695727,-0.4397737448535313,41.219832553459334,31,142.69235310284768,Tokyo,air_quality_Carbon_Monoxide
2024-08,108.17716515242552,-70.79513213399974,-2.2787190031874305,45.16680715639036,31,178.97229728642526,Tokyo,air_quality_Carbon_Monoxide
2024-09,228.41490097851545,-109.1843949254254,-0.08836127681599824,76.42791199742696,30,337.59929590394086,Tokyo,air_quality_Carbon_Monoxide
2024-10,259.8822549636804,-159.28358710204338,1.4986011731850615,106.79349530406789,31,419.1658420657238,Tokyo,air_quality_Carbon_Monoxide
2024-11,324.9094617163458,-223.7651134575826,-2.94070186370094,139.44289804942153,30,548.6745751739284,Tokyo,air_quality_Carbon_Monoxide
2024-12,602.6907155654355,-299.45511669027263,7.986371227532579,193.67902184235174,31,902.1458322557082,Tokyo,air_quality_Carbon_Monoxide
2025-01,524.2012408944464,-343.7731682675188,-9.110954178867459,213.8841028736298,31,867.9744091619652,Tokyo,air_quality_Carbon_Monoxide
2025-02,415.7004261588725,-221.12872316671428,2.9800453289657916,170.0963240495883,28,636.8291493255867,Tokyo,air_quality_Carbon_Monoxide
2025-03,377.3951961576576,-278.96779010976974,5.682096130618232,148.59056435210962,31,656.3629862674273,Tokyo,air_quality_Carbon_Monoxide
2025-04,309.5759151101918,-222.40782016465053,-7.974445711924213,112.38187163041916,30,531.9837352748423,Tokyo,air_quality_Carbon_Monoxide
2025-05,246.09291403566328,-182.79972597613528,-9.057409227780893,98.64167166266441,31,428.89264001179856,Tokyo,air_quality_Carbon_Monoxide
2025-06,188.87861812362465,-169.94943250162538,0.18178966676274133,81.3143220548919,30,358.82805062525006,Tokyo,air_quality_Carbon_Monoxide
2025-07,198.76377656243469,-123.37788745904216,6.027354664581112,69.00915555836393,31,322.14166402147686,Tokyo,air_quality_Carbon_Monoxide
2025-08,163.50649698678583,-89.15454396997828,6.002686775397041,64.88148575572488,31,252.6610409567641,Tokyo,air_quality_Carbon_Monoxide
2025-09,195.5819798506037,-83.95842401187096,1.1328682288776415,65.33738779674515,30,279.54040386247465,Tokyo,air_quality_Carbon_Monoxide
2025-10,274.7503727963707,-114.0836675983346,-2.8648967494250237,73.97127192112859,31,388.8340403947053,Tokyo,air_quality_Carbon_Monoxide
2025-11,307.31637129712504,-149.48599689306042,-2.9196539336072385,93.25104910419127,30,456.80236819018546,Tokyo,air_quality_Carbon_Monoxide
2025-12,354.8933811123734,-176.30492991677556,2.1338488495794783,108.51363680624121,31,531.198311029149,Tokyo,air_quality_Carbon_Monoxide
2026-01,296.8827489566207,-203.63820203323235,-0.9283269786282402,99.47103847510526,31,500.520950989853,Tokyo,air_quality_Carbon_Monoxide
2026-02,219.5897248025485,-148.7747903188235,4.7186361851469325,81.66571787992201,28,368.364515121372,Tokyo,air_quality_Carbon_Monoxide
2026-03,176.4500004030529,-99.936696158703,0.4601607731601084,68.8628579195836,31,276.3866965617559,Tokyo,air_quality_Carbon_Monoxide
2026-04,217.32936430980752,-152.38545236391738,1.986851910033668,88.7175165418181,30,369.7148166737249,Tokyo,air_quality_Carbon_Monoxide
2026-05,167.6039972265502,-120.38239952293983,-5.164271605704726,90.6010220227816,15,287.98639674949004,Tokyo,air_quality_Carbon_Monoxide
2024-05,2.4225649635885205e-08,-2.8077610396968168e-08,-1.1192003835493063e-09,1.711164476281877e-08,16,5.230326003285337e-08,Tokyo,visibility_km
2024-06,1.9726976623337717e-08,-1.7721111545359324e-08,3.668859763855693e-10,9.522702041013666e-09,30,3.744808816869704e-08,Tokyo,visibility_km
2024-07,1.1344263995059772e-08,-8.518872814529736e-09,1.7927022827899824e-10,5.206178809356841e-09,31,1.9863136809589506e-08,Tokyo,visibility_km
2024-08,4.7112728813961754e-09,-4.3741582118346384e-09,3.2804486707336253e-10,2.0781007030501895e-09,31,9.085431093230814e-09,Tokyo,visibility_km
2024-09,2.904608276938515e-09,-2.3807846763982443e-08,-7.237181272415374e-09,6.728459158241895e-09,30,2.671245504092096e-08,Tokyo,visibility_km
2024-10,7.165250022800488e-08,-9.729831344400195e-08,-2.584473490043988e-08,3.0398817608907783e-08,31,1.6895081367200685e-07,Tokyo,visibility_km
2024-11,2.1526352043417926e-07,-1.7903074300219017e-07,9.12769166352297e-09,7.267753698367595e-08,30,3.9429426343636943e-07,Tokyo,visibility_km
2024-12,1.0797419644834824e-06,-1.7877539259278233e-07,4.0132421487641857e-07,3.095011928193713e-07,31,1.2585173570762648e-06,Tokyo,visibility_km
2025-01,7.351040312726177e-06,-9.008094521253552e-07,1.321822062854345e-06,2.0772705103659144e-06,31,8.251849764851532e-06,Tokyo,visibility_km
2025-02,6.916908355795575e-06,-8.329343961509588e-06,-1.4433819573315538e-06,4.2006166202955906e-06,28,1.5246252317305165e-05,Tokyo,visibility_km
2025-03,1.174225939215273e-05,-0.0001255134644117,-2.6767348675716744e-05,2.7996148837666768e-05,31,0.0001372557238038527,Tokyo,visibility_km
2025-04,0.0003611894733196,-0.0002565547084842,2.5260563311887697e-06,0.0001397647478095502,30,0.0006177441818038,Tokyo,visibility_km
2025-05,0.0006620348278395,-0.0006472740787663,5.886761838267034e-05,0.00036570555239050017,31,0.0013093089066058,Tokyo,visibility_km
2025-06,0.0029698285006854,-0.0119851410165784,-0.0006303253668885538,0.003982262712779463,30,0.0149549695172638,Tokyo,visibility_km
2025-07,0.015348569585229,-0.0320737731042837,-0.005433788686738358,0.012730236944969055,31,0.0474223426895127,Tokyo,visibility_km
2025-08,0.4064084528262381,-0.0486203358367154,0.00019963750981341331,0.08772504872424362,31,0.4550287886629535,Tokyo,visibility_km
2025-09,0.8618663275956423,-4.42822110929287,-0.03317464450476756,0.8612849567515689,30,5.290087436888512,Tokyo,visibility_km
2025-10,1.2487366868067469,-1.943338194340521,0.017234042133326823,0.4977235276710898,31,3.192074881147268,Tokyo,visibility_km
2025-11,1.2372476400412882,-1.9288666151609088,-0.007980506020349812,0.4391363620694192,30,3.166114255202197,Tokyo,visibility_km
2025-12,1.2448924795413838,-1.878365632065318,0.08880342455645555,0.43198987835967345,31,3.1232581116067015,Tokyo,visibility_km
2026-01,0.4497498941501847,-4.568666013257395,0.003912430900509385,0.9318758117119421,31,5.018415907407579,Tokyo,visibility_km
2026-02,0.4175532993181461,-4.61912720723242,-0.009126257409560403,0.9988632407023305,28,5.036680506550566,Tokyo,visibility_km
2026-03,0.5815651055240924,-4.64880204550524,0.07698797718633868,0.9798329463428583,31,5.230367151029332,Tokyo,visibility_km
2026-04,0.6592381749125523,-4.555024571132269,-0.03267384662532112,1.3093606067855437,30,5.214262746044821,Tokyo,visibility_km
2026-05,0.7082329346682661,-4.64226299391388,-0.2400831027712117,1.2602924519982364,15,5.350495928582146,Tokyo,visibility_km
2024-05,0.0004859696103289,-0.0012594706039259,-2.2611032449483473e-05,0.0003863576717872233,16,0.0017454402142548,Tokyo,uv_index
2024-06,0.0001276965362782,-1.310121464184439e-05,2.6198450488442477e-05,2.6439711541334773e-05,30,0.0001407977509200444,Tokyo,uv_index
2024-07,0.0017366822962627,-0.0004526105160633,2.564338807136631e-05,0.0003582900832123291,31,0.002189292812326,Tokyo,uv_index
2024-08,0.0034507182080626,-0.001255956509095,2.641244089594288e-05,0.0007613719475282108,31,0.0047066747171576,Tokyo,uv_index
2024-09,0.0036547361592674,-0.0030450893637033,-2.8790222213402268e-05,0.0010324382712089241,30,0.0066998255229707,Tokyo,uv_index
2024-10,0.0035462475089368,-0.003340664351132,-6.6378756178381336e-06,0.0010042047241128203,31,0.0068869118600688,Tokyo,uv_index
2024-11,0.0014243102356433,-0.0029643893043247,-4.1385447642334446e-05,0.0007341689260885278,30,0.004388699539968,Tokyo,uv_index
2024-12,7.626051679915433e-05,-0.0011182083874988,-1.139059352399338e-05,0.0002420494847470272,31,0.0011944689042979544,Tokyo,uv_index
2025-01,0.0002751644908075,-3.616142445966242e-05,9.559702835307324e-05,0.00011144769594565556,31,0.0003113259152671624,Tokyo,uv_index
2025-02,0.0014847503311706,-0.004155091445664,-0.0002895392978744105,0.001305561862928351,28,0.0056398417768346,Tokyo,uv_index
2025-03,0.0432777571158313,-0.0651064232348741,-0.00021444619043655522,0.015377232610220885,31,0.1083841803507054,Tokyo,uv_index
2025-04,0.1538011647668467,-0.1177519082015516,-0.0017416930619205868,0.0452321040813316,30,0.27155307296839826,Tokyo,uv_index
2025-05,0.2410239602833596,-0.1835086755635653,0.0006732375135201085,0.08364533829539027,31,0.4245326358469249,Tokyo,uv_index
2025-06,0.3768531182326687,-0.2070227717053317,0.003078215002711333,0.11408539516605776,30,0.5838758899380004,Tokyo,uv_index
2025-07,0.2984828553478274,-0.2171715237300205,0.003697002648709068,0.12684889527230794,31,0.515654379077848,Tokyo,uv_index
2025-08,0.218110623936783,-0.2748943144724247,-0.003970681007444233,0.11444558308426282,31,0.49300493840920767,Tokyo,uv_index
2025-09,0.4393439615085592,-0.2386690770901055,-0.002228397405163924,0.12829652473117026,30,0.6780130385986647,Tokyo,uv_index
2025-10,0.4445244601480423,-0.1594744043537402,-0.008114431812651512,0.11961673135967077,31,0.6039988645017825,Tokyo,uv_index
2025-11,0.4405560241796702,-0.1690037393393415,0.0013240408323887353,0.1146437959897203,30,0.6095597635190118,Tokyo,uv_index
2025-12,0.4396760612732558,-0.2877657628079818,0.0018202962430420623,0.12243805592311825,31,0.7274418240812376,Tokyo,uv_index
2026-01,0.3910056614708069,-0.2946733227885698,-0.00419345325838264,0.1362686538302229,31,0.6856789842593767,Tokyo,uv_index
2026-02,0.5176541616100331,-0.5951375992668071,0.013108564337893956,0.25521203325846636,28,1.1127917608768403,Tokyo,uv_index
2026-03,0.6346169901662009,-1.0696121561665226,-0.0023439177574968136,0.39521525565368487,31,1.7042291463327235,Tokyo,uv_index
2026-04,0.7636173616763274,-1.5545166919993874,-0.00015343548260429254,0.5312489232763581,30,2.3181340536757147,Tokyo,uv_index
2026-05,0.7874098024069313,-2.038098606529984,-0.01670522916115773,0.7261619178684063,15,2.8255084089369156,Tokyo,uv_index
2024-05,2.932376328151446,-4.17614101758795,-0.1350165647730874,1.9711038087213477,16,7.108517345739396,Baghdad,temperature_celsius
2024-06,1.8946754088043185,-2.110826349248551,0.03755117219310636,1.2134933956531393,30,4.005501758052869,Baghdad,temperature_celsius
2024-07,1.612173477983308,-1.863261884937308,-0.002288579615841505,0.8992851190405913,31,3.475435362920616,Baghdad,temperature_celsius
2024-08,1.9244762419647952,-2.1837978413514003,-0.06869357009507286,1.1078069429596848,31,4.1082740833161955,Baghdad,temperature_celsius
2024-09,2.7190378352811573,-2.439881357919859,-0.06306704937528934,1.4046476513331134,30,5.158919193201016,Baghdad,temperature_celsius
2024-10,2.702716284171412,-2.724971666061694,0.011761708023027676,1.3299803579627565,31,5.427687950233105,Baghdad,temperature_celsius
2024-11,2.2558671647708564,-1.9615999257348848,0.05162251636013606,1.0999655273413007,30,4.217467090505741,Baghdad,temperature_celsius
2024-12,1.5297985790281532,-1.0590925086661789,0.03573698905786266,0.720626565924388,31,2.588891087694332,Baghdad,temperature_celsius
2025-01,1.7192004050105716,-1.858448675511656,-0.034172230272252434,0.9526482020181224,31,3.5776490805222276,Baghdad,temperature_celsius
2025-02,2.4268454078162285,-3.831441761660978,-0.04742721751373752,1.4768076986485363,28,6.258287169477207,Baghdad,temperature_celsius
2025-03,3.4423759340176234,-4.264020621767664,-0.0191186778013003,1.568337104883964,31,7.706396555785288,Baghdad,temperature_celsius
2025-04,3.658369854570787,-3.980416889784057,0.0930375603071593,1.7002191277725287,30,7.638786744354844,Baghdad,temperature_celsius
2025-05,3.114203630362168,-5.106240356962712,0.10576528671357262,1.833125796827266,31,8.220443987324881,Baghdad,temperature_celsius
2025-06,3.630721189242076,-3.811460225242924,-0.005266752128168911,1.5519499073102525,30,7.442181414485001,Baghdad,temperature_celsius
2025-07,2.921495984458317,-3.125089678420696,-0.04821509579405137,1.37909882818776,31,6.0465856628790124,Baghdad,temperature_celsius
2025-08,2.327337178506852,-2.422389187688918,-0.03708518063953274,1.226259874802585,31,4.74972636619577,Baghdad,temperature_celsius
2025-09,2.05175070967021,-3.1845948697579702,-0.025049118414229205,1.301841558602183,30,5.23634557942818,Baghdad,temperature_celsius
2025-10,2.965860858266663,-3.0614342084570607,0.006582412422628307,1.4401031426728124,31,6.027295066723724,Baghdad,temperature_celsius
2025-11,3.04936319928045,-2.930120177763198,-0.06481915375661357,1.5004379823704133,30,5.979483377043648,Baghdad,temperature_celsius
2025-12,3.274489902837978,-2.8566803704906216,-0.061606285737096464,1.5399641708627425,31,6.1311702733286,Baghdad,temperature_celsius
2026-01,3.419224224047849,-2.8799192217805305,0.008449544736351042,1.4208547803081388,31,6.2991434458283795,Baghdad,temperature_celsius
2026-02,2.7073908904687287,-2.6060261960681905,0.1021118475731161,1.34892992787825,28,5.313417086536919,Baghdad,temperature_celsius
2026-03,2.4880640480193503,-2.3987242559806248,0.035055014788522784,1.3461722963134006,31,4.886788303999975,Baghdad,temperature_celsius
2026-04,3.2834874153681013,-3.247631985200041,0.05485155127168341,1.8340428869615644,30,6.5311194005681426,Baghdad,temperature_celsius
2026-05,4.056502634424766,-4.183037503532947,-0.5155224272727866,2.331220340426987,15,8.239540137957713,Baghdad,temperature_celsius
2024-05,6.17872086562031,-2.3108043459012637,0.06310038128807456,2.1467572903928764,16,8.489525211521574,Baghdad,humidity
2024-06,3.183127943918333,-3.391146673475036,-0.012910342987434025,1.4104236077779193,30,6.574274617393369,Baghdad,humidity
2024-07,2.151129215365974,-2.413486690410179,-0.029530561123173205,1.201045211409807,31,4.564615905776153,Baghdad,humidity
2024-08,3.584633481177565,-3.5460977815797,0.1360846926926802,1.863557565573087,31,7.130731262757266,Baghdad,humidity
2024-09,5.286667171242344,-5.349966037299713,0.06981248179207634,2.616982180577882,30,10.636633208542058,Baghdad,humidity
2024-10,9.506114592453024,-6.302801601900604,-0.10328545056714263,3.605554639720533,31,15.808916194353628,Baghdad,humidity
2024-11,18.981022468444003,-6.747451977174827,-0.14032391585855522,5.542298535437193,30,25.72847444561883,Baghdad,humidity
2024-12,13.499908568721017,-9.098852279702095,-0.40877665369103855,5.632281954123127,31,22.59876084842311,Baghdad,humidity
2025-01,17.30166842828258,-12.114052929546247,-0.36468179526794053,8.078481662361579,31,29.415721357828826,Baghdad,humidity
2025-02,30.42696304315556,-13.031646817951136,0.2170409776778475,9.413684523632238,28,43.458609861106694,Baghdad,humidity
2025-03,40.73978435830095,-11.202700993785994,0.024378350185860407,10.136790123218166,31,51.94248535208695,Baghdad,humidity
2025-04,26.08137151241457,-8.791802813682455,0.025583974166492406,7.2742037317112835,30,34.87317432609703,Baghdad,humidity
2025-05,16.019563939229453,-6.737787368357861,0.11008720090559652,4.920851634400632,31,22.757351307587314,Baghdad,humidity
2025-06,7.208034226518508,-5.263604828366285,0.20771184884808835,2.7585572509381633,30,12.471639054884793,Baghdad,humidity
2025-07,8.482725465642806,-4.496704954159006,0.23330454692596167,2.817076844436477,31,12.979430419801812,Baghdad,humidity
2025-08,13.662645938460312,-5.163231110900964,0.17319633741041254,3.858532493131379,31,18.825877049361274,Baghdad,humidity
2025-09,17.529125347152572,-7.266723426614134,0.1040737546272856,5.330256978917413,30,24.795848773766707,Baghdad,humidity
2025-10,20.96945670446601,-9.2880316680897,0.19036046037100363,6.758185089087924,31,30.257488372555706,Baghdad,humidity
2025-11,24.344144147458792,-15.645272950355183,0.29581133986908076,8.469325317237436,30,39.98941709781398,Baghdad,humidity
2025-12,20.21046333794183,-25.827572597884974,-0.5131093083605706,10.054174014201623,31,46.038035935826805,Baghdad,humidity
2026-01,20.25784230752977,-16.337719834853466,0.12475798211610814,9.550494247142726,31,36.59556214238324,Baghdad,humidity
2026-02,15.17124611818786,-15.842142201882329,0.6139577461996467,7.957090052112726,28,31.013388320070188,Baghdad,humidity
2026-03,21.70862114918883,-12.42246180524134,0.1758559551423228,7.866501696465153,31,34.13108295443017,Baghdad,humidity
2026-04,33.62190093783054,-15.064448537034032,0.4321001268914803,10.531709961212723,30,48.68634947486457,Baghdad,humidity
2026-05,6.222227263681506,-15.754093212851195,-5.315555501026812,6.3559848977513145,15,21.976320476532702,Baghdad,humidity
2024-05,4.139132046241279,-3.106406064204442,0.08695150363214509,2.5001231780685873,16,7.245538110445722,Baghdad,pressure_mb
2024-06,6.0971793163989485,-2.6854731638804314,0.02780948542402192,1.9615296591489002,30,8.78265248027938,Baghdad,pressure_mb
2024-07,3.969429935781674,-2.216490614347121,0.09220278694094163,1.2542908707337603,31,6.185920550128795,Baghdad,pressure_mb
2024-08,2.167256231698324,-2.1661004597744737,-0.025638176828007002,0.8494158586399239,31,4.3333566914727975,Baghdad,pressure_mb
2024-09,2.0626096867787176,-2.503958420039164,0.04287180116632308,1.206416902868164,30,4.566568106817881,Baghdad,pressure_mb
2024-10,2.497310402291892,-2.791366654309569,-0.0523499221663622,1.339798441900083,31,5.288677056601461,Baghdad,pressure_mb
2024-11,2.2463420630176536,-2.210456808483078,-0.008885013811000878,1.2215760015078816,30,4.456798871500732,Baghdad,pressure_mb
2024-12,2.023189919791829,-2.246060964591352,0.018742361015654185,1.1452334269364308,31,4.269250884383181,Baghdad,pressure_mb
2025-01,2.585131906904198,-2.0260940549441977,0.07935847282584652,1.3284371663833459,31,4.611225961848396,Baghdad,pressure_mb
2025-02,2.478755157028264,-2.5362081485578454,-0.019920135161153516,1.3493568404871106,28,5.014963305586109,Baghdad,pressure_mb
2025-03,2.833179133984113,-3.957888152880166,-0.04008055605299373,1.387473290686617,31,6.791067286864279,Baghdad,pressure_mb
2025-04,2.763774917885597,-3.403014487955597,-0.11386336746579932,1.4173437857727635,30,6.166789405841194,Baghdad,pressure_mb
2025-05,3.4161972166553225,-2.9655683489149465,-0.04440861842346593,1.6930183407844648,31,6.381765565570269,Baghdad,pressure_mb
2025-06,3.216978819995893,-3.031227098625424,-0.06683691290409273,1.74178902820607,30,6.248205918621317,Baghdad,pressure_mb
2025-07,2.582626921074226,-2.845711481355329,0.047730931740548925,1.5340594683200741,31,5.428338402429555,Baghdad,pressure_mb
2025-08,2.348981764253638,-2.745919526825273,0.031890812695359184,1.2966040792426468,31,5.09490129107891,Baghdad,pressure_mb
2025-09,1.8427865455762231,-2.5814558996307397,0.09463445265543312,1.228345372466226,30,4.424242445206962,Baghdad,pressure_mb
2025-10,2.803173640702086,-2.346057407502109,-0.016035009007247292,1.4202260116624021,31,5.149231048204195,Baghdad,pressure_mb
2025-11,3.9891755628176497,-3.839863835959643,-0.03717769042269188,1.6634719815531926,30,7.829039398777293,Baghdad,pressure_mb
2025-12,4.369987660371173,-4.951005862690737,0.0009744564075815804,2.120643950843905,31,9.32099352306191,Baghdad,pressure_mb
2026-01,4.405725808576067,-5.9586081495075405,-0.12204925475012945,2.6863033551830853,31,10.364333958083607,Baghdad,pressure_mb
2026-02,5.031762951583924,-4.791275667175079,-0.08405880990459945,2.596988618444686,28,9.823038618759004,Baghdad,pressure_mb
2026-03,3.832574232004723,-5.739434275117658,-0.02053227132445368,2.3093000105842605,31,9.57200850712238,Baghdad,pressure_mb
2026-04,4.666555426877972,-6.7368652701358,-0.05031676150612332,2.683121853514555,30,11.403420697013772,Baghdad,pressure_mb
2026-05,5.762240343868402,-3.422104478309036,1.5474726410418,3.1986221637842096,15,9.184344822177437,Baghdad,pressure_mb
2024-05,2.664659714054288e-05,3.040205540525964e-06,1.5091088831536728e-05,7.3274759358664505e-06,16,2.3606391600016917e-05,Baghdad,precip_mm
2024-06,1.3113249625841564e-05,-3.0967924726550565e-05,-1.6752384222974328e-06,1.3643077143151704e-05,30,4.408117435239213e-05,Baghdad,precip_mm
2024-07,3.1437543250193493e-06,-1.0745516960518257e-05,-2.0890400871344526e-06,3.8047027703572936e-06,31,1.3889271285537605e-05,Baghdad,precip_mm
2024-08,1.6952921001796763e-05,-2.347895921101245e-05,-5.613738490640696e-06,1.3323147694215095e-05,31,4.043188021280921e-05,Baghdad,precip_mm
2024-09,0.0002115743466662,-0.0001730358253168,-8.167108116639268e-06,0.00012631779654418695,30,0.00038461017198299996,Baghdad,precip_mm
2024-10,0.0005234077297148,-0.0012861645928544,-0.00032211662594599946,0.0005618126201582338,31,0.0018095723225691998,Baghdad,precip_mm
2024-11,0.138649372719271,-0.021644358054108,-0.0004369639603473901,0.027852338796583005,30,0.160293730773379,Baghdad,precip_mm
2024-12,0.2797032354263487,-0.0612874506911342,-0.0014788333963900683,0.0572386743425433,31,0.34099068611748284,Baghdad,precip_mm
2025-01,0.2787100041512635,-0.0418303975888217,-0.0004139339617496008,0.06078077779374427,31,0.3205404017400852,Baghdad,precip_mm
2025-02,0.2294497160458507,-0.0377683655130559,0.0021124726637615147,0.06086938125617777,28,0.2672180815589066,Baghdad,precip_mm
2025-03,0.1529922507162093,-0.0186922665041349,0.00011056457278612655,0.035423244876542796,31,0.17168451722034422,Baghdad,precip_mm
2025-04,0.0862230389679918,-0.0091671482577633,0.0008235580982820433,0.016805999051396896,30,0.0953901872257551,Baghdad,precip_mm
2025-05,0.000357301492285,-0.0008569283717695,-0.00018573790920283848,0.00036677071099287453,31,0.0012142298640545,Baghdad,precip_mm
2025-06,0.0001976020072203,-0.0002198531500677,1.3257600214018542e-05,8.79712424355837e-05,30,0.00041745515728799996,Baghdad,precip_mm
2025-07,3.199299807572882e-05,-3.0100900388155577e-05,8.222937305914556e-06,1.531588902847194e-05,31,6.20938984638844e-05,Baghdad,precip_mm
2025-08,0.0001278744128592,-0.0001155873454482,2.5291710677102323e-05,5.3220640589730385e-05,31,0.0002434617583074,Baghdad,precip_mm
2025-09,0.0006598926610794,-0.0131979733040082,-0.0001028462701638349,0.0024805022164189508,30,0.0138578659650876,Baghdad,precip_mm
2025-10,0.0100301033475792,-0.0194524328873949,0.002866149899516555,0.005120760498951817,31,0.0294825362349741,Baghdad,precip_mm
2025-11,0.0154283305466935,-0.0433664641439831,-0.01095086074361708,0.018915980203750682,30,0.0587947946906766,Baghdad,precip_mm
2025-12,0.3129594711376555,-0.1483632490628991,-0.01459972940048141,0.0695996358028212,31,0.4613227202005546,Baghdad,precip_mm
2026-01,0.6970875271585227,-4.712710128949131,-0.014746924218365424,0.8834269877344042,31,5.409797656107654,Baghdad,precip_mm
2026-02,1.433933511176398,-0.0682493354441968,0.06648593997901883,0.2834805018714468,28,1.5021828466205949,Baghdad,precip_mm
2026-03,1.598963961516209,-0.1095210488034916,0.0024332510984810757,0.317328726425868,31,1.7084850103197007,Baghdad,precip_mm
2026-04,1.5021112374871708,-0.1434823722518498,0.004018362002547038,0.3282251841923603,30,1.6455936097390205,Baghdad,precip_mm
2026-05,0.032749674502226,-0.1715502766449775,-0.0885556052467234,0.04640678264080031,15,0.2042999511472035,Baghdad,precip_mm
2024-05,9.103728098645789,-8.553308430794438,0.5024947294651031,5.275522170430005,16,17.657036529440227,Baghdad,wind_kph
2024-06,11.514147486024427,-7.692240466327288,0.10844714216768049,4.396620692369921,30,19.206387952351715,Baghdad,wind_kph
2024-07,7.820241930909178,-6.505533986484974,0.0896132492879437,3.686794548754666,31,14.325775917394154,Baghdad,wind_kph
2024-08,5.885780979069085,-7.573999258318881,0.01945845449384437,3.766279595745343,31,13.459780237387966,Baghdad,wind_kph
2024-09,6.881371192500629,-7.754986707616471,-0.20897606127575516,3.478467746079985,30,14.636357900117101,Baghdad,wind_kph
2024-10,8.466824474468432,-7.415061806441538,-0.08304400887234856,3.5290539070295623,31,15.88188628090997,Baghdad,wind_kph
2024-11,10.610778339574065,-6.764216710563526,-0.1934119855900743,3.4336053059566605,30,17.374995050137592,Baghdad,wind_kph
2024-12,9.65201094458356,-7.754190047343651,0.07642956118597255,3.4505678284918893,31,17.40620099192721,Baghdad,wind_kph
2025-01,6.390635251879342,-6.533900479789306,-0.006566671102143334,3.0412101095471153,31,12.924535731668648,Baghdad,wind_kph
2025-02,6.787843182952222,-5.080602473577869,-0.03676081163709266,3.1645901475509306,28,11.868445656530092,Baghdad,wind_kph
2025-03,6.780541084541842,-7.474496145097377,-0.19895373907298564,3.741381944180127,31,14.25503722963922,Baghdad,wind_kph
2025-04,6.79743699247843,-9.058896149907348,0.021094576645063274,4.17594900830883,30,15.856333142385779,Baghdad,wind_kph
2025-05,7.118292744392857,-8.294264127814044,-0.03860447216098485,4.071000930145161,31,15.4125568722069,Baghdad,wind_kph
2025-06,6.6785859407095804,-9.18004785256245,0.09912061670083502,3.9198523133004604,30,15.85863379327203,Baghdad,wind_kph
2025-07,9.236098120661412,-9.080063952221522,0.07345953721511994,3.897369669270914,31,18.316162072882932,Baghdad,wind_kph
2025-08,10.685282891075438,-6.509141326467892,-0.05488795177564557,3.793169317399321,31,17.19442421754333,Baghdad,wind_kph
2025-09,10.029953471514348,-6.291407567228163,-0.019063243105691643,3.4326265209858526,30,16.32136103874251,Baghdad,wind_kph
2025-10,8.46836648697678,-5.921464015214294,0.1306610356706075,3.5409226288727758,31,14.389830502191074,Baghdad,wind_kph
2025-11,6.728762077780464,-5.364052220981032,-0.051407458797994736,3.180716691081849,30,12.092814298761496,Baghdad,wind_kph
2025-12,9.048716541537043,-6.038540709026396,-0.10086421497539708,3.196474174181878,31,15.08725725056344,Baghdad,wind_kph
2026-01,9.259469934486514,-7.495483851005163,0.3244541233880974,3.649008304413295,31,16.75495378549168,Baghdad,wind_kph
2026-02,6.811550568371026,-6.950556734978541,0.15581882727950447,3.582482903496411,28,13.762107303349566,Baghdad,wind_kph
2026-03,10.29905881227936,-9.916999027549952,-0.25089136613767016,4.894338579012986,31,20.21605783982931,Baghdad,wind_kph
2026-04,13.929043611120612,-11.17942023275544,0.025815754278630483,6.04997112982068,30,25.108463843876052,Baghdad,wind_kph
2026-05,8.956839301390103,-12.035292895195209,-1.1547292648741962,6.076128218149341,15,20.99213219658531,Baghdad,wind_kph
2024-05,29.36553561230455,-12.069456874714618,2.3915556284995985,8.967111799013015,16,41.43499248701917,Baghdad,air_quality_PM2.5
2024-06,18.13994371253356,-9.77730151042676,-0.5036970138267447,4.768888849095005,30,27.91724522296032,Baghdad,air_quality_PM2.5
2024-07,13.157070749566952,-4.721219037152744,-0.5251097448727758,3.6421266058777992,31,17.878289786719694,Baghdad,air_quality_PM2.5
2024-08,27.603010009685715,-9.83675540331983,-0.641757274851781,7.029640646457919,31,37.439765413005546,Baghdad,air_quality_PM2.5
2024-09,45.61717446133982,-13.288699716791315,-0.1406867804059685,11.337359048916603,30,58.905874178131135,Baghdad,air_quality_PM2.5
2024-10,39.67125051043725,-17.282902769275015,0.7460805884158537,13.144924441428318,31,56.95415327971226,Baghdad,air_quality_PM2.5
2024-11,21.61176197243349,-18.003629335270833,-0.6097180082629615,10.638620510198665,30,39.61539130770433,Baghdad,air_quality_PM2.5
2024-12,30.64769105502243,-14.217542768332976,0.268784981994894,12.356198675088779,31,44.86523382335541,Baghdad,air_quality_PM2.5
2025-01,36.776420514474026,-18.64844758419228,-1.0904651691164162,11.980488819612603,31,55.42486809866631,Baghdad,air_quality_PM2.5
2025-02,45.122559462893335,-31.030556720189995,-0.7894840939344835,13.87570387726142,28,76.15311618308333,Baghdad,air_quality_PM2.5
2025-03,49.92969434876275,-27.25520290526788,1.1580693652844603,15.204465977149807,31,77.18489725403063,Baghdad,air_quality_PM2.5
2025-04,43.11997358391805,-23.40849804908705,0.04832403367942219,13.067869301408972,30,66.5284716330051,Baghdad,air_quality_PM2.5
2025-05,35.57317688126775,-19.534642041633305,0.02805224162760392,11.002891846827243,31,55.10781892290105,Baghdad,air_quality_PM2.5
2025-06,31.417677290618126,-23.39444518117672,0.40395309894532544,11.704248691001244,30,54.81212247179485,Baghdad,air_quality_PM2.5
2025-07,33.26883833239272,-20.208121384438748,-0.12367932523772775,11.092740185275058,31,53.476959716831466,Baghdad,air_quality_PM2.5
2025-08,27.877932627798312,-16.98541832812918,0.6490158925196473,8.223173945239822,31,44.863350955927494,Baghdad,air_quality_PM2.5
2025-09,22.761842715447724,-12.898621417462158,0.06147809368409182,6.666288698864453,30,35.66046413290988,Baghdad,air_quality_PM2.5
2025-10,21.352149529255897,-9.40712153517406,-0.19934710262453328,6.570178347876419,31,30.759271064429957,Baghdad,air_quality_PM2.5
2025-11,22.72168417052048,-9.379146430275814,-0.07360250689702016,6.734858597147929,30,32.10083060079629,Baghdad,air_quality_PM2.5
2025-12,21.02790688652441,-10.786842726844927,0.13867127494914339,6.676596657702495,31,31.814749613369337,Baghdad,air_quality_PM2.5
2026-01,18.62410257117793,-10.995142859409809,-0.3051709676531229,6.313439678597423,31,29.61924543058774,Baghdad,air_quality_PM2.5
2026-02,14.55748994841897,-7.763071278504444,0.623051823511508,6.006910623924373,28,22.320561226923413,Baghdad,air_quality_PM2.5
2026-03,21.084541590995254,-9.06801783305565,0.27046514613230677,6.980227328176939,31,30.152559424050907,Baghdad,air_quality_PM2.5
2026-04,29.314454367742123,-12.306325539940298,0.38517918110792554,9.764183486604843,30,41.62077990768242,Baghdad,air_quality_PM2.5
2026-05,16.846693497936418,-17.792611936442768,-3.814684821943364,10.161026420309593,15,34.63930543437918,Baghdad,air_quality_PM2.5
2024-05,41.73362791139485,-33.876629260038634,8.855660829777362,19.488280486463093,16,75.61025717143349,Baghdad,air_quality_PM10
2024-06,24.730728133356685,-31.28448956153639,-0.9211449836348853,15.890441427617793,30,56.015217694893074,Baghdad,air_quality_PM10
2024-07,42.43499707889577,-26.451481935214563,-1.2882673634321424,13.979627617886354,31,68.88647901411034,Baghdad,air_quality_PM10
2024-08,68.38134810702373,-28.988275792657447,-0.8362205248370648,19.69911292419457,31,97.36962389968117,Baghdad,air_quality_PM10
2024-09,67.64248262486664,-33.1831328211945,-0.28929091441441557,22.493107230807492,30,100.82561544606114,Baghdad,air_quality_PM10
2024-10,61.98352517420204,-37.36454791638371,-0.20161839204954102,21.770541884214573,31,99.34807309058576,Baghdad,air_quality_PM10
2024-11,41.28492519489654,-31.835071119871035,-0.18304092203137007,19.464534529569388,30,73.11999631476758,Baghdad,air_quality_PM10
2024-12,64.411938243407,-31.078878053852137,-1.2184906922582968,19.697892370550697,31,95.49081629725913,Baghdad,air_quality_PM10
2025-01,101.75886972789031,-33.657663926735644,-2.0120735844911914,24.477569242316914,31,135.41653365462597,Baghdad,air_quality_PM10
2025-02,143.9979640595371,-46.71702986360432,-1.8124091159625393,37.33293003240722,28,190.71499392314144,Baghdad,air_quality_PM10
2025-03,182.94845135387345,-54.83926894750952,-1.2025981914249606,48.40710178973155,31,237.78772030138296,Baghdad,air_quality_PM10
2025-04,112.41935199394646,-55.65526354981202,0.29362941840601997,48.32314402219675,30,168.07461554375848,Baghdad,air_quality_PM10
2025-05,180.13781319144545,-47.33326452286028,3.1527148003958363,49.79012472059049,31,227.47107771430572,Baghdad,air_quality_PM10
2025-06,167.7586508421716,-47.61225269566797,2.0122008864859775,43.78299201181242,30,215.37090353783955,Baghdad,air_quality_PM10
2025-07,123.8747549743604,-39.47665801852909,1.664498647302443,30.737835499032066,31,163.3514129928895,Baghdad,air_quality_PM10
2025-08,85.31086920695039,-31.7479888809122,1.4121658427547017,20.477151857757757,31,117.05885808786259,Baghdad,air_quality_PM10
2025-09,47.51307250101958,-26.67376716187598,0.3415645494905545,14.26645096913588,30,74.18683966289555,Baghdad,air_quality_PM10
2025-10,28.784428389108676,-23.484935684987256,-1.0132247717859955,11.233340224921422,31,52.26936407409593,Baghdad,air_quality_PM10
2025-11,25.345861621727085,-17.891300958981862,-0.5429921923400417,10.419901489262138,30,43.23716258070895,Baghdad,air_quality_PM10
2025-12,29.29696042792086,-16.2995121439051,-0.04699650491640246,11.77799788132316,31,45.59647257182596,Baghdad,air_quality_PM10
2026-01,36.46328638613993,-23.01132288959833,-0.3452715223385296,15.047208581912527,31,59.47460927573826,Baghdad,air_quality_PM10
2026-02,60.42341697998763,-25.81170434726124,1.5894900899128335,19.614549554421146,28,86.23512132724886,Baghdad,air_quality_PM10
2026-03,82.50283927827438,-28.73903755049645,0.6923599026673793,23.8935998207876,31,111.24187682877083,Baghdad,air_quality_PM10
2026-04,103.57348492992196,-31.0511096466254,0.933150930435363,31.765464232500936,30,134.62459457654737,Baghdad,air_quality_PM10
2026-05,51.84368767651055,-41.5468065691006,-10.825551118443723,30.020534213915706,15,93.39049424561115,Baghdad,air_quality_PM10
2024-05,474.3684958415558,-238.29338166995024,20.777272409734692,137.67578247014671,16,712.661877511506,Baghdad,air_quality_Carbon_Monoxide
2024-06,274.1647050295262,-149.85205619400872,-2.6642458180084265,62.93267813480151,30,424.0167612235349,Baghdad,air_quality_Carbon_Monoxide
2024-07,408.2676196965292,-101.39867728339811,-4.301342466336278,84.94320526082713,31,509.6662969799273,Baghdad,air_quality_Carbon_Monoxide
2024-08,772.5816287497652,-193.7494531569625,-3.008253465849406,169.1543237069502,31,966.3310819067276,Baghdad,air_quality_Carbon_Monoxide
2024-09,1336.3722659196326,-451.4627187386391,-35.711887348592214,328.9085479015785,30,1787.8349846582717,Baghdad,air_quality_Carbon_Monoxide
2024-10,2671.6730498083225,-895.1087983242987,6.030339957003743,711.6165300134986,31,3566.7818481326212,Baghdad,air_quality_Carbon_Monoxide
2024-11,2506.1724831070783,-992.6394848642626,-31.7867677336054,814.0175674522465,30,3498.811967971341,Baghdad,air_quality_Carbon_Monoxide
2024-12,3882.729589440615,-1362.770842119386,21.647037855740763,1218.353871662904,31,5245.500431560002,Baghdad,air_quality_Carbon_Monoxide
2025-01,2685.7393182135897,-1063.3418057073957,17.058229540845346,851.7457578209672,31,3749.081123920985,Baghdad,air_quality_Carbon_Monoxide
2025-02,1491.8761461694896,-957.7794830262134,36.16344925768656,720.5638941672254,28,2449.655629195703,Baghdad,air_quality_Carbon_Monoxide
2025-03,1563.1859449709366,-851.9286129653123,-30.094700061435383,606.582182815743,31,2415.1145579362487,Baghdad,air_quality_Carbon_Monoxide
2025-04,2493.7267206755664,-821.7128111479261,6.057240366938166,703.1858516092855,30,3315.4395318234924,Baghdad,air_quality_Carbon_Monoxide
2025-05,1619.472058731092,-629.8838992166536,4.540004863409431,471.6224912115158,31,2249.3559579477455,Baghdad,air_quality_Carbon_Monoxide
2025-06,882.9966286041688,-439.42695374051647,16.738702997979466,318.84130883906255,30,1322.4235823446852,Baghdad,air_quality_Carbon_Monoxide
2025-07,692.6993968161278,-247.8887701839405,-1.2132336967278767,228.27658709670416,31,940.5881670000683,Baghdad,air_quality_Carbon_Monoxide
2025-08,719.8289573231662,-279.58851793465794,5.352089315077926,249.60754917687282,31,999.4174752578241,Baghdad,air_quality_Carbon_Monoxide
2025-09,459.6058316505432,-564.9615381519878,1.9556122963303872,231.98622233953682,30,1024.5673698025312,Baghdad,air_quality_Carbon_Monoxide
2025-10,550.4845960635033,-496.4745710477595,-18.658824480026514,250.37796833549953,31,1046.9591671112628,Baghdad,air_quality_Carbon_Monoxide
2025-11,550.2720249489507,-359.7252099957354,7.943784680426029,255.70537962047618,30,909.9972349446862,Baghdad,air_quality_Carbon_Monoxide
2025-12,389.61060055009887,-237.7636403738444,5.277724179129927,178.14474759098658,31,627.3742409239433,Baghdad,air_quality_Carbon_Monoxide
2026-01,461.0200444713915,-177.92735182897982,-10.821362953463511,140.28277582950713,31,638.9473963003713,Baghdad,air_quality_Carbon_Monoxide
2026-02,541.2786459382477,-200.82742619712695,-14.10045051687852,154.2579652139296,28,742.1060721353747,Baghdad,air_quality_Carbon_Monoxide
2026-03,599.4447193581616,-296.6538253663452,17.790863415514348,238.43955158103137,31,896.0985447245068,Baghdad,air_quality_Carbon_Monoxide
2026-04,686.2206760457551,-437.069219407178,2.3259241224731757,290.1485868837974,30,1123.2898954529333,Baghdad,air_quality_Carbon_Monoxide
2026-05,752.8411922603221,-366.9890102811531,-2.1177465423975406,257.1070334655932,15,1119.8302025414753,Baghdad,air_quality_Carbon_Monoxide
2024-05,0.0004084383451321,3.162692543416483e-05,0.00020383764142235572,0.000113573270044413,16,0.00037681141969793516,Baghdad,visibility_km
2024-06,0.0002254784777992,-0.00044001439476,-2.5190953497759045e-05,0.00019862994805442858,30,0.0006654928725592,Baghdad,visibility_km
2024-07,8.42977802529173e-05,-0.0001594980745288,-3.312463359095838e-05,5.8132608152462246e-05,31,0.0002437958547817173,Baghdad,visibility_km
2024-08,0.0003644288839039,-0.0009131702876623,-0.0001449105947059367,0.00027797542748073,31,0.0012775991715662,Baghdad,visibility_km
2024-09,0.0005150248928235,-0.0013466188763805,-0.0002793834535376033,0.0004530629729705388,30,0.001861643769204,Baghdad,visibility_km
2024-10,0.0072092454487054,-0.0037443709857885,0.0023533354494207842,0.002429028143419506,31,0.0109536164344939,Baghdad,visibility_km
2024-11,0.0192780593219469,-0.2592109535069054,0.003551558570822198,0.04977162465702737,30,0.2784890128288523,Baghdad,visibility_km
2024-12,0.0315397760232382,-0.643110516067803,0.003865678955008099,0.12012199503140539,31,0.6746502920910412,Baghdad,visibility_km
2025-01,0.0428117485529957,-0.9607375374463244,-0.002470604653800109,0.1778815271519988,31,1.00354928599932,Baghdad,visibility_km
2025-02,0.0245051797681835,-0.6409800626811385,-0.005000617625989143,0.12469121598319666,28,0.665485242449322,Baghdad,visibility_km
2025-03,0.015295429026206,-0.2781455855891573,-0.0007970545602575234,0.051542551391680416,31,0.2934410146153633,Baghdad,visibility_km
2025-04,0.0184125998951773,-0.3934499395769939,-0.0010298628227362473,0.0742370525404039,30,0.4118625394721712,Baghdad,visibility_km
2025-05,0.0278655437149748,-0.642572669213042,0.0009322941937693572,0.11947118960488169,31,0.6704382129280169,Baghdad,visibility_km
2025-06,0.0353315340985284,-0.9648754739665012,-0.0016025681775196851,0.1819453822630589,30,1.0002070080650296,Baghdad,visibility_km
2025-07,0.0998411509199733,-0.9770925340707354,0.008943409864921056,0.18463224703235687,31,1.0769336849907087,Baghdad,visibility_km
2025-08,0.2098578478349853,-2.778671069572075,0.00955027547503995,0.5214336812818408,31,2.98852891740706,Baghdad,visibility_km
2025-09,0.3932388756232115,-4.583034061753282,0.002462472952658177,0.8727573482041701,30,4.976272937376494,Baghdad,visibility_km
2025-10,0.8036763340130602,-4.604370517116792,-0.032095339608326626,1.103885781339913,31,5.4080468511298525,Baghdad,visibility_km
2025-11,1.7840052039578862,-6.799305964571277,-0.01536157683054551,1.9291065761391752,30,8.583311168529162,Baghdad,visibility_km
2025-12,2.074096180920448,-7.707511480581796,-0.15782000184603456,2.4704725615008862,31,9.781607661502244,Baghdad,visibility_km
2026-01,1.450696254707913,-3.4028869497091465,0.282700053625452,1.118743777269419,31,4.85358320441706,Baghdad,visibility_km
2026-02,1.365300480037464,-8.596415130217263,-0.1959320470707843,1.8723564931370626,28,9.961715610254727,Baghdad,visibility_km
2026-03,1.438667605267997,-2.998499444812558,0.09058157658372255,0.6772165849187999,31,4.437167050080555,Baghdad,visibility_km
2026-04,1.7410773029517794,-0.623976746315544,0.03539575150583006,0.46914209475170576,30,2.3650540492673233,Baghdad,visibility_km
2026-05,1.0366871254072316,-0.4403135139792495,-0.1977561550144781,0.4850085502187122,15,1.4770006393864812,Baghdad,visibility_km
2024-05,1.2979874434886054,-1.260065236960549,0.019326457197632436,0.6603919183459334,16,2.5580526804491543,Baghdad,uv_index
2024-06,0.8295855947678581,-0.780018453855656,0.0093571884561264,0.4607941703812809,30,1.6096040486235141,Baghdad,uv_index
2024-07,0.5838202028065334,-0.6414824199478932,0.007427570125932016,0.33083436095820984,31,1.2253026227544266,Baghdad,uv_index
2024-08,0.3815678588920384,-0.5359466801142027,-0.003485765702970423,0.29373973505608536,31,0.9175145390062411,Baghdad,uv_index
2024-09,0.4715598162984332,-0.5331987685973752,-0.011244170558201084,0.25088506410051153,30,1.0047585848958085,Baghdad,uv_index
2024-10,0.3451323594146295,-0.4167711778892041,-0.01472445107124803,0.20228294552651419,31,0.7619035373038336,Baghdad,uv_index
2024-11,0.3219078456411538,-0.4363072946416,-0.006113702789755409,0.17904175445479475,30,0.7582151402827538,Baghdad,uv_index
2024-12,0.240269979918642,-0.439909242288024,0.0020798741845880196,0.18602950677066044,31,0.680179222206666,Baghdad,uv_index
2025-01,0.4034970203540747,-0.8624740704183905,0.0046172271770246525,0.24848376981953849,31,1.2659710907724653,Baghdad,uv_index
2025-02,0.5483412539344326,-1.301621319234164,0.0004625753095203645,0.3599420198876736,28,1.8499625731685965,Baghdad,uv_index
2025-03,0.660131003669005,-1.2950545008511836,0.006792693765803886,0.3840690271453995,31,1.9551855045201885,Baghdad,uv_index
2025-04,0.8118735514250507,-0.9290630293224198,0.012202155715793066,0.37247149792564216,30,1.7409365807474706,Baghdad,uv_index
2025-05,0.7852599880938352,-0.8940797230641349,-0.0004242887138886738,0.36492624083009284,31,1.67933971115797,Baghdad,uv_index
2025-06,0.4767037935417334,-0.8912110339140635,-0.006971357849047291,0.31509390322402153,30,1.367914827455797,Baghdad,uv_index
2025-07,0.5128452079908506,-0.7090272438870203,-0.013506461135609691,0.25364030200456195,31,1.221872451877871,Baghdad,uv_index
2025-08,0.3358364690277709,-0.6206939665297977,-0.011369341149889163,0.2236331909782942,31,0.9565304355575686,Baghdad,uv_index
2025-09,0.3020886494746446,-0.6891352501517544,-0.0009162852874013888,0.24542681604826289,30,0.9912238996263989,Baghdad,uv_index
2025-10,0.356809191876217,-0.6043119609261918,-0.0020345716463017623,0.24329301780310245,31,0.9611211528024088,Baghdad,uv_index
2025-11,0.6273338732336851,-0.4459936384726276,0.011191531044400656,0.2651198196362109,30,1.0733275117063126,Baghdad,uv_index
2025-12,0.2928033836925932,-0.3358825086716648,-0.0022004951621449544,0.17942774484409024,31,0.628685892364258,Baghdad,uv_index
2026-01,0.3960064192498184,-0.3742883147937311,0.0008150090309122267,0.19148682284981763,31,0.7702947340435495,Baghdad,uv_index
2026-02,0.8003761377984898,-1.1183411034272197,-0.012464276531659811,0.3429587911175226,28,1.9187172412257096,Baghdad,uv_index
2026-03,0.6513703070557259,-1.801633088227881,-0.008162128380480773,0.4072235041052983,31,2.453003395283607,Baghdad,uv_index
2026-04,0.6855242811124856,-2.5033596849485136,-0.007668886774882676,0.5537724263561974,30,3.1888839660609993,Baghdad,uv_index
2026-05,0.6952594002541822,-0.7151705800683127,0.09481233716042076,0.3972479998605822,15,1.410429980322495,Baghdad,uv_index
2024-05,6.443677487726406,-7.274895002276037,-0.1227414423874616,3.5778948770390486,16,13.718572490002444,Bern,temperature_celsius
2024-06,5.3934846274037325,-4.022228630964848,0.05291095838794524,2.7774904570106393,30,9.41571325836858,Bern,temperature_celsius
2024-07,3.4590178250708234,-3.069842041206392,0.1219683334011044,1.9463616262410783,31,6.528859866277216,Bern,temperature_celsius
2024-08,4.306787567461403,-3.182823961988833,0.13550208793495805,1.8283334476824038,31,7.489611529450237,Bern,temperature_celsius
2024-09,4.560355606273175,-3.846853806224399,-0.06740236661045582,1.8866956043709358,30,8.407209412497574,Bern,temperature_celsius
2024-10,3.912011024727647,-2.974193396823206,-0.13200178337270307,1.5333377393541854,31,6.886204421550853,Bern,temperature_celsius
2024-11,3.1292313811115355,-3.053387336776792,-0.08669034016088065,1.3080286036181379,30,6.182618717888328,Bern,temperature_celsius
2024-12,2.90458183007993,-2.728123883888708,-0.0048496605852535865,1.3329406313359677,31,5.6327057139686385,Bern,temperature_celsius
2025-01,2.6337196792046065,-3.315263203539304,0.03947303802442811,1.3683836014350825,31,5.948982882743911,Bern,temperature_celsius
2025-02,2.124445799252716,-3.051294682072895,0.00283615884018413,1.513762187230011,28,5.175740481325612,Bern,temperature_celsius
2025-03,2.34248871216259,-3.0018602141094792,-0.025073982604721632,1.331916704818929,31,5.344348926272069,Bern,temperature_celsius
2025-04,2.1251071725881205,-3.1316942955013265,-0.03172806405829024,1.2813026847262463,30,5.2568014680894475,Bern,temperature_celsius
2025-05,3.538058220163089,-2.92752812012364,0.13385486894890303,1.6596441214902138,31,6.465586340286729,Bern,temperature_celsius
2025-06,3.494326538945128,-4.181601221140125,-0.03864940200580104,1.737746453468791,30,7.675927760085253,Bern,temperature_celsius
2025-07,3.785023800774467,-4.898762036541901,0.0457831397214052,1.647676866030944,31,8.683785837316368,Bern,temperature_celsius
2025-08,3.576967301842844,-4.97738583819771,-0.005445272398400164,1.6254675363856328,31,8.554353140040554,Bern,temperature_celsius
2025-09,2.6308017206190963,-4.289416779248113,0.011005587142736854,1.6396587783780736,30,6.920218499867209,Bern,temperature_celsius
2025-10,2.126677683378353,-3.0314220627412505,-0.044272832788960895,1.3342333271361528,31,5.158099746119603,Bern,temperature_celsius
2025-11,2.0832955637739934,-3.921840428312627,0.025236404755194404,1.2766789404360492,30,6.00513599208662,Bern,temperature_celsius
2025-12,2.5146480421407027,-4.199863080157401,-0.031713905689048215,1.4279763941283599,31,6.714511122298104,Bern,temperature_celsius
2026-01,2.759638282383822,-3.3724221562019965,-0.08719482225560951,1.6122242752805065,31,6.132060438585818,Bern,temperature_celsius
2026-02,3.4384587752971107,-3.2618699918737373,0.10357380237039872,1.5918582744220418,28,6.7003287671708485,Bern,temperature_celsius
2026-03,3.811489746109536,-2.891469635047334,-0.058269666712626254,1.5950247947096723,31,6.7029593811568695,Bern,temperature_celsius
2026-04,4.084395513981983,-3.303098379101935,-0.05463897909863893,1.7763988579603829,30,7.387493893083918,Bern,temperature_celsius
2026-05,4.373286473029331,-4.886385850976234,0.3716232014095347,2.510004911855598,15,9.259672324005564,Bern,temperature_celsius
2024-05,26.60944927893438,-20.896660084736585,1.3610372174845757,15.11299516396454,16,47.506109363670966,Bern,humidity
2024-06,18.482843529288743,-17.6029755567868,0.0016865624389392172,10.798511540251848,30,36.085819086075546,Bern,humidity
2024-07,14.648454092625151,-12.398305933580865,-0.10050728794770104,7.929944886344768,31,27.046760026206016,Bern,humidity
2024-08,15.533903642900809,-9.029948161320352,-0.3026614049896728,6.866363933590414,31,24.56385180422116,Bern,humidity
2024-09,21.126760098018025,-8.767939272180236,0.35395851463524847,7.349871805270319,30,29.89469937019826,Bern,humidity
2024-10,18.50675691417528,-9.41132002453831,0.4384560359585047,7.553065623239559,31,27.91807693871359,Bern,humidity
2024-11,14.754447514001347,-14.86904829535994,0.4043012797612715,8.162407334285026,30,29.623495809361287,Bern,humidity
2024-12,15.850865030359952,-28.1181749947055,-0.19258971258672233,9.781993874690478,31,43.96904002506545,Bern,humidity
2025-01,16.165227723364517,-22.222651249619048,-0.06760351130236042,9.378847738558747,31,38.387878972983565,Bern,humidity
2025-02,14.87415863293288,-19.086272773998367,0.5009287432519984,9.051929017676084,28,33.96043140693125,Bern,humidity
2025-03,15.509564672307231,-21.740719474203864,-0.5747575171919227,8.13198354807101,31,37.25028414651109,Bern,humidity
2025-04,15.211408769789973,-11.957018786031202,-0.3528661943232446,6.589003002611674,30,27.168427555821175,Bern,humidity
2025-05,13.854063850233551,-12.502724142883723,-0.47580597305809974,6.925321601426145,31,26.356787993117273,Bern,humidity
2025-06,13.25939970513022,-13.099177930418582,0.068653965733351,6.916412105092916,30,26.3585776355488,Bern,humidity
2025-07,12.8094708762974,-11.17559622506036,-0.13455871537544287,6.224242233779493,31,23.98506710135776,Bern,humidity
2025-08,14.947188605571403,-9.896323975223565,-0.17809351767148066,5.43784780872754,31,24.843512580794968,Bern,humidity
2025-09,13.022675394497904,-8.279164299696701,-0.08369707117054051,4.427595050519655,30,21.301839694194605,Bern,humidity
2025-10,7.61787241549877,-7.169326345411501,0.05938813920123533,3.1613043435862256,31,14.787198760910272,Bern,humidity
2025-11,4.811249022456773,-4.440850205403767,-0.02067936797693896,2.139881809450935,30,9.25209922786054,Bern,humidity
2025-12,3.522948610208955,-4.649853100066548,0.07468779257960606,2.2030853362159544,31,8.172801710275504,Bern,humidity
2026-01,4.112193378327271,-5.252609901876181,-0.009515251417612393,2.5430866912672854,31,9.364803280203454,Bern,humidity
2026-02,5.645961654333076,-5.839041696252093,-0.2878983803002537,3.0225137930417354,28,11.48500335058517,Bern,humidity
2026-03,7.343021855255396,-10.499266935603904,-0.11789352514435726,4.282294728330889,31,17.8422887908593,Bern,humidity
2026-04,9.155593464333494,-16.430888938807833,-0.23800124599135838,6.155244836957182,30,25.586482403141325,Bern,humidity
2026-05,12.983576974816742,-22.490849735676765,1.53264234715504,9.001880613011494,15,35.4744267104935,Bern,humidity
2024-05,3.40292803759938,-8.462594766504013,-1.3103709155957373,3.5716362426923545,16,11.865522804103392,Bern,pressure_mb
2024-06,9.074053760305144,-5.777864256724223,0.1621169329840683,2.6954954017002657,30,14.851918017029368,Bern,pressure_mb
2024-07,4.711639984191383,-3.044472296386873,0.2044144435413139,1.8130595805946068,31,7.7561122805782565,Bern,pressure_mb
2024-08,3.8620025185604505,-3.009527316653481,0.2429672802458082,2.0852639751953403,31,6.871529835213932,Bern,pressure_mb
2024-09,4.683324394550043,-7.027111292647657,0.03574695658452864,3.075815475696518,30,11.7104356871977,Bern,pressure_mb
2024-10,5.782473366866317,-11.789127624616167,0.07618843361304657,4.300221423422722,31,17.571600991482484,Bern,pressure_mb
2024-11,7.555768314093668,-14.182288859649764,-0.022561969867024374,5.577800871492055,30,21.73805717374343,Bern,pressure_mb
2024-12,7.6311312047766995,-16.066570420323476,-0.12981425776768754,6.029062194798957,31,23.697701625100176,Bern,pressure_mb
2025-01,7.345924985921421,-12.392282312074068,-0.11189072666837817,5.334817085087171,31,19.738207297995487,Bern,pressure_mb
2025-02,6.978524085658004,-12.721910537437177,-0.5909497282235215,4.824296673541739,28,19.70043462309518,Bern,pressure_mb
2025-03,5.589661794748417,-11.213378949040916,0.19613728179570392,4.409926969365593,31,16.80304074378933,Bern,pressure_mb
2025-04,6.487003781057601,-8.970889540551527,0.21017763619656205,3.857654066395346,30,15.457893321609127,Bern,pressure_mb
2025-05,6.046334368185589,-5.946751414727272,0.1295669093068004,3.006868620281831,31,11.99308578291286,Bern,pressure_mb
2025-06,3.996234817166897,-4.503227393127963,-0.1893679421777978,2.1633482312028343,30,8.49946221029486,Bern,pressure_mb
2025-07,3.3611648856685017,-5.021135338771932,-0.26413889103667826,1.9490769685789697,31,8.382300224440435,Bern,pressure_mb
2025-08,3.9787101106009617,-6.163653323234152,-0.2829452002587814,2.437089002910797,31,10.142363433835115,Bern,pressure_mb
2025-09,4.853789185279124,-6.761962528319562,-0.05040528510292582,3.2061100398564295,30,11.615751713598687,Bern,pressure_mb
2025-10,6.44324977825638,-7.29560353049176,0.13635541789862038,3.815018375622951,31,13.73885330874814,Bern,pressure_mb
2025-11,6.130983047063635,-10.043714791925282,0.2596706423849983,4.57333623651563,30,16.17469783898892,Bern,pressure_mb
2025-12,7.614048256070119,-12.527130516221533,0.2852328154213118,5.1145133176340885,31,20.141178772291653,Bern,pressure_mb
2026-01,7.03204360643126,-12.505004382522928,0.07926084415381875,4.7310384995801105,31,19.53704798895419,Bern,pressure_mb
2026-02,5.365764585068333,-8.578066006792477,-0.30228367520247096,3.5967712235650913,28,13.94383059186081,Bern,pressure_mb
2026-03,5.171310855649078,-4.75258342150525,0.10823241699514531,2.9120072825724965,31,9.923894277154329,Bern,pressure_mb
2026-04,7.305896035156038,-6.378168623253905,-0.07182001230685126,3.167011712379114,30,13.684064658409943,Bern,pressure_mb
2026-05,7.224316965542996,-8.938063391932513,-1.3339725953720172,5.25723622818793,15,16.16238035747551,Bern,pressure_mb
2024-05,0.9220888602810432,-0.2832607880693539,0.0007265908769375209,0.3223075745022683,16,1.2053496483503972,Bern,precip_mm
2024-06,1.3613431845031865,-0.2141564215181774,-0.00443986575802521,0.3395278268726667,30,1.575499606021364,Bern,precip_mm
2024-07,1.3614458518697248,-0.1764716519643566,-0.008054877797062907,0.30506362067528436,31,1.5379175038340813,Bern,precip_mm
2024-08,1.3637063502615587,-0.1385196379636427,-0.008442956492374611,0.2843757489978471,31,1.5022259882252014,Bern,precip_mm
2024-09,1.3603917809184096,-0.1185292350229388,-0.0017490498251355813,0.28036761246939973,30,1.4789210159413484,Bern,precip_mm
2024-10,1.356057397758559,-0.0864793554632011,0.0044386941945443945,0.2703596962707777,31,1.4425367532217601,Bern,precip_mm
2024-11,0.6738142469908641,-0.0571049274318684,0.009622547448522107,0.14559016723515128,30,0.7309191744227326,Bern,precip_mm
2024-12,0.4456663380267378,-0.0351310557883241,0.001235634390971884,0.0885228816094965,31,0.48079739381506187,Bern,precip_mm
2025-01,0.6850074798981077,-0.0339825666682176,0.0043170111182659,0.1313207841138066,31,0.7189900465663254,Bern,precip_mm
2025-02,0.4550761217901515,-0.0344568652774203,0.0014555218671950542,0.10414197028333287,28,0.4895329870675718,Bern,precip_mm
2025-03,0.254992114315441,-0.0342168057068174,-0.0053144469408623095,0.07326015571136787,31,0.2892089200222584,Bern,precip_mm
2025-04,0.2520054440506652,-0.0337399313986217,-0.006190050606426929,0.06329124303747312,30,0.2857453754492869,Bern,precip_mm
2025-05,0.3634238017757709,-0.0412345521726157,-0.002722743992680324,0.09014076675093619,31,0.40465835394838656,Bern,precip_mm
2025-06,0.5547528759306105,-0.0482219228723474,-0.0007461655866539632,0.12497002453922706,30,0.6029747988029579,Bern,precip_mm
2025-07,0.5553570857653108,-0.0504914567826865,0.0019008536816004014,0.1267368567262531,31,0.6058485425479974,Bern,precip_mm
2025-08,0.630036988318724,-0.0495639122846587,0.011655071550847928,0.162202070673626,31,0.6796009006033827,Bern,precip_mm
2025-09,0.9755065538611192,-0.0600238860593622,0.007780694548470785,0.19541968914583666,30,1.0355304399204814,Bern,precip_mm
2025-10,1.3138256288412775,-0.0828179450181731,0.002414969689479709,0.2575612459861125,31,1.3966435738594507,Bern,precip_mm
2025-11,0.8723181748130038,-0.0740893705262902,-0.005736335668409971,0.18580191173281665,30,0.9464075453392939,Bern,precip_mm
2025-12,0.4651701741210405,-0.0503048199521148,-0.006448777938967452,0.11797768842286009,31,0.5154749940731553,Bern,precip_mm
2026-01,0.4023714835021909,-0.0314595958343345,-0.0051706684482500645,0.07700273146464076,31,0.43383107933652537,Bern,precip_mm
2026-02,0.1528524007189413,-0.01872224357617,-0.0030774310201542652,0.03803564681496476,28,0.1715746442951113,Bern,precip_mm
2026-03,0.1325758030101171,-0.017994333166772,-0.00034968684700438377,0.03293762644184957,31,0.15057013617688908,Bern,precip_mm
2026-04,0.1652649784682468,-0.0203432137002881,-0.0008794965679328234,0.0400105013969465,30,0.1856081921685349,Bern,precip_mm
2026-05,0.1975410271932812,-0.0213130261140245,0.015646326516609247,0.06423284336089012,15,0.2188540533073057,Bern,precip_mm
2024-05,9.772567554626336,-5.681969295248569,0.5897212409147828,4.915498654657057,16,15.454536849874906,Bern,wind_kph
2024-06,7.4558435706501935,-6.268129608081669,-0.09464542454150789,3.6635657084731963,30,13.723973178731862,Bern,wind_kph
2024-07,7.127854933494767,-4.718085356407444,-0.11327659656444274,2.9332508636966734,31,11.845940289902211,Bern,wind_kph
2024-08,6.958189817237496,-3.768290867849957,0.12244280780203692,2.815923849412395,31,10.726480685087454,Bern,wind_kph
2024-09,7.283837232724108,-2.7532225770521848,-0.06820936428516555,2.3155005399382085,30,10.037059809776292,Bern,wind_kph
2024-10,9.220497609433476,-2.175076931744376,-0.09509778953396417,2.3389082466513518,31,11.395574541177853,Bern,wind_kph
2024-11,8.87739993038573,-1.311135560549172,-0.036611264953432025,2.1714930700706385,30,10.188535490934902,Bern,wind_kph
2024-12,6.983188162867586,-1.3663781818466778,-0.04251989376337359,1.886496291010386,31,8.349566344714264,Bern,wind_kph
2025-01,5.2410442901461,-1.2376875425622345,0.033035842796407866,1.663899433014845,31,6.478731832708334,Bern,wind_kph
2025-02,4.223526688601306,-1.2859601840393835,-0.015726783393740958,1.7148976983594244,28,5.509486872640689,Bern,wind_kph
2025-03,5.05308051049454,-1.7178267390547732,-0.07916165894349542,1.647178680807153,31,6.770907249549314,Bern,wind_kph
2025-04,5.473880002637271,-2.73725836669588,-0.03164021079295819,1.9071084194946377,30,8.21113836933315,Bern,wind_kph
2025-05,5.656686279251263,-2.970736621793132,-0.09459491967860975,2.1204267812973105,31,8.627422901044394,Bern,wind_kph
2025-06,6.030422616888261,-2.419900796678188,0.05365741619520141,2.0675305974991978,30,8.45032341356645,Bern,wind_kph
2025-07,6.829616133903975,-1.650810729814999,0.04332576668705255,1.942766992793655,31,8.480426863718973,Bern,wind_kph
2025-08,6.50185213781703,-1.7783673003456215,0.00026397331403143863,1.829237699164117,31,8.280219438162652,Bern,wind_kph
2025-09,5.388159934381254,-1.7850943712963327,0.0667893426640168,1.6004594592579424,30,7.173254305677586,Bern,wind_kph
2025-10,3.75872798518406,-1.6547195541580746,0.07024944264653828,1.227005142544128,31,5.413447539342135,Bern,wind_kph
2025-11,2.093039899088146,-1.4268960267175943,0.04185798943273629,0.9433659609623903,30,3.51993592580574,Bern,wind_kph
2025-12,1.8689163947092309,-1.1769388029505268,0.014675127938278772,0.7614769162294269,31,3.0458551976597574,Bern,wind_kph
2026-01,2.555243524818745,-1.0936606425243214,0.016004675202985815,0.7942523496824886,31,3.6489041673430664,Bern,wind_kph
2026-02,2.59529081728113,-0.9683990149942986,0.05661952493789665,0.7536760494287772,28,3.5636898322754287,Bern,wind_kph
2026-03,2.3958230577183066,-0.856590441784504,0.02785656440150908,0.732758734967907,31,3.2524134995028104,Bern,wind_kph
2026-04,2.3517989623897506,-0.9009774735954408,0.031452557869249526,0.933813579988246,30,3.2527764359851914,Bern,wind_kph
2026-05,0.7918558832962448,-1.1065489435270304,-0.4279985786724634,0.4566706258548047,15,1.8984048268232752,Bern,wind_kph
2024-05,2.178483750374245,-2.192627563587213,-0.06565299185233074,1.3503986715920147,16,4.371111313961458,Bern,air_quality_PM2.5
2024-06,1.9674297053149687,-1.4635373689483886,0.03998638686871676,0.9815295880663641,30,3.430967074263357,Bern,air_quality_PM2.5
2024-07,1.76803387562661,-1.753229099267443,0.026383534043677742,0.9302717075144785,31,3.521262974894053,Bern,air_quality_PM2.5
2024-08,2.654357020664125,-2.066500551145627,0.008467459615570562,1.3326299970924929,31,4.720857571809752,Bern,air_quality_PM2.5
2024-09,5.2198918938312175,-3.2601947948728016,-0.0994063376602503,2.0893129020226198,30,8.48008668870402,Bern,air_quality_PM2.5
2024-10,11.075539280410784,-5.445603810053956,0.042270163439023956,3.4551691261222937,31,16.52114309046474,Bern,air_quality_PM2.5
2024-11,18.0548228150938,-7.368782992252015,0.11938344917964562,5.486618627786664,30,25.423605807345815,Bern,air_quality_PM2.5
2024-12,20.761095803105835,-9.193031171684838,-0.13326767521247251,6.289434545021649,31,29.954126974790675,Bern,air_quality_PM2.5
2025-01,20.746948906059888,-8.554429527030505,-0.2894827316638572,6.497195087451894,31,29.30137843309039,Bern,air_quality_PM2.5
2025-02,19.95281837791581,-9.490934411816133,-0.13566946137120411,6.415684129822077,28,29.443752789731946,Bern,air_quality_PM2.5
2025-03,18.21820659207632,-7.973217860772602,-0.04439624325014931,5.057000204611409,31,26.19142445284892,Bern,air_quality_PM2.5
2025-04,17.238421026252603,-5.304552857228955,0.21010652879209252,4.315729917658894,30,22.542973883481558,Bern,air_quality_PM2.5
2025-05,15.261330689445382,-6.162668464554549,0.18196631415073927,4.028171467758213,31,21.42399915399993,Bern,air_quality_PM2.5
2025-06,11.177256030380638,-5.951991414124455,0.16099257146985183,3.770795134576041,30,17.129247444505094,Bern,air_quality_PM2.5
2025-07,8.48346352857426,-4.929937434634533,0.05195496001964221,3.5089740001267797,31,13.413400963208794,Bern,air_quality_PM2.5
2025-08,7.972957638938467,-5.742310390849267,-0.22300188470036275,3.4951889701477987,31,13.715268029787733,Bern,air_quality_PM2.5
2025-09,7.642420280490048,-5.500291400734661,-0.08413073781278106,3.374998115463345,30,13.142711681224709,Bern,air_quality_PM2.5
2025-10,7.347816669191843,-4.46782602551855,-0.09155802841103043,3.044237176162362,31,11.815642694710393,Bern,air_quality_PM2.5
2025-11,5.558213786365158,-3.751097059824137,0.1392534533968779,2.1956773341221587,30,9.309310846189295,Bern,air_quality_PM2.5
2025-12,3.14376091042358,-2.154623958539823,0.12375259304319618,1.5152971750323607,31,5.298384868963403,Bern,air_quality_PM2.5
2026-01,2.954069335304431,-3.263191067174151,-0.027526108495838718,1.5806427083035386,31,6.217260402478582,Bern,air_quality_PM2.5
2026-02,3.691311820125193,-3.645237088248417,0.12069055363803148,1.873889035136126,28,7.33654890837361,Bern,air_quality_PM2.5
2026-03,3.3118802028849537,-3.734687050336404,-0.03906437666206259,2.0939660082491773,31,7.046567253221358,Bern,air_quality_PM2.5
2026-04,5.460469303299129,-4.145549314140234,0.03991237108310193,2.6886553269507583,30,9.606018617439362,Bern,air_quality_PM2.5
2026-05,2.1991851056648586,-5.192864049955404,-1.450490558346227,2.5456829048783067,15,7.392049155620263,Bern,air_quality_PM2.5
2024-05,3.688212962594997,-2.456829963052928,-0.09397190066135275,1.7911499264329558,16,6.145042925647925,Bern,air_quality_PM10
2024-06,2.820078554377196,-1.7770735670453963,0.06866625230977301,1.1604671279032408,30,4.597152121422592,Bern,air_quality_PM10
2024-07,2.884310942063832,-2.135371842498408,0.09114316131852904,1.217208361753763,31,5.0196827845622405,Bern,air_quality_PM10
2024-08,4.425068790660171,-2.900370604773814,0.12612040887343007,1.884443634250018,31,7.3254393954339845,Bern,air_quality_PM10
2024-09,7.907499297997001,-4.295201713600815,-0.09716227093832588,2.7859201908245055,30,12.202701011597817,Bern,air_quality_PM10
2024-10,10.956029765395892,-6.700209319147731,0.08863239266053022,3.9048406571827954,31,17.65623908454362,Bern,air_quality_PM10
2024-11,14.934071712831816,-8.79971829697545,0.10760584751176043,5.576734026952436,30,23.733790009807265,Bern,air_quality_PM10
2024-12,12.9124956439385,-10.69773375113865,-0.20506062425925795,6.170433742829391,31,23.61022939507715,Bern,air_quality_PM10
2025-01,11.911451607303052,-9.308118925118938,-0.2548534797903026,6.523119172933659,31,21.21957053242199,Bern,air_quality_PM10
2025-02,13.594262946354805,-13.00371178468054,-0.13173074590887174,6.828547775711731,28,26.597974731035343,Bern,air_quality_PM10
2025-03,11.997157797591711,-10.757157825783151,-0.053965884405169244,5.4477642270069495,31,22.754315623374865,Bern,air_quality_PM10
2025-04,12.687790747998946,-7.017277362834981,0.191837902208611,4.750924432096099,30,19.705068110833928,Bern,air_quality_PM10
2025-05,13.796999640027211,-9.079672928856056,0.09907137535726186,4.495479360189353,31,22.876672568883265,Bern,air_quality_PM10
2025-06,12.678539312136571,-7.867215559242621,0.1671762581283848,4.456072918654997,30,20.54575487137919,Bern,air_quality_PM10
2025-07,12.017146720626387,-7.345881487090126,-0.010577693874467175,4.481126850184411,31,19.363028207716514,Bern,air_quality_PM10
2025-08,12.21456932759714,-8.728852660298331,-0.2756243315283277,4.706397202062931,31,20.94342198789547,Bern,air_quality_PM10
2025-09,10.99533205462286,-7.900851528674032,-0.10124942146521984,4.624433596847443,30,18.896183583296892,Bern,air_quality_PM10
2025-10,8.946620000121548,-6.388063595997623,-0.011029669895090046,3.9583377843102654,31,15.33468359611917,Bern,air_quality_PM10
2025-11,5.177315876711812,-4.597413419582727,0.15632972725178534,2.719428471946555,30,9.774729296294538,Bern,air_quality_PM10
2025-12,3.3350090966421915,-2.8943650541202603,0.1170061193706195,1.8228341436047781,31,6.229374150762451,Bern,air_quality_PM10
2026-01,4.391074678847802,-4.164873896033696,-0.019985938458588832,1.9504384773653822,31,8.555948574881498,Bern,air_quality_PM10
2026-02,5.150702400275472,-4.042292112074372,0.12132310095498425,2.2376787389059496,28,9.192994512349845,Bern,air_quality_PM10
2026-03,4.561821393881419,-4.374157194517597,-0.07688971466254925,2.4954548166529227,31,8.935978588399017,Bern,air_quality_PM10
2026-04,8.455223911592231,-4.53034796779347,0.010278535310088916,3.316338162165477,30,12.985571879385702,Bern,air_quality_PM10
2026-05,1.9818990972645991,-6.038336121987225,-1.7132503645262838,2.668147224007152,15,8.020235219251823,Bern,air_quality_PM10
2024-05,18.62377289663811,-19.90658948472365,0.6901090578851907,10.443513157343643,16,38.530362381361755,Bern,air_quality_Carbon_Monoxide
2024-06,12.166077116519034,-14.033714635317782,0.022455456678046944,5.911349495840762,30,26.199791751836816,Bern,air_quality_Carbon_Monoxide
2024-07,16.713706551468505,-11.113860281453936,-0.4076611021391212,6.504452577006119,31,27.827566832922443,Bern,air_quality_Carbon_Monoxide
2024-08,20.948584744175815,-18.999077574886712,-0.7761846341566189,10.798464137381115,31,39.94766231906253,Bern,air_quality_Carbon_Monoxide
2024-09,32.40550256891706,-31.435899901467685,-0.4398268990714283,16.530873224588998,30,63.84140247038474,Bern,air_quality_Carbon_Monoxide
2024-10,55.54285418135221,-51.406504889114494,0.581272645579283,25.638863973219205,31,106.9493590704667,Bern,air_quality_Carbon_Monoxide
2024-11,93.954125085431,-67.78612576149041,0.9272066334995201,36.48966417150169,30,161.7402508469214,Bern,air_quality_Carbon_Monoxide
2024-12,83.43585704638566,-97.31025422581232,-1.5927941409427877,40.03605633336292,31,180.746111272198,Bern,air_quality_Carbon_Monoxide
2025-01,90.93208863674695,-95.3887060539988,-2.4647615762921595,43.926001455060664,31,186.32079469074574,Bern,air_quality_Carbon_Monoxide
2025-02,132.6491940833174,-58.93995221929524,2.9022450420944943,41.28328208165367,28,191.58914630261265,Bern,air_quality_Carbon_Monoxide
2025-03,54.83601759235752,-50.29468788721189,-0.1193385955624234,25.6340202321971,31,105.13070547956941,Bern,air_quality_Carbon_Monoxide
2025-04,35.23769985664224,-38.04804913399144,0.7379502344671752,17.396136241375295,30,73.28574899063368,Bern,air_quality_Carbon_Monoxide
2025-05,48.886827893656566,-27.698363921582228,0.22689420513603908,16.93231934402055,31,76.5851918152388,Bern,air_quality_Carbon_Monoxide
2025-06,46.40778586342322,-30.58101274325593,0.9457188759557551,17.325679910843554,30,76.98879860667915,Bern,air_quality_Carbon_Monoxide
2025-07,36.07914429727004,-29.23897369224121,0.6664168950870846,19.306747620104243,31,65.31811798951125,Bern,air_quality_Carbon_Monoxide
2025-08,53.66622487555416,-36.64095451724072,0.1562480655554324,22.011679888672475,31,90.30717939279488,Bern,air_quality_Carbon_Monoxide
2025-09,64.28110207553911,-36.09871864509632,0.38014504425029233,22.30034775096234,30,100.37982072063542,Bern,air_quality_Carbon_Monoxide
2025-10,76.0636548143756,-49.74959460344451,-0.7891149623501525,23.847583972384996,31,125.8132494178201,Bern,air_quality_Carbon_Monoxide
2025-11,76.09183026717294,-38.12907212618702,-0.3478271169363506,22.641368997139505,30,114.22090239335995,Bern,air_quality_Carbon_Monoxide
2025-12,57.75228003128253,-31.96168032457437,0.38275472675733796,19.696000226818843,31,89.7139603558569,Bern,air_quality_Carbon_Monoxide
2026-01,38.33132103979033,-26.527095671420405,-0.5105508036234432,15.2727192154395,31,64.85841671121074,Bern,air_quality_Carbon_Monoxide
2026-02,23.21044232355834,-22.656315437792088,0.27157672627002183,11.928833649575262,28,45.86675776135043,Bern,air_quality_Carbon_Monoxide
2026-03,16.39421717255546,-18.858159125770957,-0.01724482754302996,8.827042605163902,31,35.25237629832642,Bern,air_quality_Carbon_Monoxide
2026-04,19.08394161154748,-23.32640387885855,0.1676393748384892,11.271008050768117,30,42.41034549040603,Bern,air_quality_Carbon_Monoxide
2026-05,12.324048060220306,-29.688473546584557,-4.51923428784118,13.123005924842193,15,42.01252160680487,Bern,air_quality_Carbon_Monoxide
2024-05,0.4835984376084677,-0.0161765301222166,0.018525446057650125,0.12404089542484549,16,0.4997749677306843,Bern,visibility_km
2024-06,0.0077336420898213,-0.0084999986220525,-0.00033044768604067326,0.005039727269047987,30,0.0162336407118738,Bern,visibility_km
2024-07,0.0251736235584921,-0.4835463918989657,0.0005217581961806351,0.08998113413281784,31,0.5087200154574578,Bern,visibility_km
2024-08,0.0512084194815679,-0.9657481496571568,0.004342903860026931,0.18020882328303073,31,1.0169565691387248,Bern,visibility_km
2024-09,0.0756436089919713,-1.9161148247212207,-0.0016597291009608568,0.3616335864796968,30,1.991758433713192,Bern,visibility_km
2024-10,0.0793314170442913,-1.9121250757700663,-0.002682910352825916,0.36250735667034284,31,1.9914564928143577,Bern,visibility_km
2024-11,0.0727235979721169,-1.2691153354564453,-0.00148163637632111,0.2691744369188044,30,1.341838933428562,Bern,visibility_km
2024-12,0.0587661016860853,-0.9478123006943552,-0.003682409083270502,0.21242831224046055,31,1.0065784023804405,Bern,visibility_km
2025-01,0.0377054358815872,-0.6407684778304127,0.00349501235153851,0.1197126003686192,31,0.6784739137119999,Bern,visibility_km
2025-02,0.0174758207094987,-0.3680845920780915,-0.001074303919261544,0.07201637212628388,28,0.38556041278759023,Bern,visibility_km
2025-03,0.0079416706838285,-0.0043023878374469,0.002024884929597583,0.003048037697130421,31,0.0122440585212754,Bern,visibility_km
2025-04,0.001578228163149,-0.0024797702064765,-0.00020293181124089916,0.0009539032444366717,30,0.0040579983696255005,Bern,visibility_km
2025-05,0.0043710304365933,-0.0431764007017501,-0.0007028516358182578,0.011462200610716781,31,0.0475474311383434,Bern,visibility_km
2025-06,0.0091250685869659,-0.0921161377719902,-0.0046959552738385126,0.02583199105967402,30,0.10124120635895609,Bern,visibility_km
2025-07,0.3766605125380526,-0.8810977782195838,0.025501959442136825,0.22076260870785586,31,1.2577582907576363,Bern,visibility_km
2025-08,1.5528168341310984,-1.4306768771410818,0.09939623162694032,0.5146648750565124,31,2.98349371127218,Bern,visibility_km
2025-09,3.3854269518890856,-4.231039709954596,0.13951619013378946,1.5194204458970775,30,7.616466661843682,Bern,visibility_km
2025-10,4.753266679202296,-8.414254055427575,0.070463134089416,2.598616060813545,31,13.167520734629871,Bern,visibility_km
2025-11,3.715442074947632,-8.72633552192117,0.0650729075712121,2.820704679168271,30,12.441777596868802,Bern,visibility_km
2025-12,2.932326089589979,-7.167399279743688,-0.15346761442047227,3.7505280802724834,31,10.099725369333667,Bern,visibility_km
2026-01,2.8085014141987905,-13.759081415869517,-0.13316311293124108,4.3783622062812,31,16.567582830068307,Bern,visibility_km
2026-02,2.2684823591244343,-8.038487812497168,0.07956518089125753,2.3997429161465953,28,10.306970171621602,Bern,visibility_km
2026-03,2.34455348800523,-9.433725672396822,-0.08000819485267655,2.54348102577441,31,11.778279160402052,Bern,visibility_km
2026-04,2.598571724115115,-7.71225460068156,0.04703588902805177,1.8240712215626813,30,10.310826324796675,Bern,visibility_km
2026-05,2.61352970701627,-7.410563316421104,-0.2369967469013142,2.618372226939681,15,10.024093023437374,Bern,visibility_km
2024-05,2.1125258087475025,-1.383694771328382,-0.039268868917749125,0.8725554030160068,16,3.4962205800758843,Bern,uv_index
2024-06,1.5410967463634977,-1.5235070107879598,-0.011658378275081437,0.6256107566573047,30,3.0646037571514575,Bern,uv_index
2024-07,1.1677417513256636,-0.8844964977983676,0.02436872192406349,0.5290292523088693,31,2.052238249124031,Bern,uv_index
2024-08,2.002900772035018,-0.8469426961487634,0.04273266806463111,0.5699274875674271,31,2.8498434681837814,Bern,uv_index
2024-09,1.5264751282291928,-1.319875232140319,-0.01667026716909344,0.6117855449622712,30,2.846350360369512,Bern,uv_index
2024-10,1.0969960350529036,-0.8170700698150895,-0.027745832657327118,0.47493801433901445,31,1.914066104867993,Bern,uv_index
2024-11,0.6670831789894583,-0.5781569017382658,-0.020680626516495427,0.2855577852679805,30,1.2452400807277242,Bern,uv_index
2024-12,0.3792060657420569,-0.5222469162626101,-0.008943379600456639,0.18138397584605626,31,0.9014529820046671,Bern,uv_index
2025-01,0.4618133348868278,-0.564596202915788,-0.015325803335410617,0.22254304212096865,31,1.026409537802616,Bern,uv_index
2025-02,0.4127050899257654,-0.7598782205572545,-0.03294304449107062,0.36585653717703776,28,1.17258331048302,Bern,uv_index
2025-03,0.6820487367396554,-1.2000992073852803,0.0122026772799508,0.5247990892080615,31,1.8821479441249358,Bern,uv_index
2025-04,0.9716663842092046,-1.674088032027604,-0.013988545343521626,0.780078547636625,30,2.6457544162368087,Bern,uv_index
2025-05,1.4056069617480156,-2.656449306850598,0.0377822584443104,0.8747320465445899,31,4.062056268598614,Bern,uv_index
2025-06,1.061476576120114,-2.2950326466658355,-0.015204551312717715,0.7800885506444648,30,3.3565092227859497,Bern,uv_index
2025-07,0.8066605160092349,-1.77321033330559,0.03212939633551832,0.6057861029166816,31,2.579870849314825,Bern,uv_index
2025-08,0.5161799933200942,-1.3418531618586735,-0.0040447164712480365,0.46694429218615296,31,1.8580331551787679,Bern,uv_index
2025-09,0.3924133357610905,-0.9032138659668334,-0.00037062788162045606,0.3612041083008599,30,1.2956272017279238,Bern,uv_index
2025-10,0.2733009965900784,-0.6692975426080742,0.0007458449592242618,0.25193572169781636,31,0.9425985391981526,Bern,uv_index
2025-11,0.2394084188733881,-0.4146901119295157,0.003320683512524421,0.14543088686989597,30,0.6540985308029038,Bern,uv_index
2025-12,0.1061026905525936,-0.165920689727851,0.0020986022751719874,0.05531318377476276,31,0.2720233802804446,Bern,uv_index
2026-01,0.0384750244726783,-0.0120288730778777,-7.133649956687095e-05,0.011314970411630387,31,0.050503897550556,Bern,uv_index
2026-02,0.0736472254549562,-0.0334495663121022,-2.343788588916043e-05,0.02420608288682723,28,0.10709679176705839,Bern,uv_index
2026-03,0.1099939906124953,-0.0858158607330971,0.0005724010839441777,0.04499123966644836,31,0.19580985134559242,Bern,uv_index
2026-04,0.1519010003877912,-0.1670099505212877,0.0001059859437547874,0.0749376603180309,30,0.3189109509090789,Bern,uv_index
2026-05,0.1898115991909965,-0.2530847416703398,-0.023078267219176066,0.12204811427146163,15,0.4428963408613363,Bern,uv_index
2024-05,2.295877574795939,-1.2256142614938654,0.8063609513415378,1.1862873899372957,16,3.5214918362898042,Suva,temperature_celsius
2024-06,1.8413040385339692,-4.317195379457171,-0.03761930155239971,1.4216826814489814,30,6.15849941799114,Suva,temperature_celsius
2024-07,1.3853820067240858,-3.117320903113279,-0.04283758599692423,1.035401386550135,31,4.502702909837365,Suva,temperature_celsius
2024-08,1.3908095641201064,-1.965809762951208,-0.01023916582876171,0.7671404709048746,31,3.3566193270713143,Suva,temperature_celsius
2024-09,1.3292789638274536,-1.0142034681231686,-0.0001392954924729517,0.593622783645192,30,2.3434824319506222,Suva,temperature_celsius
2024-10,0.9802266668575252,-1.227260702692919,-0.011813743421541963,0.4946522769899094,31,2.207487369550444,Suva,temperature_celsius
2024-11,0.7968445239852506,-1.125706456321378,-5.4402044261710655e-05,0.523068109872178,30,1.9225509803066285,Suva,temperature_celsius
2024-12,0.9801002261717436,-1.2425520765354852,-0.013972232046542037,0.6332879947993537,31,2.2226523027072287,Suva,temperature_celsius
2025-01,0.9904333661472814,-1.3829261594160722,-0.04492227137984132,0.6554033693235113,31,2.3733595255633535,Suva,temperature_celsius
2025-02,0.968334878696591,-1.2482058357072947,0.03525919410960338,0.5445243893401818,28,2.2165407144038856,Suva,temperature_celsius
2025-03,0.9987352088614904,-0.9894895168706338,-0.04368329524627968,0.5489273706786071,31,1.9882247257321242,Suva,temperature_celsius
2025-04,1.18816110661597,-1.0362358536543637,-0.014762416963478742,0.5831612577909071,30,2.224396960270334,Suva,temperature_celsius
2025-05,1.1329121842769143,-1.2108813728013916,0.016192124189806693,0.5812720323836271,31,2.343793557078306,Suva,temperature_celsius
2025-06,1.4485088211321544,-1.107120328365054,0.024321255483169005,0.6351156237395491,30,2.555629149497208,Suva,temperature_celsius
2025-07,1.6716149304057746,-1.2089373776441157,0.04495716600038198,0.670656916349135,31,2.8805523080498903,Suva,temperature_celsius
2025-08,1.4664922626340755,-1.1875607954781318,0.012358071767531805,0.6650864246434146,31,2.6540530581122073,Suva,temperature_celsius
2025-09,1.1949494407099743,-1.081279264496568,0.012620370163575423,0.621354611415018,30,2.2762287052065426,Suva,temperature_celsius
2025-10,1.1033601393720602,-1.4941646985584218,-0.004325943579596637,0.573697982291047,31,2.5975248379304823,Suva,temperature_celsius
2025-11,1.082814420318097,-1.830881409546789,0.0022558190121951187,0.6518307289260351,30,2.913695829864886,Suva,temperature_celsius
2025-12,1.9618614686061284,-2.177664642913609,0.0523694452522226,0.9388770709565812,31,4.1395261115197375,Suva,temperature_celsius
2026-01,2.081856130173323,-2.4533239335475225,0.006541031994032049,1.079205879076109,31,4.535180063720846,Suva,temperature_celsius
2026-02,2.0067076345386177,-2.709823915414018,-0.10084358263753705,1.1658062133564036,28,4.716531549952636,Suva,temperature_celsius
2026-03,2.5752156613813,-4.127586855866731,0.0857565311244041,1.3476791463219397,31,6.702802517248031,Suva,temperature_celsius
2026-04,2.7097288043617667,-5.641753334111437,0.008919857445320882,1.5172092487430318,30,8.351482138473203,Suva,temperature_celsius
2026-05,2.753096342787214,-2.263890596624294,-0.07062901113597615,1.2680689083375334,15,5.016986939411508,Suva,temperature_celsius
2024-05,8.112925862826474,-3.3561813357657044,3.284097102085488,3.6445771194606693,16,11.469107198592178,Suva,humidity
2024-06,8.792216043832948,-37.93100103756174,-0.11192979390701767,9.795330874188682,30,46.723217081394694,Suva,humidity
2024-07,7.3161198454232625,-28.052006749634607,-0.5513387072334276,8.120331140490029,31,35.36812659505787,Suva,humidity
2024-08,7.874815396234164,-18.20605455118195,-0.12244998702559615,6.562534826262738,31,26.08086994741611,Suva,humidity
2024-09,6.537684548520256,-12.003950092735902,-0.11273333491803192,5.542366529380208,30,18.54163464125616,Suva,humidity
2024-10,4.9523653732533415,-10.344210483161191,0.027934234255115976,4.101486682492242,31,15.296575856414533,Suva,humidity
2024-11,5.2048013371559225,-8.524078373000913,-0.06569981929886479,3.376269288197418,30,13.728879710156836,Suva,humidity
2024-12,5.820457761416668,-4.900636309708776,0.012211131466866462,3.047264577522618,31,10.721094071125444,Suva,humidity
2025-01,4.996493147973304,-5.589376136717,0.1168031918163134,2.67733430547578,31,10.585869284690304,Suva,humidity
2025-02,4.719906699727706,-5.660679442312717,0.13535296916274778,2.678234065985051,28,10.380586142040423,Suva,humidity
2025-03,4.552020942812749,-6.451161508685072,0.22794896700203804,3.0135345079067952,31,11.003182451497821,Suva,humidity
2025-04,5.064824295306247,-10.222292302000753,0.05811426341880486,3.5138507368690743,30,15.287116597307,Suva,humidity
2025-05,5.565453951954617,-11.430969708008172,0.06387309393081383,3.621581909456258,31,16.99642365996279,Suva,humidity
2025-06,6.208629598194279,-11.797729740969244,-0.10412588825483228,3.971768140584536,30,18.006359339163524,Suva,humidity
2025-07,7.162471941246437,-10.89491875368097,0.0037638918912595676,4.4799003324308,31,18.057390694927406,Suva,humidity
2025-08,9.292322653339673,-9.305327810328482,-0.1667086869206375,4.878303421683758,31,18.597650463668153,Suva,humidity
2025-09,10.432079353190112,-9.22435561899243,-0.011083766611973515,4.764908697491109,30,19.65643497218254,Suva,humidity
2025-10,9.287891129519688,-8.539172670477429,-0.11456204162154349,4.250328795613914,31,17.827063799997116,Suva,humidity
2025-11,9.279635104138563,-8.737256410021901,-0.20517671045607308,4.555503121898078,30,18.016891514160463,Suva,humidity
2025-12,8.508551640243999,-9.097855086664168,-0.23463951261559515,5.302443499428459,31,17.60640672690817,Suva,humidity
2026-01,9.118281174477694,-8.596822298938662,-0.2241332411011327,5.533786136295238,31,17.715103473416356,Suva,humidity
2026-02,11.211673924828274,-7.194551143336378,0.5488723483292488,4.568684128917267,28,18.40622506816465,Suva,humidity
2026-03,9.579484715840918,-8.285513753107073,-0.20426679258324054,4.589532737976384,31,17.86499846894799,Suva,humidity
2026-04,11.127462081595835,-7.956944547502539,0.058139753767694174,5.472984150065736,30,19.084406629098375,Suva,humidity
2026-05,12.805287365531694,-16.014562385099218,-1.62829370765806,8.071615852545591,15,28.81984975063091,Suva,humidity
2024-05,3.2025688551489937,-4.6789391058016925,-0.9522303540144137,1.9571711550614683,16,7.881507960950686,Suva,pressure_mb
2024-06,3.3760987152305697,-4.065105591626934,0.0879940520846075,2.1035882846487004,30,7.441204306857504,Suva,pressure_mb
2024-07,2.9312142702040966,-2.9668485063927355,0.13833290852055574,1.5792725725013805,31,5.8980627765968325,Suva,pressure_mb
2024-08,2.552069308458744,-2.8292549730237533,0.044944687230562747,1.2109540230356644,31,5.381324281482497,Suva,pressure_mb
2024-09,2.233011727461042,-2.190439474701812,-0.019254961130003675,1.1298735115280885,30,4.423451202162854,Suva,pressure_mb
2024-10,1.882418188176893,-2.7697343994515564,-0.07824197266101453,1.2348913585421435,31,4.65215258762845,Suva,pressure_mb
2024-11,1.9477165326801336,-2.738848048966564,-0.009393100249533985,1.1508342493667405,30,4.686564581646698,Suva,pressure_mb
2024-12,1.800634817423038,-1.9367487401073624,-0.021593090797741587,0.9408458585254154,31,3.7373835575304004,Suva,pressure_mb
2025-01,1.3632015803890598,-1.577374629018086,0.08872901300216418,0.828517089293691,31,2.940576209407146,Suva,pressure_mb
2025-02,1.5408634829539958,-1.7788446475010915,0.003395608024221825,0.9261110235733063,28,3.319708130455087,Suva,pressure_mb
2025-03,1.7940146490537885,-1.458210285072697,-0.0627229450763273,0.8987771899713809,31,3.2522249341264855,Suva,pressure_mb
2025-04,1.7148871217412274,-1.405292284618257,-0.033501735157402734,0.7667992150537353,30,3.120179406359484,Suva,pressure_mb
2025-05,1.0709409317215095,-1.2669694305241996,0.0005174783371855102,0.7028480056346053,31,2.337910362245709,Suva,pressure_mb
2025-06,1.209476755930793,-1.984814042545612,-0.010177950232081229,0.9157003094694226,30,3.194290798476405,Suva,pressure_mb
2025-07,1.8084173616301455,-2.7636155869247405,0.005937178662686013,1.1728745021755598,31,4.572032948554886,Suva,pressure_mb
2025-08,2.3103864025365835,-3.2455016494288107,0.037318790568131525,1.317907700943098,31,5.555888051965394,Suva,pressure_mb
2025-09,2.327121301151294,-2.950579604148765,0.032772820599568896,1.3284871663084936,30,5.277700905300059,Suva,pressure_mb
2025-10,1.9813738999270576,-2.435843435210453,0.10937439611068397,1.1233468513651206,31,4.417217335137511,Suva,pressure_mb
2025-11,2.0061198022087763,-1.9687980517809889,-0.011737281524820876,1.0411579066388996,30,3.974917853989765,Suva,pressure_mb
2025-12,2.1266363784323365,-1.8494306993419192,-0.07595736148955004,1.0500604656764476,31,3.976067077774256,Suva,pressure_mb
2026-01,2.032293487131463,-1.6417464304672702,-0.06939725190474465,1.0236103680959305,31,3.674039917598733,Suva,pressure_mb
2026-02,1.4916789709532028,-1.590757879705876,0.10728338697965571,0.8177737394880059,28,3.0824368506590787,Suva,pressure_mb
2026-03,2.168172578300473,-1.726823534264985,0.02614328265478516,0.8710407328724564,31,3.894996112565458,Suva,pressure_mb
2026-04,3.4035126330710743,-2.169333711590087,0.04710158764758457,1.2104861941307279,30,5.572846344661161,Suva,pressure_mb
2026-05,4.6363741055764365,-2.744776786647175,-0.31032160246236473,1.6313425759699123,15,7.381150892223611,Suva,pressure_mb
2024-05,0.5261578596417243,-0.1555749985354424,0.022600305698815416,0.18158490627869178,16,0.6817328581771668,Suva,precip_mm
2024-06,0.3395376077250243,-0.105406544250565,-0.003824554633101582,0.09785318292854005,30,0.4449441519755893,Suva,precip_mm
2024-07,0.1585341815543731,-0.0875705792690658,-0.003495258480149616,0.06558447048920156,31,0.2461047608234389,Suva,precip_mm
2024-08,0.2546520662705326,-0.0903622264323791,-0.0016278534252725867,0.08003636258145332,31,0.34501429270291173,Suva,precip_mm
2024-09,0.4141071122301941,-0.1339321108468345,0.004442281836481039,0.13520467130289054,30,0.5480392230770286,Suva,precip_mm
2024-10,0.5832615563607789,-0.1527025438121564,0.00540767085236239,0.18175923920205153,31,0.7359641001729353,Suva,precip_mm
2024-11,0.7207231651265857,-0.1559972816543741,0.004777579900110014,0.19801423382054129,30,0.8767204467809598,Suva,precip_mm
2024-12,0.6095090488962871,-0.1523504360430947,-0.0030425495863838133,0.16586222800664177,31,0.7618594849393818,Suva,precip_mm
2025-01,0.4927147414361311,-0.1227724020135492,-0.006290696266149708,0.15603798165687005,31,0.6154871434496803,Suva,precip_mm
2025-02,0.654256641480203,-0.1204201687492874,0.004185723852624101,0.20672690580500205,28,0.7746768102294904,Suva,precip_mm
2025-03,0.991090307161126,-0.1497982086514852,-0.007459458361657958,0.22854252294562052,31,1.1408885158126112,Suva,precip_mm
2025-04,1.341969050825442,-0.1444568097458968,0.00022019637871513708,0.2789510160608271,30,1.4864258605713387,Suva,precip_mm
2025-05,0.8827295587188059,-0.1060582171413959,-0.0028708254075847273,0.18395192190817683,31,0.9887877758602017,Suva,precip_mm
2025-06,0.4807849877361546,-0.0755983489340365,0.0024065083608295133,0.10928709699447593,30,0.5563833366701911,Suva,precip_mm
2025-07,0.2042629216143036,-0.053008212390176,-0.0006823432156898904,0.050772614883085695,31,0.2572711340044796,Suva,precip_mm
2025-08,0.235353836961813,-0.0476013436397627,2.144851970094499e-05,0.0570605716472999,31,0.2829551806015757,Suva,precip_mm
2025-09,0.3283436845959303,-0.0508078586830059,0.0013760946113202583,0.0777736503696122,30,0.3791515432789362,Suva,precip_mm
2025-10,0.4351786981187802,-0.0925246538852309,0.006002564010560951,0.11516067315341202,31,0.5277033520040111,Suva,precip_mm
2025-11,0.5133049580181173,-0.1646194634561373,0.0020291255876134814,0.1755097157934686,30,0.6779244214742546,Suva,precip_mm
2025-12,0.5710907484790261,-0.2892809112978289,-0.010270086182399128,0.2585148668549412,31,0.8603716597768549,Suva,precip_mm
2026-01,0.8685921204805169,-0.4546565937142475,0.013202935297294084,0.35768201356730883,31,1.3232487141947644,Suva,precip_mm
2026-02,1.3773681524263086,-0.4623153665790509,-0.023108913205040986,0.38770061132695904,28,1.8396835190053595,Suva,precip_mm
2026-03,1.8919698237319476,-0.4528798591257766,-0.018669772583853134,0.4614614009988598,31,2.344849682857724,Suva,precip_mm
2026-04,2.404246006075887,-0.5014894114446263,-0.008296826086277605,0.5681130037526364,30,2.9057354175205132,Suva,precip_mm
2026-05,0.8396546023510517,-0.401741850278257,-0.013860367238892495,0.43854297090952576,15,1.2413964526293086,Suva,precip_mm
2024-05,4.947990988088063,-4.115874865428283,-0.816934061577706,2.2631015719001,16,9.063865853516345,Suva,wind_kph
2024-06,8.478643580977723,-3.8073204169987553,0.15822202154880297,2.4483485120673203,30,12.285963997976477,Suva,wind_kph
2024-07,7.648220166527731,-3.778581479066604,0.16876414544129115,2.421203953545251,31,11.426801645594335,Suva,wind_kph
2024-08,6.80956266454546,-5.914729272067022,0.14581660283788142,2.9336945661655283,31,12.724291936612481,Suva,wind_kph
2024-09,5.467659606319854,-5.753861458845038,0.047340785582233987,3.0203104848446762,30,11.221521065164893,Suva,wind_kph
2024-10,5.472654226453632,-4.538135964418308,-0.038800734879746855,2.67562452013878,31,10.01079019087194,Suva,wind_kph
2024-11,4.329313034366406,-4.884973750237796,-0.046640425890814144,2.374673186908409,30,9.214286784604202,Suva,wind_kph
2024-12,3.3880835426939835,-4.302046621375903,-0.1485319998602337,2.118879538570506,31,7.6901301640698865,Suva,wind_kph
2025-01,2.4287787557885343,-3.758325219778852,-0.08151025730722929,1.874191314652574,31,6.1871039755673864,Suva,wind_kph
2025-02,4.2896568356111615,-4.097716975112421,-0.06948098857860883,2.056671626579562,28,8.387373810723583,Suva,wind_kph
2025-03,4.693784173400081,-4.915394146474793,-0.2829058462646328,2.282113210793849,31,9.609178319874875,Suva,wind_kph
2025-04,3.970904373916224,-5.385388969009635,-0.02058201639704341,2.39803363918779,30,9.35629334292586,Suva,wind_kph
2025-05,3.789739187732454,-4.775385571002221,0.11571603261220768,2.3521073911704233,31,8.565124758734674,Suva,wind_kph
2025-06,3.5962210979422347,-5.449103235612061,0.24111261077451165,2.188617032411806,30,9.045324333554294,Suva,wind_kph
2025-07,4.85277524761339,-5.583729885749802,0.11492548576475815,2.2950214714459025,31,10.436505133363191,Suva,wind_kph
2025-08,3.933348828734899,-5.51070129425282,-0.0459905981104209,2.288260191639044,31,9.444050122987719,Suva,wind_kph
2025-09,5.519059810923972,-5.2256323480027165,0.018877110656607424,2.363377079840757,30,10.74469215892669,Suva,wind_kph
2025-10,4.608824727988965,-3.4481402471698264,0.06589725124567135,2.0435501028156646,31,8.056964975158792,Suva,wind_kph
2025-11,3.418135483985987,-3.389424838600946,0.05038340577599993,1.78070279535775,30,6.807560322586934,Suva,wind_kph
2025-12,3.9596393713524902,-4.099977833360883,0.0003164340142537808,1.6482557838759087,31,8.059617204713373,Suva,wind_kph
2026-01,3.727286672171406,-4.035083597723436,-0.10556851450127475,1.7916852256525488,31,7.762370269894842,Suva,wind_kph
2026-02,3.4836800325092794,-3.264479430591248,0.019055438872191577,2.041588554408058,28,6.748159463100528,Suva,wind_kph
2026-03,3.291693273206204,-5.220586432421082,-0.07499349983894406,2.3193689362870895,31,8.512279705627286,Suva,wind_kph
2026-04,6.445520509523162,-7.204204566248153,-0.09949729691915794,3.2083426382950857,30,13.649725075771315,Suva,wind_kph
2026-05,9.78465789068366,-3.72624214562303,0.963156044948582,3.9539686587648393,15,13.51090003630669,Suva,wind_kph
2024-05,1.050037824947522,-1.2759890772365718,-0.31172334052631273,0.5750545987921343,16,2.326026902184094,Suva,air_quality_PM2.5
2024-06,1.567155082632121,-1.0479548753634478,0.07044928458074959,0.7005489449370381,30,2.6151099579955686,Suva,air_quality_PM2.5
2024-07,1.0187481379700023,-1.0945809911367983,0.08243222025800119,0.5087235909694878,31,2.1133291291068006,Suva,air_quality_PM2.5
2024-08,1.4445110861191237,-1.7186340660548598,0.0654319051730581,0.860212510587105,31,3.1631451521739837,Suva,air_quality_PM2.5
2024-09,2.331389900785106,-3.210916896086101,0.03728287533929347,1.4870014912563903,30,5.542306796871207,Suva,air_quality_PM2.5
2024-10,3.331748028919625,-4.099581829245252,-0.09229841121698254,1.9712953603612138,31,7.431329858164877,Suva,air_quality_PM2.5
2024-11,4.611971479689515,-4.022394005542378,-0.041473646674608726,2.1178560525516787,30,8.634365485231893,Suva,air_quality_PM2.5
2024-12,6.424935234165095,-3.228428756320933,-0.16531043400218726,2.0928160490216925,31,9.653363990486028,Suva,air_quality_PM2.5
2025-01,4.640897058202748,-3.088091709460204,-0.08015958128462607,1.7747469995141305,31,7.728988767662952,Suva,air_quality_PM2.5
2025-02,3.442196699968136,-2.542336090116997,0.16954616763945993,1.5276444440574495,28,5.984532790085133,Suva,air_quality_PM2.5
2025-03,3.1306375964864,-1.796296409438621,-0.0069507937723221344,1.3353788129888087,31,4.926934005925021,Suva,air_quality_PM2.5
2025-04,3.2107100172090624,-1.651305550880126,0.023286747570067524,1.2605570873022118,30,4.8620155680891886,Suva,air_quality_PM2.5
2025-05,2.896253217081429,-2.498238373315838,-0.03135073132807916,1.3613654708346516,31,5.3944915903972674,Suva,air_quality_PM2.5
2025-06,2.578518141534341,-2.602000511442039,-0.005316080269052111,1.2770539911166738,30,5.18051865297638,Suva,air_quality_PM2.5
2025-07,2.6049456841730745,-3.5489949785048616,0.06582846856592844,1.4988353380865689,31,6.153940662677936,Suva,air_quality_PM2.5
2025-08,2.654246545067502,-3.3659901234815,0.07671837489527113,1.4467212827880278,31,6.020236668549002,Suva,air_quality_PM2.5
2025-09,2.309937726798984,-2.683884188927356,0.010351316906547971,1.1567369413935211,30,4.99382191572634,Suva,air_quality_PM2.5
2025-10,1.5047958752069694,-1.861607948615331,0.04855588981301522,0.7493831720226446,31,3.3664038238223,Suva,air_quality_PM2.5
2025-11,1.4547023139501187,-1.278074961510928,0.03336010619542483,0.7081110403917433,30,2.7327772754610464,Suva,air_quality_PM2.5
2025-12,2.384118964295632,-1.336654740865143,-0.003505242863367809,0.8424669893062346,31,3.7207737051607754,Suva,air_quality_PM2.5
2026-01,2.0467782240175905,-1.4137252666640447,-0.018716404158983346,0.8297817803751907,31,3.460503490681635,Suva,air_quality_PM2.5
2026-02,1.229448124228544,-1.1491605164980851,-0.059181098539686214,0.6021457366301449,28,2.378608640726629,Suva,air_quality_PM2.5
2026-03,1.3136991405552931,-0.8455428900030546,-0.025109058467615988,0.5448795765361698,31,2.1592420305583477,Suva,air_quality_PM2.5
2026-04,1.8685717850522323,-1.6037199908420878,-0.05366417396819298,0.8526783143183335,30,3.47229177589432,Suva,air_quality_PM2.5
2026-05,1.90336521208828,-1.5184465710948742,0.4061658844254338,1.0693384596691884,15,3.4218117831831543,Suva,air_quality_PM2.5
2024-05,2.78596018235003,-3.2904611882908688,-0.9118562982539572,1.8520385460271973,16,6.076421370640899,Suva,air_quality_PM10
2024-06,5.336601311915673,-3.530419810421453,0.05995033821703135,2.088335814840521,30,8.867021122337125,Suva,air_quality_PM10
2024-07,5.171118611193144,-4.148789710645892,0.17896356668382357,2.213142534607474,31,9.319908321839037,Suva,air_quality_PM10
2024-08,5.081384302533713,-4.678334761087538,0.093948985560745,2.77600811108332,31,9.759719063621251,Suva,air_quality_PM10
2024-09,5.997477389087303,-6.737319484645987,0.09339842497931079,3.423936685398577,30,12.73479687373329,Suva,air_quality_PM10
2024-10,4.792235305068051,-7.579591831723317,-0.03855932298079318,3.492735622748886,31,12.371827136791367,Suva,air_quality_PM10
2024-11,5.709519400845846,-7.322662909906119,-0.10723291300474518,3.5220914755679966,30,13.032182310751963,Suva,air_quality_PM10
2024-12,6.121210202100038,-5.684409602525825,-0.318094636747043,3.1063626209286936,31,11.805619804625863,Suva,air_quality_PM10
2025-01,6.498191210510111,-4.415131576216572,-0.11433646114133708,2.6615516165673725,31,10.913322786726683,Suva,air_quality_PM10
2025-02,4.863030896408382,-3.551730796602212,0.2617880110504104,2.2812030654032727,28,8.414761693010593,Suva,air_quality_PM10
2025-03,4.600394390901508,-2.6929008619688157,-0.026538998203930072,1.9874624037342343,31,7.293295252870324,Suva,air_quality_PM10
2025-04,4.887461166693292,-2.655427313917384,0.02231894352954836,1.9447033859594176,30,7.542888480610676,Suva,air_quality_PM10
2025-05,4.500019879692261,-3.84307446490346,-0.04269548644003037,2.1757871637249364,31,8.343094344595722,Suva,air_quality_PM10
2025-06,4.224991184418527,-3.935282655248625,0.035850039369301,2.113665121970751,30,8.160273839667152,Suva,air_quality_PM10
2025-07,4.090180163722217,-5.17760999839499,0.1483138038039849,2.4514221617503646,31,9.267790162117208,Suva,air_quality_PM10
2025-08,4.347308058874424,-5.928314341908947,0.11058189089474489,2.4816634972458265,31,10.275622400783371,Suva,air_quality_PM10
2025-09,3.4697016383536963,-4.276371461572147,0.0028785244435712313,2.0069553383454455,30,7.746073099925843,Suva,air_quality_PM10
2025-10,2.271596559497896,-2.478921455361133,0.053526228811664106,1.2462984410427322,31,4.750518014859029,Suva,air_quality_PM10
2025-11,2.328308785014593,-1.5594464464014917,0.03396553264272937,1.044744900016252,30,3.887755231416085,Suva,air_quality_PM10
2025-12,3.622510031890801,-2.0747774714963443,-0.01176802472580895,1.2556561742149082,31,5.697287503387145,Suva,air_quality_PM10
2026-01,3.059236756600111,-2.005092393070725,-0.02855044349743745,1.2083533385332637,31,5.0643291496708365,Suva,air_quality_PM10
2026-02,1.8387952344402465,-1.6824849739542935,-0.09669357541931177,0.8850046010236082,28,3.52128020839454,Suva,air_quality_PM10
2026-03,2.2577887825278777,-1.3935506497973795,-0.03283926222263124,0.8941388759855112,31,3.6513394323252575,Suva,air_quality_PM10
2026-04,3.196663263359456,-2.52719323964238,-0.0806771087083176,1.3520924900922882,30,5.723856503001836,Suva,air_quality_PM10
2026-05,3.505329337911701,-2.2539369293517373,0.5588693508061028,1.6168533537661742,15,5.759266267263438,Suva,air_quality_PM10
2024-05,22.89607963724637,-50.66847561912155,-1.2670848536965582,24.8300452568182,16,73.56455525636792,Suva,air_quality_Carbon_Monoxide
2024-06,18.899133922944063,-53.98493871975251,-0.1404046134677711,20.82819568343304,30,72.88407264269658,Suva,air_quality_Carbon_Monoxide
2024-07,15.84198352843825,-38.05265560886703,0.2415251966618089,15.177320801414954,31,53.894639137305276,Suva,air_quality_Carbon_Monoxide
2024-08,15.138676169762311,-22.54666726706396,-0.23953353590318144,10.57964662266526,31,37.68534343682627,Suva,air_quality_Carbon_Monoxide
2024-09,14.511631661368568,-16.1069332555393,-0.5012267324543638,7.786296386355381,30,30.618564916907868,Suva,air_quality_Carbon_Monoxide
2024-10,13.35127219047846,-14.371274210616052,-0.26178932529470494,7.029479897956401,31,27.72254640109451,Suva,air_quality_Carbon_Monoxide
2024-11,12.217459355897304,-12.591042235133044,0.15755237788446388,6.766664492245821,30,24.80850159103035,Suva,air_quality_Carbon_Monoxide
2024-12,15.36237070889445,-10.522976825079956,0.17308727679635957,6.1241035387671925,31,25.885347533974404,Suva,air_quality_Carbon_Monoxide
2025-01,21.711534595195296,-10.275473613515194,0.16503201685902932,7.228041035053483,31,31.987008208710492,Suva,air_quality_Carbon_Monoxide
2025-02,32.05550124783741,-11.729665560315585,0.18505574108749287,9.007068905696176,28,43.785166808152994,Suva,air_quality_Carbon_Monoxide
2025-03,19.777536759971724,-10.920168215917265,0.05829970013771692,7.119085367652603,31,30.69770497588899,Suva,air_quality_Carbon_Monoxide
2025-04,12.41005151743176,-13.760114065727407,-0.3448124797645461,6.2816186256208,30,26.170165583159168,Suva,air_quality_Carbon_Monoxide
2025-05,7.053086040276336,-12.037091151164804,-0.3311925456555148,4.135533550525973,31,19.09017719144114,Suva,air_quality_Carbon_Monoxide
2025-06,4.268374592817598,-7.269343617407616,-0.5003921021427795,2.9711555903365836,30,11.537718210225215,Suva,air_quality_Carbon_Monoxide
2025-07,5.754403717285853,-6.783107352950607,-0.06827545345276538,3.587246233177106,31,12.537511070236459,Suva,air_quality_Carbon_Monoxide
2025-08,7.073289161147574,-7.012964831424126,0.2320738597494781,3.6410365431128557,31,14.0862539925717,Suva,air_quality_Carbon_Monoxide
2025-09,7.806817728963924,-6.76902005895914,0.193665832617948,3.5211614827051756,30,14.575837787923064,Suva,air_quality_Carbon_Monoxide
2025-10,8.583706356591556,-7.521095779257359,0.11274795117582491,3.8568960731692083,31,16.104802135848914,Suva,air_quality_Carbon_Monoxide
2025-11,8.655257795734686,-9.443461102113156,0.006650240549432707,4.374789293142402,30,18.098718897847842,Suva,air_quality_Carbon_Monoxide
2025-12,10.17176005102692,-9.090188131204023,0.041358814642973134,4.126380930088105,31,19.261948182230945,Suva,air_quality_Carbon_Monoxide
2026-01,9.48311654581124,-7.471556348680531,-0.2213834732834687,3.9885389397287803,31,16.95467289449177,Suva,air_quality_Carbon_Monoxide
2026-02,7.453708939508081,-5.9288555481937495,0.0003793855494061019,3.235726412941589,28,13.382564487701831,Suva,air_quality_Carbon_Monoxide
2026-03,6.501152373573844,-4.92952050140036,-0.12654623949772953,2.8427294587557075,31,11.430672874974203,Suva,air_quality_Carbon_Monoxide
2026-04,4.874240561132725,-8.04110201867373,-0.07256504192471093,3.2383991554440343,30,12.915342579806454,Suva,air_quality_Carbon_Monoxide
2026-05,6.9425160356239655,-4.267568848367229,1.3708449993967158,3.5509348687618787,15,11.210084883991193,Suva,air_quality_Carbon_Monoxide
2024-05,0.2387410295158415,-0.0644200815639472,0.020557315232185555,0.10588313591440957,16,0.3031611110797887,Suva,visibility_km
2024-06,0.1914087766939647,-0.0700497165711712,-0.0022415726385207222,0.06958063371821824,30,0.2614584932651359,Suva,visibility_km
2024-07,0.1422258899053931,-0.0537959501478273,-0.0027622977803439396,0.05193442311605649,31,0.19602184005322038,Suva,visibility_km
2024-08,0.0921999305441643,-0.0415928268301195,-0.000500499307644775,0.033686572566278015,31,0.1337927573742838,Suva,visibility_km
2024-09,0.012528588462008,-0.0235472745183764,-0.003736062645021547,0.010754304344341754,30,0.0360758629803844,Suva,visibility_km
2024-10,0.0115423315744299,-0.0101350729074291,-2.188996354756121e-05,0.004999199745104058,31,0.021677404481859,Suva,visibility_km
2024-11,0.0020768731791145,-0.0047468438339639,-0.00020752316401882336,0.0022396194372631055,30,0.0068237170130784,Suva,visibility_km
2024-12,0.002726716779718,-0.0285858882457709,0.0004065712957311323,0.005495897793235213,31,0.0313126050254889,Suva,visibility_km
2025-01,0.0039985224800996,-0.0551817795011769,-0.0020174204006334355,0.016098279893165403,31,0.059180301981276495,Suva,visibility_km
2025-02,0.0657056197300533,-0.0575642324981908,0.005058606114816386,0.01678628562251583,28,0.1232698522282441,Suva,visibility_km
2025-03,0.1385480197602941,-0.1325557743620537,-0.02560358131503672,0.043638421985236146,31,0.2711037941223478,Suva,visibility_km
2025-04,0.4803233947193179,-8.634095620231648,-0.06852705387911805,1.6252066938781005,30,9.114419014950965,Suva,visibility_km
2025-05,0.5410456633638856,-0.0048197918669328,0.08463318168367456,0.1480892478572979,31,0.5458654552308184,Suva,visibility_km
2025-06,0.5616865747221245,-0.027560695090583,-0.002042521591183728,0.10660355362300525,30,0.5892472698127075,Suva,visibility_km
2025-07,0.579013587228952,-0.0196465077741419,0.003296170969722449,0.10688860263694734,31,0.5986600950030939,Suva,visibility_km
2025-08,0.2655061750468674,-0.0101634890093692,0.002885469850318616,0.04882142177932421,31,0.2756696640562366,Suva,visibility_km
2025-09,0.0037653903672939,-0.0012152477229339,-6.139460000921986e-05,0.0008506698598945255,30,0.0049806380902278,Suva,visibility_km
2025-10,0.0015061043319862,-0.0002224216081062,0.00019397144112898707,0.00025367588853193924,31,0.0017285259400923998,Suva,visibility_km
2025-11,0.0002472266700401,1.397562847491902e-05,6.193400390715468e-05,4.482765582580173e-05,30,0.00023325104156518095,Suva,visibility_km
2025-12,1.2326684299371972e-05,-2.822639254845887e-06,1.7939168045564401e-06,4.281914672781268e-06,31,1.5149323554217859e-05,Suva,visibility_km
2026-01,1.3946512704069062e-06,-2.8110405810801924e-06,-1.8607118079641998e-06,7.70724265268528e-07,31,4.205691851487099e-06,Suva,visibility_km
2026-02,9.149150698416314e-07,-1.4039806215039869e-06,-4.042365995703145e-07,8.845471023585119e-07,28,2.3188956913456183e-06,Suva,visibility_km
2026-03,2.9557992593820344e-07,-6.352457841319625e-07,-1.3144528908605115e-07,2.0751546544725005e-07,31,9.308257100701659e-07,Suva,visibility_km
2026-04,7.696774091899713e-07,-1.7928570138796112e-06,-9.293607986218418e-08,7.573051069364063e-07,30,2.5625344230695826e-06,Suva,visibility_km
2026-05,1.3397942035133828e-06,3.407985897618689e-07,8.670238604638833e-07,3.2296515687824907e-07,15,9.989956137515138e-07,Suva,visibility_km
2024-05,0.0006935261009399,-0.0069496203683992,-0.0046988552440303,0.002405928557975047,16,0.0076431464693391005,Suva,uv_index
2024-06,0.1153697034135681,-0.0520895218891656,0.0003690185413537491,0.02362578155836871,30,0.16745922530273372,Suva,uv_index
2024-07,0.0069695901028365,-0.0518601649798644,0.0006439438886380031,0.01017035945233558,31,0.0588297550827009,Suva,uv_index
2024-08,0.0137998454672534,-0.1068133142034446,-0.0020933286839166262,0.028038620324226285,31,0.120613159670698,Suva,uv_index
2024-09,0.5807887798918864,-0.2704035878095464,0.011414615474300912,0.18009518353786083,30,0.8511923677014328,Suva,uv_index
2024-10,0.7764850039621913,-0.3497882934241837,-0.0396992238171663,0.3833508590590489,31,1.126273297386375,Suva,uv_index
2024-11,0.1520653966799376,-0.2533314884979457,0.03329649167277406,0.08775209600255865,30,0.4053968851778833,Suva,uv_index
2024-12,0.0566578692398791,-0.3204796532116213,-0.013269838258895737,0.06511005503667072,31,0.3771375224515004,Suva,uv_index
2025-01,0.967541881454088,-0.0324702455301478,0.011293531322921166,0.17803935126921872,31,1.000012126984236,Suva,uv_index
2025-02,0.0065561095524699,-0.0235604580118539,-0.0010955091627756653,0.007734571857164675,28,0.0301165675643238,Suva,uv_index
2025-03,0.0039177175685447,-0.010299792528908,1.0323434572080664e-05,0.003466997724487152,31,0.0142175100974527,Suva,uv_index
2025-04,0.0008107271525491,-0.0001206770248131,0.00020659067619557145,0.0002709590576150359,30,0.0009314041773622001,Suva,uv_index
2025-05,6.765761302798506e-05,-1.0035545021705814e-05,1.4311291054356305e-05,2.0736369182029544e-05,31,7.769315804969086e-05,Suva,uv_index
2025-06,6.480473230506382e-06,-3.1217326454422984e-06,1.3251473471627143e-06,2.505656096243735e-06,30,9.602205875948682e-06,Suva,uv_index
2025-07,1.6469079886469526e-07,-5.878161154811493e-07,-1.0988928596703332e-07,2.518138153446434e-07,31,7.525069143458445e-07,Suva,uv_index
2025-08,3.326889552472664e-06,1.110602702488142e-07,1.3001164409303492e-06,1.0711265864759437e-06,31,3.2158292822238495e-06,Suva,uv_index
2025-09,1.5237425606714936e-05,2.9412279425325227e-06,5.068690309244336e-06,3.864279438664718e-06,30,1.2296197664182413e-05,Suva,uv_index
2025-10,0.0001502528020513,-1.7548683929567672e-05,1.050072826637521e-05,3.751751147591199e-05,31,0.00016780148598086766,Suva,uv_index
2025-11,0.0001556670788697,-0.0003914210032784,-0.00013275714067991252,0.00014710268791573135,30,0.0005470880821481,Suva,uv_index
2025-12,0.0158687733944551,-0.0008160118389746,-4.971073245638831e-05,0.002958906275686483,31,0.0166847852334297,Suva,uv_index
2026-01,0.0219398713378855,-0.0012698730151027,-0.00014314156126216124,0.004100043146405935,31,0.023209744352988202,Suva,uv_index
2026-02,0.032816638452377,-0.0014112458165103,8.586337102177132e-05,0.00641524109663367,28,0.0342278842688873,Suva,uv_index
2026-03,0.0328877016532922,-0.0012850616119415,-4.1259363804609545e-05,0.006111523072029285,31,0.034172763265233705,Suva,uv_index
2026-04,0.0329718465362807,-0.0012182858197748,-6.531303559406734e-06,0.0062287285349542565,30,0.0341901323560555,Suva,uv_index
2026-05,0.0330440986654559,-0.0011222942325026,0.00119326604198434,0.008811333486840845,15,0.0341663928979585,Suva,uv_index
2024-05,2.2873709576833563,-4.493949159758693,0.22531283684577794,1.4821143847800964,16,6.78132011744205,Dakar,temperature_celsius
2024-06,2.054644330501864,-3.515543637710106,-0.05283375747408048,1.256404590602824,30,5.57018796821197,Dakar,temperature_celsius
2024-07,1.7459448740303178,-2.5026910222604037,-0.04688826177761913,0.9399549111633343,31,4.248635896290722,Dakar,temperature_celsius
2024-08,1.7706738359108327,-2.0654305171725995,-0.06763525554208802,0.9019808954778012,31,3.8361043530834324,Dakar,temperature_celsius
2024-09,1.1106012877762552,-2.515941357867428,-0.006847519382134678,0.8305657520437788,30,3.626542645643683,Dakar,temperature_celsius
2024-10,1.248864965533679,-2.386640031429655,0.011998545707786542,0.8013751397198565,31,3.635504996963334,Dakar,temperature_celsius
2024-11,1.2341960644699277,-1.4587113543894763,0.023951787569218567,0.7721921809342567,30,2.692907418859404,Dakar,temperature_celsius
2024-12,1.4252889061349034,-1.3655964724474847,0.08112757237719105,0.7779753323539269,31,2.790885378582388,Dakar,temperature_celsius
2025-01,1.2885279628082216,-1.1178386183825464,0.041125768039270656,0.6824716772123917,31,2.4063665811907677,Dakar,temperature_celsius
2025-02,0.8081344992945152,-1.3047405049696523,-0.024703550628999562,0.5600898098620273,28,2.1128750042641675,Dakar,temperature_celsius
2025-03,0.6032617728184531,-1.3891756439468217,-0.013121603182100107,0.44900716340676344,31,1.9924374167652747,Dakar,temperature_celsius
2025-04,0.6893904498571504,-0.8118660316046308,-0.04206858905954801,0.3609668837365731,30,1.5012564814617813,Dakar,temperature_celsius
2025-05,0.7331644449000442,-0.9534986777214434,-0.030364572880335883,0.38307766592880305,31,1.6866631226214874,Dakar,temperature_celsius
2025-06,0.7189938062004663,-1.0951114949902565,-0.009090961986810734,0.44629493456389613,30,1.8141053011907227,Dakar,temperature_celsius
2025-07,0.7427138351128324,-1.071998195175046,0.03172024888133714,0.4569371561422573,31,1.8147120302878783,Dakar,temperature_celsius
2025-08,1.1051772346988906,-1.2284120361351254,0.027943230288814878,0.4989801226405323,31,2.333589270834016,Dakar,temperature_celsius
2025-09,1.1744105357632812,-1.7812634679492505,0.005422155206323609,0.607489380478064,30,2.9556740037125317,Dakar,temperature_celsius
2025-10,0.6719975070964135,-2.112010677945196,-0.01397488554460425,0.5798854303353985,31,2.7840081850416096,Dakar,temperature_celsius
2025-11,0.6785419511905249,-1.7994802358511746,-0.02887091872663213,0.5261537631319145,30,2.4780221870416996,Dakar,temperature_celsius
2025-12,0.8076132798128026,-1.281664623301536,0.012396328179734269,0.4898852341232816,31,2.089277903114339,Dakar,temperature_celsius
2026-01,0.8096845563136076,-1.6843374285223425,-0.006851311571911104,0.47432181149503744,31,2.49402198483595,Dakar,temperature_celsius
2026-02,0.7084157144828407,-1.6059720572995817,-0.03534739771062561,0.4835318534257527,28,2.3143877717824224,Dakar,temperature_celsius
2026-03,0.8489547054911564,-0.7843104892264399,-0.02045029808007043,0.39107526445949137,31,1.6332651947175962,Dakar,temperature_celsius
2026-04,0.8883872259078274,-0.7344360496599653,-0.02177958411028426,0.4418694393514881,30,1.6228232755677927,Dakar,temperature_celsius
2026-05,1.2913879085861122,-0.5034453466234987,0.35621093005068033,0.5061213769367966,15,1.794833255209611,Dakar,temperature_celsius
2024-05,6.632789264203325,-7.186516759292839,0.8778831070846624,4.178287622359265,16,13.819306023496164,Dakar,humidity
2024-06,7.308025863480745,-6.013622912804785,0.09859911247142551,3.1505015701761767,30,13.321648776285532,Dakar,humidity
2024-07,6.14115807126328,-5.277548691076001,0.047806103777738515,2.5222088612646982,31,11.41870676233928,Dakar,humidity
2024-08,6.031880872811077,-4.966988207742765,0.1179883593618697,2.7312270339142763,31,10.998869080553842,Dakar,humidity
2024-09,10.12532492458908,-5.526490958183692,0.28732884292861277,4.2064225836626585,30,15.651815882772773,Dakar,humidity
2024-10,14.217466361362888,-11.535656433841249,0.3965127733211677,6.325175390989401,31,25.753122795204135,Dakar,humidity
2024-11,17.83819813227108,-17.43598487418973,0.2643275925844436,8.429992837967948,30,35.27418300646082,Dakar,humidity
2024-12,20.10424479457752,-23.69320622448364,-0.8523477567155561,10.65948520435704,31,43.79745101906116,Dakar,humidity
2025-01,14.09070477764579,-14.91644539144313,-0.287945776524705,8.850869215389968,31,29.00715016908892,Dakar,humidity
2025-02,11.757722542955564,-9.546449314722125,0.32965196380889866,6.16742148154519,28,21.304171857677687,Dakar,humidity
2025-03,6.783393203112452,-8.085746581203603,-0.3776285138457713,3.8203134683158506,31,14.869139784316054,Dakar,humidity
2025-04,2.755573768534237,-5.593559232050504,0.03547411374046573,1.9541538003848953,30,8.349133000584741,Dakar,humidity
2025-05,2.8489146717304896,-4.079174534647268,0.11909621335422199,1.8029659540639278,31,6.9280892063777575,Dakar,humidity
2025-06,4.583612769428619,-4.039520864136876,-0.0037799851988790175,2.455599755744559,30,8.623133633565494,Dakar,humidity
2025-07,6.306317624883273,-5.263783928359567,-0.16846752205935034,3.229118893403182,31,11.57010155324284,Dakar,humidity
2025-08,6.990777718307344,-6.502122841719915,-0.09631749803599077,3.4778967406664933,31,13.492900560027259,Dakar,humidity
2025-09,7.3527116428457955,-6.836993382495592,0.025559706001638993,3.495104741588033,30,14.189705025341388,Dakar,humidity
2025-10,7.8155284395375295,-7.250754819438719,0.046478287854805074,3.6150538050038428,31,15.066283258976249,Dakar,humidity
2025-11,9.258699666066454,-7.384255799347231,-0.17865336615125754,4.241904279871711,30,16.642955465413685,Dakar,humidity
2025-12,9.340798546181388,-9.764131340916704,-0.09615962552592841,4.73383442563045,31,19.10492988709809,Dakar,humidity
2026-01,8.401604168400777,-8.848653540761681,-0.13308130720655056,4.392124002288008,31,17.250257709162458,Dakar,humidity
2026-02,7.480247359884451,-6.697294990957838,0.175839570649384,3.539570336864703,28,14.17754235084229,Dakar,humidity
2026-03,5.950262213553195,-5.563471706492057,0.19660976230631375,2.514861553604927,31,11.51373392004525,Dakar,humidity
2026-04,6.9570682288963015,-5.261730593480076,0.14320176266201326,2.8758021901925965,30,12.218798822376378,Dakar,humidity
2026-05,4.5013669538157,-7.845573363800169,-1.028784349115827,3.322160266942127,15,12.346940317615868,Dakar,humidity
2024-05,3.462155770549467,-2.795496729532737,-0.21849932683718232,1.3116206305197722,16,6.257652500082203,Dakar,pressure_mb
2024-06,2.8116759075297604,-2.753172862768526,0.03415199401590499,1.1153108723893534,30,5.564848770298287,Dakar,pressure_mb
2024-07,2.145978836312864,-2.682983261728662,0.0525753444019405,0.8775017812008193,31,4.828962098041526,Dakar,pressure_mb
2024-08,1.5142070710652111,-3.24642240160709,0.0030703107506766854,0.8449058819517378,31,4.760629472672301,Dakar,pressure_mb
2024-09,1.2386949059911103,-2.025830869049724,0.0004705067100340965,0.7262328878951603,30,3.2645257750408345,Dakar,pressure_mb
2024-10,1.3719619004620425,-1.0904354644891456,-0.04031283165085053,0.6072141360483821,31,2.462397364951188,Dakar,pressure_mb
2024-11,1.0245165554002822,-1.0676278312038023,0.026264184834665565,0.5506981219489441,30,2.0921443866040845,Dakar,pressure_mb
2024-12,1.3627909264096758,-1.25506071978541,0.01336868729090802,0.6807051043115127,31,2.617851646195086,Dakar,pressure_mb
2025-01,1.5677805715728934,-1.471539312590307,0.0020722263106716697,0.768416650796168,31,3.0393198841632003,Dakar,pressure_mb
2025-02,1.4714063854723685,-1.7216456805868936,-0.021314996082419938,0.7561257913294621,28,3.193052066059262,Dakar,pressure_mb
2025-03,1.460266896938889,-1.2581436097299945,-0.07621448516806408,0.6672327308778356,31,2.7184105066688833,Dakar,pressure_mb
2025-04,1.33865128096336,-2.087669671963849,-0.034572676285344064,0.7589441784550857,30,3.4263209529272087,Dakar,pressure_mb
2025-05,1.460636597552624,-2.497275976594441,0.004474635388275845,0.8021486875433453,31,3.9579125741470653,Dakar,pressure_mb
2025-06,1.558724437379362,-2.506108105802824,0.04831569941908944,0.8236189797978494,30,4.064832543182186,Dakar,pressure_mb
2025-07,1.1921208533223728,-1.7595662045169338,0.08344284978380888,0.7447698647958113,31,2.9516870578393064,Dakar,pressure_mb
2025-08,1.33548640807811,-1.6832860430115506,0.027869826229963528,0.6681960072051841,31,3.0187724510896605,Dakar,pressure_mb
2025-09,1.5402008316460951,-1.4653389141510558,-0.016432633614741766,0.6983721918681425,30,3.005539745797151,Dakar,pressure_mb
2025-10,1.3822051933986153,-1.0668940026761458,-0.03186619298826262,0.6719075883818899,31,2.4490991960747612,Dakar,pressure_mb
2025-11,1.1364650944951469,-1.381199353824625,-0.026793168314254944,0.6314310976408563,30,2.517664448319772,Dakar,pressure_mb
2025-12,1.2996600585602882,-1.4462641268246357,0.0227993049185838,0.6930132170862837,31,2.745924185384924,Dakar,pressure_mb
2026-01,1.606678711566788,-1.2671506924760811,-0.0162994165466444,0.7280412135526974,31,2.873829404042869,Dakar,pressure_mb
2026-02,1.5217663751917987,-1.3604689740124472,-0.012038851587741992,0.8062564124965094,28,2.8822353492042456,Dakar,pressure_mb
2026-03,1.7760732172218947,-2.065718186790257,0.05045808854794053,1.0232003700179175,31,3.8417914040121515,Dakar,pressure_mb
2026-04,2.403403827381574,-2.831936169395945,0.011033284770502997,1.330217612043671,30,5.235339996777519,Dakar,pressure_mb
2026-05,1.7933312963398975,-0.9939480264156754,0.45837417025080013,0.7523736805496001,15,2.7872793227555728,Dakar,pressure_mb
2024-05,-0.0027325886340357,-0.0458720193332813,-0.008783107100762074,0.012067518721971775,16,0.0431394306992456,Dakar,precip_mm
2024-06,0.410552482441199,-0.2597472781020346,0.006413711919348779,0.11174849269821059,30,0.6702997605432336,Dakar,precip_mm
2024-07,0.6691564100422627,-0.2102857874781439,0.003269287001399447,0.1572636779254521,31,0.8794421975204065,Dakar,precip_mm
2024-08,1.004317784470944,-0.1629052009291541,0.001636783248376778,0.2184103692067868,31,1.1672229854000982,Dakar,precip_mm
2024-09,0.6693367570451774,-0.1301039822596953,-0.0037564607710521194,0.17521723414176846,30,0.7994407393048727,Dakar,precip_mm
2024-10,0.3350191802700588,-0.0869965658055008,-0.005132252498730845,0.09952871090893224,31,0.4220157460755596,Dakar,precip_mm
2024-11,0.1562724723357111,-0.0450812532327607,-0.0026627722601403037,0.042812275540278735,30,0.2013537255684718,Dakar,precip_mm
2024-12,0.0027101343185397,-0.0228437007425385,-0.0005518037073934453,0.0063037158640497585,31,0.025553835061078202,Dakar,precip_mm
2025-01,0.0009202666212233,-0.0004717856197943,0.00017605622813878587,0.0003244094473417653,31,0.0013920522410176,Dakar,precip_mm
2025-02,1.651759126825421e-05,-0.00016966463551,-3.7919238308861537e-05,5.3736117525286414e-05,28,0.0001861822267782542,Dakar,precip_mm
2025-03,3.793609127743519e-05,-6.676545868992449e-05,-2.0492238450877397e-06,2.53813010008612e-05,31,0.00010470154996735968,Dakar,precip_mm
2025-04,0.0005938875052857,-0.0001684313876176,0.00015365435292453584,0.00019870810411674392,30,0.0007623188929033,Dakar,precip_mm
2025-05,0.0021545362499386,-0.0082901602663656,-7.458699997176458e-05,0.0021109319419043574,31,0.010444696516304199,Dakar,precip_mm
2025-06,0.0055912763876488,-0.016326904991653,-0.0021625574904781497,0.005721111410600701,30,0.0219181813793018,Dakar,precip_mm
2025-07,0.3990537999045838,-0.0295226833311912,-0.0013860210189401518,0.07578897010413371,31,0.42857648323577496,Dakar,precip_mm
2025-08,0.6528377695070686,-0.0612139010213077,-0.003744935158589779,0.1261529660822918,31,0.7140516705283764,Dakar,precip_mm
2025-09,0.980893851455944,-0.0586963018413509,-0.0009121654642164042,0.1882856374404314,30,1.0395901532972949,Dakar,precip_mm
2025-10,0.9758459868136784,-0.0478154284920933,0.0037267763613562654,0.18291798475805707,31,1.0236614153057717,Dakar,precip_mm
2025-11,0.490515442749687,-0.0306559865332267,0.004344959645256549,0.09350961190170759,30,0.5211714292829137,Dakar,precip_mm
2025-12,0.0086924619567912,-0.01351458158489,9.981413461941924e-05,0.006796018181816815,31,0.022207043541681203,Dakar,precip_mm
2026-01,0.0033351154027913,-0.0072169412728484,-8.830265308218064e-05,0.0027024272430419766,31,0.010552056675639701,Dakar,precip_mm
2026-02,0.0006548518197291,-0.0003399306759248,0.00010156410545707372,0.00026400970613163325,28,0.0009947824956539001,Dakar,precip_mm
2026-03,8.893059183579227e-05,-0.0001157945886278,1.4438416815777916e-07,5.642857137797069e-05,31,0.00020472518046359226,Dakar,precip_mm
2026-04,7.923441729839711e-05,-0.0001793240491491,-2.467053169528067e-06,6.122422040791965e-05,30,0.00025855846644749715,Dakar,precip_mm
2026-05,0.000219562516083,-0.0003142368360421,4.3243038287387786e-05,0.00013441997621305464,15,0.0005337993521251,Dakar,precip_mm
2024-05,8.901354046917515,-8.219780198602397,-0.02181518815003103,4.446350731143292,16,17.12113424551991,Dakar,wind_kph
2024-06,6.896208651040082,-6.960095074425898,-0.10354523017545122,3.735628457031821,30,13.856303725465981,Dakar,wind_kph
2024-07,5.362661661841449,-4.317135990856609,0.0066367299605546905,2.806635745133202,31,9.679797652698058,Dakar,wind_kph
2024-08,5.156203103762747,-6.370561132383207,-0.05858144585689913,2.723921120287169,31,11.526764236145954,Dakar,wind_kph
2024-09,5.302417143683453,-7.240187262738813,-0.006055651433496076,3.1529121585176307,30,12.542604406422265,Dakar,wind_kph
2024-10,5.03684548043675,-6.403374883803696,-0.011249434132883176,3.101169029946139,31,11.440220364240446,Dakar,wind_kph
2024-11,4.840494372604442,-6.595862243624118,-0.01549777343030528,3.3033712475842893,30,11.43635661622856,Dakar,wind_kph
2024-12,5.268112424195743,-6.638023659861897,-0.03881258651119839,3.3603938995764175,31,11.90613608405764,Dakar,wind_kph
2025-01,4.808328912175884,-6.280227888524928,0.07574353536339223,3.293029575062986,31,11.088556800700811,Dakar,wind_kph
2025-02,4.152439114923396,-6.100688830754256,-0.10580053137461307,2.9134894717191724,28,10.253127945677653,Dakar,wind_kph
2025-03,4.485726021589825,-7.473362007083139,0.04892641323908373,2.701093098291628,31,11.959088028672964,Dakar,wind_kph
2025-04,6.8034204777049325,-8.220455300068478,0.02055999780128552,3.338892448733022,30,15.02387577777341,Dakar,wind_kph
2025-05,8.946512361188454,-8.44244757354591,-0.17981035809229307,3.75615605709475,31,17.388959934734366,Dakar,wind_kph
2025-06,9.188954616225088,-6.636916597402889,0.047187315440676635,3.655079919310477,30,15.825871213627977,Dakar,wind_kph
2025-07,7.904685294141836,-5.4815608563306215,0.28362754573049404,3.707653994211641,31,13.386246150472457,Dakar,wind_kph
2025-08,8.3082441864475,-5.279319910693898,0.07162638391249772,3.6958508554177416,31,13.587564097141398,Dakar,wind_kph
2025-09,8.128300683922193,-5.464464586831693,0.07134812056659297,3.8056331924219196,30,13.592765270753887,Dakar,wind_kph
2025-10,8.507476600891621,-5.823605212636578,-0.08764966161626817,3.7217761663362765,31,14.3310818135282,Dakar,wind_kph
2025-11,8.032937966659633,-5.391033614105996,0.009212948271014954,3.2527423368445905,30,13.423971580765627,Dakar,wind_kph
2025-12,6.286796948465026,-5.121625906485834,-0.1235753624572222,2.5693820605215105,31,11.40842285495086,Dakar,wind_kph
2026-01,3.832241754225072,-4.12504780966819,-0.16568340906962015,2.3217601307631126,31,7.957289563893262,Dakar,wind_kph
2026-02,4.6785016305058,-4.182046764736893,0.08435582406453478,2.4157299638624865,28,8.860548395242693,Dakar,wind_kph
2026-03,4.853176398023753,-4.624374130419254,0.21240092656731563,3.0469589430840838,31,9.477550528443007,Dakar,wind_kph
2026-04,8.226653323211824,-9.60765962373315,0.14778198521192115,4.727819317028629,30,17.834312946944976,Dakar,wind_kph
2026-05,12.009472454246309,-14.922347434434547,0.13676817179659045,8.115794260864089,15,26.931819888680856,Dakar,wind_kph
2024-05,10.8174950880409,-6.362630195186634,2.341071700913508,5.408227723093234,16,17.180125283227532,Dakar,air_quality_PM2.5
2024-06,9.661577801111562,-8.46193387246978,-0.4249590445627812,4.154671813045643,30,18.12351167358134,Dakar,air_quality_PM2.5
2024-07,8.12497985790237,-5.654590795318448,-0.42965672285411266,3.010690062318501,31,13.779570653220818,Dakar,air_quality_PM2.5
2024-08,12.539995673971164,-6.808223328906962,-0.4758902295646858,4.425023954698644,31,19.348219002878125,Dakar,air_quality_PM2.5
2024-09,11.36268998199897,-9.566736856473051,-0.1525032146980404,5.480399956395046,30,20.929426838472022,Dakar,air_quality_PM2.5
2024-10,10.762011396230928,-13.696698614825394,-0.10204050215460611,6.632274957585438,31,24.458710011056322,Dakar,air_quality_PM2.5
2024-11,18.461948618216883,-16.47384601784672,-0.2265711280642857,8.672219474773891,30,34.935794636063605,Dakar,air_quality_PM2.5
2024-12,21.53811412319147,-19.127108045233125,0.41627188664464254,9.909468029340802,31,40.66522216842459,Dakar,air_quality_PM2.5
2025-01,24.68789131317056,-14.41729729772683,0.752627720177162,10.070279684814775,31,39.105188610897386,Dakar,air_quality_PM2.5
2025-02,37.14797327009419,-15.084191465040735,0.7272630509312134,11.216322403110174,28,52.23216473513493,Dakar,air_quality_PM2.5
2025-03,29.21931109318885,-16.931970392289177,0.36155358901594425,11.696078039521835,31,46.15128148547802,Dakar,air_quality_PM2.5
2025-04,45.23378256039592,-16.565088976671806,-0.20549781976971915,13.433178152321691,30,61.798871537067726,Dakar,air_quality_PM2.5
2025-05,34.94308472423203,-15.592856630332813,-0.6919258264126931,11.908448654601905,31,50.53594135456484,Dakar,air_quality_PM2.5
2025-06,28.33653787038969,-14.360160546283767,-0.5659806671201273,9.698108128869302,30,42.696698416673456,Dakar,air_quality_PM2.5
2025-07,18.93813269077039,-14.332959217850004,-0.2190669024032282,7.124258258892351,31,33.27109190862039,Dakar,air_quality_PM2.5
2025-08,14.52232405339766,-12.784794541927296,0.3988201832410319,6.96856819581688,31,27.307118595324958,Dakar,air_quality_PM2.5
2025-09,18.18171551547132,-11.193690630834158,-0.0728267999742639,6.877661870072542,30,29.37540614630548,Dakar,air_quality_PM2.5
2025-10,17.968187033564178,-9.92111949530394,0.12144696720168971,5.778152005342148,31,27.88930652886812,Dakar,air_quality_PM2.5
2025-11,11.062708707313806,-8.464527875602617,0.2844946741827447,3.963286273198808,30,19.527236582916423,Dakar,air_quality_PM2.5
2025-12,7.968177971142183,-8.455870992202968,0.07950630878153307,4.255054922671817,31,16.42404896334515,Dakar,air_quality_PM2.5
2026-01,11.695165849794138,-11.454597977195904,-0.07068202454274289,5.82598779168553,31,23.149763826990043,Dakar,air_quality_PM2.5
2026-02,15.299271099195533,-10.646003213609722,-0.37335504696565514,6.673086240559119,28,25.945274312805253,Dakar,air_quality_PM2.5
2026-03,15.548428256929933,-10.130950924030232,-0.4282296252598388,6.464917897463651,31,25.679379180960165,Dakar,air_quality_PM2.5
2026-04,19.238496331220286,-13.911602630784095,-0.40452171230910755,7.917414129313115,30,33.15009896200438,Dakar,air_quality_PM2.5
2026-05,17.53899314374027,-8.410428910695867,2.899837402072183,6.134267631925258,15,25.949422054436138,Dakar,air_quality_PM2.5
2024-05,67.58229019757187,-27.63367257349978,11.355001402721179,28.758768725225053,16,95.21596277107164,Dakar,air_quality_PM10
2024-06,61.58878507237796,-46.612720653601215,-1.7196447837569504,25.376175297961836,30,108.20150572597917,Dakar,air_quality_PM10
2024-07,36.21899475900404,-31.76530931972523,-1.5987409145323834,16.14974909986756,31,67.98430407872927,Dakar,air_quality_PM10
2024-08,50.03919871487235,-26.108080009040464,-1.6680637941314407,15.830401477669435,31,76.14727872391282,Dakar,air_quality_PM10
2024-09,55.28773347256368,-31.58740595749523,-0.6697834274355328,18.534647108999792,30,86.87513943005891,Dakar,air_quality_PM10
2024-10,51.13521002790005,-34.56018335212538,-0.6602603200559334,20.32233404825298,31,85.69539338002542,Dakar,air_quality_PM10
2024-11,45.26345660805478,-44.83120272241975,-1.2517927340203177,24.4657046833916,30,90.09465933047453,Dakar,air_quality_PM10
2024-12,60.4049085864006,-61.5704727256885,0.43884516535408297,29.098735762536627,31,121.9753813120891,Dakar,air_quality_PM10
2025-01,84.12211913539916,-67.9493582737075,2.9061536996838093,36.009291032627765,31,152.07147740910665,Dakar,air_quality_PM10
2025-02,102.51844628215892,-66.6805558913053,4.8804827173831375,46.8144262116764,28,169.19900217346424,Dakar,air_quality_PM10
2025-03,161.58433962672754,-80.6293344086762,3.028497178508172,64.2531697998964,31,242.21367403540376,Dakar,air_quality_PM10
2025-04,231.86577124221216,-91.4983229482922,0.9427278683682313,77.74035053196297,30,323.3640941905044,Dakar,air_quality_PM10
2025-05,241.12736207167384,-102.82284012292558,-2.0467551891406406,76.32674584592188,31,343.95020219459946,Dakar,air_quality_PM10
2025-06,225.84206282613457,-91.14896096103026,-2.0729750986306033,66.45181007413935,30,316.9910237871648,Dakar,air_quality_PM10
2025-07,195.0828442602005,-72.95521960391532,-3.2258591372244707,48.026676583699,31,268.0380638641158,Dakar,air_quality_PM10
2025-08,154.37309812049364,-50.6758126216778,-0.31651737618720277,36.72395831979143,31,205.04891074217144,Dakar,air_quality_PM10
2025-09,107.39106739116636,-33.14030705580738,-0.2915893412388511,29.49793485829397,30,140.53137444697373,Dakar,air_quality_PM10
2025-10,60.093940529394565,-33.79766560080583,0.813687587077814,20.748447899651712,31,93.89160613020039,Dakar,air_quality_PM10
2025-11,24.550842549493865,-28.989170551228103,1.2788061380201705,14.651816263561225,30,53.540013100721964,Dakar,air_quality_PM10
2025-12,33.446332004882215,-30.801484081017755,-0.10892152502112487,20.48777342822187,31,64.24781608589997,Dakar,air_quality_PM10
2026-01,59.032867112911774,-46.45529675781791,-1.034930690775361,24.386168651267152,31,105.4881638707297,Dakar,air_quality_PM10
2026-02,77.33476795494552,-48.15813973782239,-1.361939107359671,29.38117001599023,28,125.49290769276791,Dakar,air_quality_PM10
2026-03,99.66941507243106,-46.97229552234366,-2.917554736792225,35.56137347884951,31,146.64171059477474,Dakar,air_quality_PM10
2026-04,154.54531718757468,-74.37203577143586,-2.218274105586306,48.69704122437494,30,228.91735295901054,Dakar,air_quality_PM10
2026-05,210.69243674371296,-27.371601395821475,27.377993533030445,60.30417671993584,15,238.06403813953443,Dakar,air_quality_PM10
2024-05,14.057246808065589,-5.011163390454433,4.282502549668914,5.50987937982911,16,19.06841019852002,Dakar,air_quality_Carbon_Monoxide
2024-06,9.980814260878503,-15.149699568369815,-0.46928714810014316,6.812119898090325,30,25.13051382924832,Dakar,air_quality_Carbon_Monoxide
2024-07,19.941778741402903,-16.62110076743664,-0.1436846951139386,7.998702923680317,31,36.56287950883954,Dakar,air_quality_Carbon_Monoxide
2024-08,27.427121098283106,-26.28967427594478,0.3367461775962621,13.541689602295902,31,53.716795374227885,Dakar,air_quality_Carbon_Monoxide
2024-09,41.65344271406796,-41.5939677749252,-0.509855525214818,21.06123039417759,30,83.24741048899315,Dakar,air_quality_Carbon_Monoxide
2024-10,63.83407651628402,-55.33695112722536,0.7729586797018831,26.13485783242429,31,119.17102764350938,Dakar,air_quality_Carbon_Monoxide
2024-11,79.04711582641497,-67.01493710898896,-0.07383027917694254,30.741948427708916,30,146.06205293540393,Dakar,air_quality_Carbon_Monoxide
2024-12,85.77025209379273,-52.891954866623344,0.6066313898581572,28.711324717654126,31,138.66220696041609,Dakar,air_quality_Carbon_Monoxide
2025-01,88.61130666128274,-38.30878201230425,0.2826343126292921,23.605906563765163,31,126.92008867358699,Dakar,air_quality_Carbon_Monoxide
2025-02,78.64314724515788,-28.542092340706837,0.2307066688648542,19.896361228112536,28,107.18523958586471,Dakar,air_quality_Carbon_Monoxide
2025-03,64.26298765980708,-19.849206178403666,-0.28632525051935376,18.01201099337427,31,84.11219383821074,Dakar,air_quality_Carbon_Monoxide
2025-04,39.07032498697003,-23.363691966306963,0.10619760761890014,15.389626919211372,30,62.434016953276995,Dakar,air_quality_Carbon_Monoxide
2025-05,41.571288522141465,-24.89306287703691,-0.44624134827861933,14.9072701241811,31,66.46435139917838,Dakar,air_quality_Carbon_Monoxide
2025-06,36.60543655559014,-25.05205011248447,-0.32992171574028073,14.14176840149488,30,61.65748666807461,Dakar,air_quality_Carbon_Monoxide
2025-07,33.29234113048951,-23.78494694352767,-0.7253864215622294,11.212362878013048,31,57.07728807401718,Dakar,air_quality_Carbon_Monoxide
2025-08,47.87360406960491,-19.42720625442879,-0.5226186491704964,12.726139574822524,31,67.3008103240337,Dakar,air_quality_Carbon_Monoxide
2025-09,44.53237384328485,-19.39662684339817,0.06214977250351222,13.616374761360385,30,63.929000686683025,Dakar,air_quality_Carbon_Monoxide
2025-10,28.03766129473292,-15.472617637985335,-0.060485563429488826,12.493694866821565,31,43.51027893271826,Dakar,air_quality_Carbon_Monoxide
2025-11,29.46003544955739,-15.199022774459008,0.19384048819834065,10.67227018381055,30,44.6590582240164,Dakar,air_quality_Carbon_Monoxide
2025-12,20.6556118261908,-12.451862493899462,1.0585602079967595,8.024043367507868,31,33.10747432009026,Dakar,air_quality_Carbon_Monoxide
2026-01,16.917114427974294,-10.388048507587548,0.19869462996537848,7.809282584304087,31,27.305162935561842,Dakar,air_quality_Carbon_Monoxide
2026-02,12.669330206123458,-12.215060829413474,-0.6152062452538688,6.50012183079554,28,24.884391035536932,Dakar,air_quality_Carbon_Monoxide
2026-03,9.912248744551995,-7.844589130064802,-0.09986157618418602,4.983590310297364,31,17.756837874616796,Dakar,air_quality_Carbon_Monoxide
2026-04,9.535181977835332,-8.265462196552404,-0.5068167691268696,4.59255682491482,30,17.800644174387735,Dakar,air_quality_Carbon_Monoxide
2026-05,14.402786962738556,-5.356405367497512,2.5836194586696863,5.7165099001695046,15,19.75919233023607,Dakar,air_quality_Carbon_Monoxide
2024-05,0.0017365306383673,-0.0058253526030637,-0.0023031646372401373,0.0020499945137604295,16,0.007561883241431,Dakar,visibility_km
2024-06,0.0126984419535716,-0.0037263534878783,0.0002966776792534433,0.004507904801855085,30,0.0164247954414499,Dakar,visibility_km
2024-07,0.0055251200612396,-0.004890344448864,0.0004622254648572404,0.002974211652728079,31,0.010415464510103601,Dakar,visibility_km
2024-08,0.0126034876103682,-0.0112971548049521,0.0005301096324417354,0.007089999418796528,31,0.0239006424153203,Dakar,visibility_km
2024-09,0.0874972107933984,-0.0615270697963689,-0.00013685303193242357,0.047215192796654086,30,0.1490242805897673,Dakar,visibility_km
2024-10,0.1530377866948693,-0.2606579838697249,0.00890106081289682,0.11735336244497327,31,0.41369577056459417,Dakar,visibility_km
2024-11,0.3560153648453588,-0.9880854345326548,0.054404383203144106,0.3597393618945142,30,1.3441007993780136,Dakar,visibility_km
2024-12,0.7325405090892501,-2.6262411281826465,-0.03786513324303823,0.8226071002592557,31,3.3587816372718966,Dakar,visibility_km
2025-01,1.146162679857001,-2.6549129286140096,0.005417393966923852,1.071999646698668,31,3.8010756084710104,Dakar,visibility_km
2025-02,1.495359769475083,-5.227297384775566,-0.31494980382742616,1.6783192305602384,28,6.7226571542506495,Dakar,visibility_km
2025-03,2.0588397948300146,-5.319808500218785,0.16822357859976106,1.430391840713788,31,7.3786482950488,Dakar,visibility_km
2025-04,1.1023603257315466,-5.338374740056085,0.09786164671677687,1.3154441102091605,30,6.440735065787631,Dakar,visibility_km
2025-05,1.1846943252975295,-6.828261441212763,-0.06991681867169634,1.9758009375271244,31,8.012955766510292,Dakar,visibility_km
2025-06,1.1800004939921651,-2.8908539840684884,0.09596482246890486,1.2370155675880672,30,4.070854478060653,Dakar,visibility_km
2025-07,0.6367749407106696,-2.056755404183124,0.005703784333203147,0.7291261265451072,31,2.693530344893794,Dakar,visibility_km
2025-08,0.3187596102119395,-1.1704083086186197,-0.026271684565987788,0.3951039925432974,31,1.489167918830559,Dakar,visibility_km
2025-09,0.0218895251436185,-0.2910117657675561,-0.009324373086240874,0.055879625885385226,30,0.3129012909111746,Dakar,visibility_km
2025-10,0.0101545287496467,-0.1415297688745414,-0.0021788088945550164,0.02604905362351146,31,0.1516842976241881,Dakar,visibility_km
2025-11,0.0013802963831487,-0.001763167591454,-0.00016756307645168363,0.0006620697844463361,30,0.0031434639746027,Dakar,visibility_km
2025-12,0.000522961130237,-0.0004135899481224,3.449650839274901e-05,0.00017418348289911496,31,0.0009365510783594,Dakar,visibility_km
2026-01,0.0001639503626054,-6.8226007941624e-05,-1.6992514755266907e-05,3.596684323127933e-05,31,0.000232176370547024,Dakar,visibility_km
2026-02,1.0595126216101187e-05,-1.973142610595791e-05,3.608417116764663e-07,6.944288111841861e-06,28,3.0326552322059095e-05,Dakar,visibility_km
2026-03,1.2657869152490132e-05,-8.557231582257819e-06,8.258813511346844e-07,3.753793387583668e-06,31,2.121510073474795e-05,Dakar,visibility_km
2026-04,1.81048895548819e-05,-6.41807613232153e-06,7.632228912480545e-07,5.046461689278613e-06,30,2.4522965687203427e-05,Dakar,visibility_km
2026-05,8.756318079098422e-06,-9.822333547628745e-06,-3.8599505545394155e-06,5.914799183645884e-06,15,1.8578651626727167e-05,Dakar,visibility_km
2024-05,0.8348935773848266,-0.5827023879121975,0.3596549587687973,0.37778573129386167,16,1.417595965297024,Dakar,uv_index
2024-06,0.7562502877233234,-1.7939987993371873,-0.046229976034590406,0.6002589455512211,30,2.550249087060511,Dakar,uv_index
2024-07,0.6664420773374815,-0.8824698350621605,-0.04043216624814633,0.42952180051004685,31,1.548911912399642,Dakar,uv_index
2024-08,0.9085283603371744,-0.9273564310825256,-0.027485276059973366,0.48478605420743,31,1.8358847914197,Dakar,uv_index
2024-09,1.779716723328543,-0.9876547396884828,0.018344511802697538,0.7488066095305592,30,2.767371463017026,Dakar,uv_index
2024-10,1.3767758069333835,-1.246435549198205,0.04093843211765476,0.6796516686260021,31,2.6232113561315886,Dakar,uv_index
2024-11,0.9527250723354036,-0.9137002128847108,-0.022028438910924184,0.5534645715466877,30,1.8664252852201144,Dakar,uv_index
2024-12,0.8687860142530871,-0.6993995277954294,-0.007641747319509488,0.3579817055354234,31,1.5681855420485165,Dakar,uv_index
2025-01,0.8002510404903904,-0.478326995135844,-0.012289362459001413,0.233398774813639,31,1.2785780356262344,Dakar,uv_index
2025-02,0.7954186406431265,-0.3621452338170363,0.011640584186645238,0.28599047110052067,28,1.1575638744601628,Dakar,uv_index
2025-03,0.5798436687007171,-0.6234221425057788,-0.022704158263782047,0.2425374172716555,31,1.2032658112064958,Dakar,uv_index
2025-04,0.3643253335297057,-0.4515834055064049,0.004418700951174654,0.20913880408521557,30,0.8159087390361106,Dakar,uv_index
2025-05,0.417313785466354,-0.5567137179850249,-0.001890581480475735,0.19985144998619805,31,0.9740275034513789,Dakar,uv_index
2025-06,0.721987083266537,-0.646419870546941,0.012300729794432235,0.21953955292228836,30,1.368406953813478,Dakar,uv_index
2025-07,0.9188067805796364,-0.3953878995342023,-0.0024420953627402086,0.21827764179838327,31,1.3141946801138387,Dakar,uv_index
2025-08,0.6235291778228786,-0.2419446371292817,0.00334987861478151,0.1494852662137423,31,0.8654738149521604,Dakar,uv_index
2025-09,0.4370983774317924,-0.0879682119625688,0.0028972450328823866,0.0989558818549471,30,0.5250665893943612,Dakar,uv_index
2025-10,0.1747408999251579,-0.0689675251468998,-0.0003605343767799591,0.051222278357638304,31,0.2437084250720577,Dakar,uv_index
2025-11,0.1041520075856061,-0.0629089689231766,-0.001467130260206903,0.035103426953183366,30,0.1670609765087827,Dakar,uv_index
2025-12,0.0499954659212953,-0.0378804821762807,0.00027117464753487105,0.01964123609325859,31,0.087875948097576,Dakar,uv_index
2026-01,0.0136993186054869,-0.0083529552018582,0.0003931275086171914,0.005691701360693025,31,0.0220522738073451,Dakar,uv_index
2026-02,0.000842409665264,-0.0007436157777909,0.00018572376236825,0.0005814720002650547,28,0.0015860254430549,Dakar,uv_index
2026-03,0.0004845899169158,-0.0001978470127189,7.376508556124919e-05,0.00016658109923585544,31,0.0006824369296347,Dakar,uv_index
2026-04,0.0013033332865222,-0.0003846210206295,5.692662268272063e-05,0.0004956497326360829,30,0.0016879543071516999,Dakar,uv_index
2026-05,-0.0002708960994886,-0.0007655568802381,-0.0005513181471133867,0.0001611244328877905,15,0.0004946607807495001,Dakar,uv_index
2024-05,2.368428553861176,-4.904007480383709,-0.37526964360293574,2.0924145613237157,16,7.272436034244885,Kyiv,temperature_celsius
2024-06,4.407352688627766,-7.372879922870647,0.13207263473710304,2.952989007794389,30,11.780232611498413,Kyiv,temperature_celsius
2024-07,3.415056448909996,-5.380066226779624,0.1933687408426659,2.3593111104044238,31,8.795122675689619,Kyiv,temperature_celsius
2024-08,4.641278208582444,-3.4921071650819897,0.09484136197498395,1.9829960638748758,31,8.133385373664435,Kyiv,temperature_celsius
2024-09,5.178577504807596,-3.4215878913727664,-0.030088733961422857,1.7047435893629477,30,8.600165396180362,Kyiv,temperature_celsius
2024-10,4.150555704521011,-2.268930429763872,-0.08557719661918127,1.3312038236700554,31,6.419486134284883,Kyiv,temperature_celsius
2024-11,2.865212404167424,-2.9221771620811143,-0.043971652010070916,1.4003003167051964,30,5.787389566248539,Kyiv,temperature_celsius
2024-12,2.3819255558976025,-3.496488241072145,0.017210469287960654,1.5708402622983613,31,5.878413796969747,Kyiv,temperature_celsius
2025-01,3.2934532344669067,-3.2373239462877312,0.1132809715566528,1.6011178520479799,31,6.530777180754638,Kyiv,temperature_celsius
2025-02,3.165677490968321,-3.1311352208718555,-0.13385110126190772,1.7812180418704289,28,6.296812711840177,Kyiv,temperature_celsius
2025-03,3.9663264248899663,-4.281399098262813,0.050664743418264095,2.4738964048652865,31,8.24772552315278,Kyiv,temperature_celsius
2025-04,6.04145182626955,-5.243121876697599,-0.06343793079381034,2.955713423455789,30,11.28457370296715,Kyiv,temperature_celsius
2025-05,6.558095859005704,-5.432665052295087,-0.11561353847787828,2.729445204122788,31,11.99076091130079,Kyiv,temperature_celsius
2025-06,5.327798424904663,-4.107811834292963,-0.11035430486713578,2.0841490954034017,30,9.435610259197626,Kyiv,temperature_celsius
2025-07,3.867031589321681,-3.733862805548376,-0.1551816635906685,2.0457373426013445,31,7.600894394870057,Kyiv,temperature_celsius
2025-08,4.30044950189486,-3.659420118345105,0.05329410440568347,2.0428673218239872,31,7.9598696202399655,Kyiv,temperature_celsius
2025-09,4.036400895770601,-2.9195294995329766,0.03960014656636018,1.6301346967310546,30,6.955930395303578,Kyiv,temperature_celsius
2025-10,4.079030869152569,-3.1189587087948443,0.11973091559321035,1.4369494458810275,31,7.197989577947413,Kyiv,temperature_celsius
2025-11,3.08976080568744,-2.6914329298405413,0.016644002326907027,1.5981656297440578,30,5.781193735527982,Kyiv,temperature_celsius
2025-12,4.958331104577521,-4.833995411982167,-0.033830440496280346,2.2605648490289867,31,9.792326516559688,Kyiv,temperature_celsius
2026-01,3.878922090217989,-7.442527291529237,0.054176562111952854,2.4755645686958445,31,11.321449381747225,Kyiv,temperature_celsius
2026-02,3.4496988667267874,-8.322908830864511,-0.15676145454982612,2.455775857748881,28,11.7726076975913,Kyiv,temperature_celsius
2026-03,2.998848246526604,-5.960178298047664,-0.11039021335341435,2.121789628565705,31,8.959026544574268,Kyiv,temperature_celsius
2026-04,4.803678724103014,-4.970977132038708,-0.07986589769554052,2.388607165447926,30,9.774655856141722,Kyiv,temperature_celsius
2026-05,6.830406527169245,-3.3162916051406306,1.37740613257608,3.16346625053219,15,10.146698132309876,Kyiv,temperature_celsius
2024-05,19.409245239929668,-12.553085378263932,-3.7918713134505158,8.526111740526606,16,31.962330618193597,Kyiv,humidity
2024-06,19.917673105801452,-9.727396532108436,0.006543981125253495,8.088489573398405,30,29.645069637909888,Kyiv,humidity
2024-07,16.893737935044847,-7.720932377722544,-0.045434457124628055,5.816346381477254,31,24.61467031276739,Kyiv,humidity
2024-08,14.327207121236963,-6.319889531647339,0.016434832341476833,4.698076119640517,31,20.6470966528843,Kyiv,humidity
2024-09,11.072925259140057,-7.021838327868076,0.10291189775133995,4.887506623989595,30,18.09476358700813,Kyiv,humidity
2024-10,11.620429014179816,-8.048882993229716,0.47165700028700364,5.668184084843569,31,19.66931200740953,Kyiv,humidity
2024-11,11.655114431847938,-10.962781693878584,0.4131881184933698,6.470078056662184,30,22.617896125726524,Kyiv,humidity
2024-12,10.32157028012712,-12.31936340456816,0.23547255334248537,6.8661459227896735,31,22.640933684695277,Kyiv,humidity
2025-01,11.162178455057225,-13.284355184197397,-0.0675582854031301,6.53885410989837,31,24.44653363925462,Kyiv,humidity
2025-02,10.779520265869502,-11.70580106090912,-0.214181798403493,5.618362711908671,28,22.485321326778624,Kyiv,humidity
2025-03,16.040970661333837,-9.819573790916117,-0.41625623379305443,5.405028758011423,31,25.860544452249954,Kyiv,humidity
2025-04,15.42229233208738,-8.192855970338842,-0.0479762201834415,5.945694534308114,30,23.61514830242622,Kyiv,humidity
2025-05,16.36003528674335,-7.27051690240209,0.006795688963571082,5.591266116193296,31,23.63055218914544,Kyiv,humidity
2025-06,11.635803961503692,-7.824357522396234,-0.0035803075119859844,4.078202208481676,30,19.460161483899924,Kyiv,humidity
2025-07,10.672822331384191,-7.936881309060682,0.28468425286369375,4.067002022593109,31,18.609703640444874,Kyiv,humidity
2025-08,12.717115813226664,-8.348920572245145,0.008373329742901742,5.014867847050734,31,21.06603638547181,Kyiv,humidity
2025-09,12.638292923559565,-9.517845505308136,-0.2125467822817689,5.210267300575445,30,22.1561384288677,Kyiv,humidity
2025-10,9.1982270609749,-10.08293238969467,-0.28075981969447533,4.875320172108682,31,19.28115945066957,Kyiv,humidity
2025-11,10.005937277261966,-8.762160951206864,-0.1171404213236958,4.409799619346771,30,18.76809822846883,Kyiv,humidity
2025-12,8.110454363456954,-8.533182244470101,0.08937406201454436,3.991567687441497,31,16.643636607927057,Kyiv,humidity
2026-01,5.236119212907257,-6.706277237576347,0.2498376784101545,3.2722527133997033,31,11.942396450483603,Kyiv,humidity
2026-02,6.231924633224792,-7.187792744837229,-0.43313980434712324,3.934811363738713,28,13.419717378062021,Kyiv,humidity
2026-03,13.976783524953497,-14.287086516148609,-0.3015363335699886,6.845956937335441,31,28.263870041102106,Kyiv,humidity
2026-04,21.2031192560997,-21.792554338132494,-0.30661106215479916,10.44239487107127,30,42.995673594232194,Kyiv,humidity
2026-05,29.173243714740742,-21.898071815340547,3.6492695635583074,14.241682851627878,15,51.07131553008129,Kyiv,humidity
2024-05,6.098433423521226,-2.0297669891797003,1.811636756673646,2.358130290982012,16,8.128200412700927,Kyiv,pressure_mb
2024-06,4.222222697011816,-7.335099441602369,-0.10389822313190258,3.0044139854532643,30,11.557322138614186,Kyiv,pressure_mb
2024-07,3.273857513322051,-6.195892153215177,-0.11473942056560243,2.332336741001273,31,9.46974966653723,Kyiv,pressure_mb
2024-08,3.679654521058388,-5.138299027027004,-0.07652025394204745,2.431900489379613,31,8.817953548085391,Kyiv,pressure_mb
2024-09,7.013461067934856,-6.536803083908162,0.11950992484133924,3.5129855920970803,30,13.550264151843018,Kyiv,pressure_mb
2024-10,12.601534046645746,-9.4929146869988,0.004961211710359699,4.364580658385407,31,22.094448733644548,Kyiv,pressure_mb
2024-11,9.08225187437008,-12.01899954518066,-0.02349843670710824,4.487966731691383,30,21.101251419550742,Kyiv,pressure_mb
2024-12,8.811171903355325,-12.33343855960193,0.014470392534110267,4.5045969041700875,31,21.144610462957253,Kyiv,pressure_mb
2025-01,9.954305425405089,-10.51013910477912,0.10062381587233939,4.506537840230634,31,20.46444453018421,Kyiv,pressure_mb
2025-02,10.02826331354222,-12.15570256239591,-0.13392402802752898,4.779641112882235,28,22.183965875938128,Kyiv,pressure_mb
2025-03,7.572347074836191,-12.49587767553739,-0.07557739405678957,4.069893436480654,31,20.06822475037358,Kyiv,pressure_mb
2025-04,4.2443921497929376,-9.112552320980337,-0.2828100041664094,3.0343664520024873,30,13.356944470773275,Kyiv,pressure_mb
2025-05,3.544537579199221,-3.618426285733253,-0.2597257643637678,1.6580862003650527,31,7.162963864932474,Kyiv,pressure_mb
2025-06,4.55717040034695,-3.703349991312849,-0.22099030856147733,2.020314441443853,30,8.2605203916598,Kyiv,pressure_mb
2025-07,3.819408195526308,-4.021297756727694,-0.0480916502886842,2.5627373879179913,31,7.840705952254003,Kyiv,pressure_mb
2025-08,4.495668312342309,-4.395815987395402,-0.05410335687428945,2.848827630389868,31,8.89148429973771,Kyiv,pressure_mb
2025-09,4.4154601642690805,-6.864560266633488,-0.054450454627582315,3.081480808015658,30,11.280020430902567,Kyiv,pressure_mb
2025-10,5.158848907729416,-8.781382912836444,0.10354110288234233,3.223847706709876,31,13.94023182056586,Kyiv,pressure_mb
2025-11,5.625193749034733,-8.454757427497071,-0.07164229573128374,3.559658726242222,30,14.079951176531804,Kyiv,pressure_mb
2025-12,6.972019338067324,-11.363111092383232,0.00384212208240153,4.154692804908256,31,18.335130430450555,Kyiv,pressure_mb
2026-01,7.12566757700481,-13.602689617393596,0.05679314599713162,4.796323071665644,31,20.728357194398406,Kyiv,pressure_mb
2026-02,6.10342674657563,-9.62882853353386,0.018595370840926457,4.570107551948258,28,15.732255280109488,Kyiv,pressure_mb
2026-03,8.938460692442552,-8.529178529993587,0.17617097665608997,4.168178463946769,31,17.46763922243614,Kyiv,pressure_mb
2026-04,13.502800042613584,-12.581188612863045,0.042497272023108226,5.1921160890369755,30,26.08398865547663,Kyiv,pressure_mb
2026-05,11.204696137162584,-11.13053725841857,0.2107654777469623,5.694593601299061,15,22.335233395581156,Kyiv,pressure_mb
2024-05,-0.0011914360533911,-0.0013510314864669,-0.0012691102388996125,4.8860939774192266e-05,16,0.00015959543307579984,Kyiv,precip_mm
2024-06,0.0323713529079588,-0.0011937196965247,3.501602001730322e-05,0.006107692917157777,30,0.0335650726044835,Kyiv,precip_mm
2024-07,0.0258585888890038,-0.0009656388482775,1.0297007443941978e-05,0.004797689078100711,31,0.0268242277372813,Kyiv,precip_mm
2024-08,0.0193509290375891,-0.0007371115096067,2.7155365138912958e-05,0.0035870290683654702,31,0.0200880405471958,Kyiv,precip_mm
2024-09,0.0128620461951787,-0.0004999735105875,3.261278829964666e-05,0.0024236367361445185,30,0.0133620197057662,Kyiv,precip_mm
2024-10,0.0072238501603423,-0.0003894501826412,5.56696367814516e-05,0.001487058671242772,31,0.0076133003429835,Kyiv,precip_mm
2024-11,0.006355960144782,-0.0003674552051691,-2.3551491441443338e-05,0.0012062368570679074,30,0.006723415349951099,Kyiv,precip_mm
2024-12,0.0095215126798881,-0.0004974773681535,2.923784794190646e-05,0.0018670656332189907,31,0.0100189900480416,Kyiv,precip_mm
2025-01,0.0064406871595859,-0.0005979523727086,-9.762181106790305e-06,0.0015059731955914951,31,0.0070386395322944995,Kyiv,precip_mm
2025-02,0.0098131567428346,-0.0004785725310622,0.0001467768608129449,0.001905582643596351,28,0.010291729273896799,Kyiv,precip_mm
2025-03,0.0090438144168522,-0.0993207956206923,-0.00513674287209805,0.01829825442230156,31,0.10836461003754451,Kyiv,precip_mm
2025-04,0.3142644750329633,-0.0653065865650772,0.00861106958607574,0.06655301782644106,30,0.3795710615980405,Kyiv,precip_mm
2025-05,0.971323460444197,-0.0925104017392847,0.01882624753596492,0.2586246574290779,31,1.0638338621834817,Kyiv,precip_mm
2025-06,0.8155156777944034,-0.1327206743214224,-0.011950907552546934,0.19786588264577648,30,0.9482363521158258,Kyiv,precip_mm
2025-07,1.743451615267772,-0.1359495584948812,0.007940223992669722,0.35056181451195706,31,1.879401173762653,Kyiv,precip_mm
2025-08,0.2824061961068551,-0.0992757357698494,-0.013887921387938876,0.08670921865579806,31,0.38168193187670446,Kyiv,precip_mm
2025-09,0.1602106277198217,-0.0411387287367857,-0.001158358690731204,0.040377053051727854,30,0.2013493564566074,Kyiv,precip_mm
2025-10,0.0804286463628738,-0.0279208703422676,-0.001610221421335787,0.021905875649260793,31,0.10834951670514141,Kyiv,precip_mm
2025-11,0.0572795346465608,-0.006147408085163,-0.00112974867884197,0.011337976217339053,30,0.06342694273172379,Kyiv,precip_mm
2025-12,0.0385217726625063,-0.0027991250207909,-0.00022354205534339357,0.007517468264084299,31,0.041320897683297206,Kyiv,precip_mm
2026-01,0.0250927145358523,-0.001983441919847,-0.00013761614395632908,0.005375627476122939,31,0.0270761564556993,Kyiv,precip_mm
2026-02,0.0118450431854952,-0.001654816647291,-4.825419795347504e-05,0.003780339874829417,28,0.0134998598327862,Kyiv,precip_mm
2026-03,0.0138066867646839,-0.0015547715601444,-0.00019303531600642256,0.0035706239004825594,31,0.0153614583248283,Kyiv,precip_mm
2026-04,0.0188417179207012,-0.0144325650676348,-0.0001646374976494667,0.005409366890988674,30,0.033274282988336,Kyiv,precip_mm
2026-05,0.0090629156612176,-0.0010777927375143,0.0003418553685760267,0.003497925242137009,15,0.0101407083987319,Kyiv,precip_mm
2024-05,4.613474746027596,-4.226623206647165,-0.5187004070099979,2.9644467496999924,16,8.84009795267476,Kyiv,wind_kph
2024-06,17.337030949846014,-5.690371984515675,0.006629232843560806,4.405993369261799,30,23.02740293436169,Kyiv,wind_kph
2024-07,13.23266449623281,-4.41706022238685,0.07769684390203349,3.5328398965590733,31,17.64972471861966,Kyiv,wind_kph
2024-08,9.14871822914121,-4.791336322950798,0.15965282147066062,3.351917449603817,31,13.940054552092008,Kyiv,wind_kph
2024-09,6.530988920263787,-6.532597802222291,0.03687656035272222,3.338779904859509,30,13.063586722486079,Kyiv,wind_kph
2024-10,7.539268587617251,-8.508481804488857,-0.08044693223304825,3.270350654780808,31,16.04775039210611,Kyiv,wind_kph
2024-11,6.654457008324594,-9.851347783651102,-0.1451496842188294,3.408032985116008,30,16.505804791975695,Kyiv,wind_kph
2024-12,4.777151582040715,-7.776301288342434,-0.29139554345661256,3.5897790548566357,31,12.553452870383149,Kyiv,wind_kph
2025-01,5.118160129367867,-7.769703203826089,0.010014475335629535,3.367946858641229,31,12.887863333193955,Kyiv,wind_kph
2025-02,6.466318100885855,-6.942924389935143,0.2149844562847003,3.686751793406872,28,13.409242490820997,Kyiv,wind_kph
2025-03,6.105838119562527,-7.079405341846188,0.045343263966823394,3.7823904102083112,31,13.185243461408716,Kyiv,wind_kph
2025-04,6.945227626047121,-6.732773202207217,0.1755523378690584,3.714881870215206,30,13.678000828254337,Kyiv,wind_kph
2025-05,5.62656175771498,-6.601407621726649,0.28754108670097905,3.5506633448661895,31,12.227969379441628,Kyiv,wind_kph
2025-06,6.368137435728235,-5.367088728417746,0.04971307344970004,2.9565043842343535,30,11.735226164145981,Kyiv,wind_kph
2025-07,7.973208035662888,-5.1647600632090205,0.1828788682524423,2.925913872319739,31,13.137968098871909,Kyiv,wind_kph
2025-08,8.365025807315622,-4.418927910949404,0.02450206840011379,3.0719389204672405,31,12.783953718265025,Kyiv,wind_kph
2025-09,7.152356275765056,-4.3156025470628405,-0.10399903565627794,3.201255362200593,30,11.467958822827896,Kyiv,wind_kph
2025-10,5.206015473895,-4.201395103617686,0.028385812458756633,2.951081801872645,31,9.407410577512685,Kyiv,wind_kph
2025-11,4.965755212362196,-5.627749795761274,-0.15362607285437282,2.7799931037292755,30,10.59350500812347,Kyiv,wind_kph
2025-12,4.995213646412208,-5.693865074367532,-0.1663276535901109,2.5825603028808355,31,10.68907872077974,Kyiv,wind_kph
2026-01,7.826569819808582,-4.995945273745903,-0.19098188540661104,2.72930682305976,31,12.822515093554486,Kyiv,wind_kph
2026-02,8.895747206793764,-4.307491161087314,0.06772926084173816,2.949942934386791,28,13.203238367881077,Kyiv,wind_kph
2026-03,8.996136552966327,-4.049258228687052,-0.003519644379766778,3.051218348043992,31,13.045394781653378,Kyiv,wind_kph
2026-04,12.21597205507888,-5.806429719814767,0.028684898474928743,4.104069482196733,30,18.02240177489365,Kyiv,wind_kph
2026-05,14.166291717884484,-7.819586008968685,0.37858986858119964,5.2844413710287474,15,21.985877726853168,Kyiv,wind_kph
2024-05,2.989380563404296,-1.3978083984097174,0.2275266529131647,1.3508611327522917,16,4.387188961814013,Kyiv,air_quality_PM2.5
2024-06,1.7971510628801166,-2.513681077573372,-0.01359841819425512,1.114864347973457,30,4.310832140453488,Kyiv,air_quality_PM2.5
2024-07,1.1693879766764517,-1.679974162865839,-0.04800860620095106,0.903633805504046,31,2.849362139542291,Kyiv,air_quality_PM2.5
2024-08,2.73039480153267,-2.5258880738446274,-0.06250853056318043,1.5059143782966118,31,5.256282875377297,Kyiv,air_quality_PM2.5
2024-09,5.025141593403448,-4.899279909845282,-0.012335825220019369,2.8944513396479095,30,9.92442150324873,Kyiv,air_quality_PM2.5
2024-10,9.510698818153145,-7.248288155580267,0.5051721508977594,5.303441276441345,31,16.758986973733414,Kyiv,air_quality_PM2.5
2024-11,11.84491830517268,-10.343980947471646,0.26110709180470876,6.8214665057543895,30,22.188899252644326,Kyiv,air_quality_PM2.5
2024-12,14.773144792545107,-13.23994139675701,0.33606322290731605,8.202611676439545,31,28.013086189302115,Kyiv,air_quality_PM2.5
2025-01,17.23919085091862,-14.967004483020148,0.3804096775640072,8.900478829524133,31,32.206195333938766,Kyiv,air_quality_PM2.5
2025-02,18.857117086277288,-12.814895301973648,-0.311446251553768,8.714465147324205,28,31.672012388250934,Kyiv,air_quality_PM2.5
2025-03,18.999748243329417,-14.122459881577775,-0.0794114208662953,7.726339738290163,31,33.12220812490719,Kyiv,air_quality_PM2.5
2025-04,15.753437029140075,-9.48744830774244,-0.2635279705981237,6.119320999496373,30,25.240885336882513,Kyiv,air_quality_PM2.5
2025-05,10.87174286544751,-6.26391077526223,-0.38578812566703036,3.7589965548285478,31,17.13565364070974,Kyiv,air_quality_PM2.5
2025-06,7.457158212666427,-5.118584755712033,-0.2965740756129167,2.392387884503081,30,12.57574296837846,Kyiv,air_quality_PM2.5
2025-07,4.881896007035934,-5.376245993143111,-0.28096814239251505,2.5036586419368096,31,10.258142000179046,Kyiv,air_quality_PM2.5
2025-08,5.410775585781768,-5.5043740997698,0.03944317208874505,2.3387851690198147,31,10.915149685551569,Kyiv,air_quality_PM2.5
2025-09,4.218121193735548,-4.7379605161507135,0.00837613383513916,2.1362081666115875,30,8.956081709886261,Kyiv,air_quality_PM2.5
2025-10,4.2777737623002,-4.1558384773778405,-0.0031304248316698555,2.311889518867641,31,8.433612239678041,Kyiv,air_quality_PM2.5
2025-11,6.049163759873419,-4.055740810741425,0.010102114095883193,2.5056257375508535,30,10.104904570614845,Kyiv,air_quality_PM2.5
2025-12,7.662679261968575,-4.498865972135381,0.007797830655827502,2.747598632890679,31,12.161545234103956,Kyiv,air_quality_PM2.5
2026-01,8.341921420939867,-4.247458489489431,0.14273031248756546,2.9513475489423873,31,12.589379910429297,Kyiv,air_quality_PM2.5
2026-02,5.891336911823363,-3.5988289242850917,0.13098835859567173,2.59628815186902,28,9.490165836108455,Kyiv,air_quality_PM2.5
2026-03,5.742445523617637,-4.039391854552688,-0.0016959512883671815,2.088898460392635,31,9.781837378170327,Kyiv,air_quality_PM2.5
2026-04,5.08395294739443,-4.218101901718741,-0.01132996513213002,1.990095472864652,30,9.302054849113171,Kyiv,air_quality_PM2.5
2026-05,3.136375451978807,-4.2391836143258645,-0.5579995076551361,1.7736591236916377,15,7.375559066304671,Kyiv,air_quality_PM2.5
2024-05,3.614903791372837,-1.5028007110386827,0.6590194483312344,1.5479130111102475,16,5.11770450241152,Kyiv,air_quality_PM10
2024-06,2.0184172484543192,-4.024841541488383,-0.16461391966526864,1.5754689291221509,30,6.043258789942703,Kyiv,air_quality_PM10
2024-07,3.0426505102579644,-2.7003575647199707,-0.21392385779932813,1.3500968050406035,31,5.743008074977935,Kyiv,air_quality_PM10
2024-08,10.461607829084365,-5.572482360755141,-0.3533924853008116,3.183896165924118,31,16.034090189839507,Kyiv,air_quality_PM10
2024-09,17.862615920221813,-7.339318708459845,-0.1098443872977535,5.461767647840957,30,25.20193462868166,Kyiv,air_quality_PM10
2024-10,28.53695421032702,-9.349178063553618,1.1517389466309285,9.608132130049825,31,37.88613227388064,Kyiv,air_quality_PM10
2024-11,18.08685394461729,-11.78401873194133,0.33158024666702024,8.592941321341355,30,29.87087267655862,Kyiv,air_quality_PM10
2024-12,18.39512224808701,-14.75545667634174,0.40459397684900067,8.900503245950283,31,33.15057892442875,Kyiv,air_quality_PM10
2025-01,21.02624585421127,-16.512816877625333,0.4416031181159757,9.380335212985283,31,37.5390627318366,Kyiv,air_quality_PM10
2025-02,26.95318283099294,-14.626360554665537,-0.40462797729110755,9.977802019731461,28,41.579543385658475,Kyiv,air_quality_PM10
2025-03,19.98090407093156,-12.241325752531042,-0.05057903155743178,8.339065526066705,31,32.222229823462605,Kyiv,air_quality_PM10
2025-04,20.941567001945742,-11.351835612056188,-0.335019796530745,7.150474132856417,30,32.293402614001934,Kyiv,air_quality_PM10
2025-05,16.453897276571965,-7.540007646774709,-0.5309364443680578,4.7925082622119834,31,23.993904923346673,Kyiv,air_quality_PM10
2025-06,12.640180130673782,-6.384814568994202,-0.30400881580235234,3.558815459427192,30,19.024994699667985,Kyiv,air_quality_PM10
2025-07,8.970713611950021,-5.890043817290734,-0.30267810591428546,3.669465699660426,31,14.860757429240756,Kyiv,air_quality_PM10
2025-08,7.447021894000651,-7.0212535998870935,0.051505176614910546,3.420939814643378,31,14.468275493887745,Kyiv,air_quality_PM10
2025-09,5.938721571217158,-6.051664661729256,0.0426776604125154,3.040328958612507,30,11.990386232946413,Kyiv,air_quality_PM10
2025-10,5.677105524706464,-4.642931232426618,-0.024407373529350514,2.928399655461131,31,10.320036757133082,Kyiv,air_quality_PM10
2025-11,7.118190028588073,-5.113331733844518,-0.0034263692534672262,3.080185149433754,30,12.23152176243259,Kyiv,air_quality_PM10
2025-12,9.284674958433708,-5.231876150347876,-0.054267440547184895,3.4011465440856967,31,14.516551108781584,Kyiv,air_quality_PM10
2026-01,10.414466141082382,-5.300911816811486,0.11295714477095188,3.766638867144135,31,15.715377957893867,Kyiv,air_quality_PM10
2026-02,11.252462597041587,-4.8749008549287565,0.26061796533279397,3.7192132335987043,28,16.127363451970343,Kyiv,air_quality_PM10
2026-03,15.15962823473632,-5.668044130262311,0.03273724868140609,3.789991125046456,31,20.827672364998634,Kyiv,air_quality_PM10
2026-04,18.55435691319657,-6.5751238509284855,0.041477305993339535,4.483652305660814,30,25.129480764125056,Kyiv,air_quality_PM10
2026-05,7.026691800298271,-7.365329052680382,-1.1842269353928607,3.124987814329029,15,14.392020852978654,Kyiv,air_quality_PM10
2024-05,16.93747364815592,-9.761847657258908,-1.8901149868850442,8.560027362868434,16,26.699321305414827,Kyiv,air_quality_Carbon_Monoxide
2024-06,15.271676921356828,-9.45507441747644,0.28393929887319935,7.663924281592501,30,24.726751338833267,Kyiv,air_quality_Carbon_Monoxide
2024-07,21.41290268904401,-11.142794083310124,0.27678724357660944,7.769499505794346,31,32.55569677235413,Kyiv,air_quality_Carbon_Monoxide
2024-08,40.80085588602357,-18.343851224725803,0.4511018179649061,14.23718313345213,31,59.14470711074937,Kyiv,air_quality_Carbon_Monoxide
2024-09,61.35144186265527,-40.5180954884782,0.7384444841692285,25.717030373595655,30,101.86953735113347,Kyiv,air_quality_Carbon_Monoxide
2024-10,100.84780345437171,-57.47118759512726,2.61280340989424,40.645495637391996,31,158.31899104949898,Kyiv,air_quality_Carbon_Monoxide
2024-11,130.2157041365357,-65.44646963999101,3.4214785030963166,49.751480190006376,30,195.66217377652669,Kyiv,air_quality_Carbon_Monoxide
2024-12,155.64548748762357,-74.08019898612773,3.978347113384952,61.32722325215459,31,229.7256864737513,Kyiv,air_quality_Carbon_Monoxide
2025-01,143.30063378582255,-79.87190867835679,-0.9956077985699221,62.75019013175961,31,223.17254246417934,Kyiv,air_quality_Carbon_Monoxide
2025-02,156.93179393784092,-86.4421693993628,1.1797722983966243,64.91223249503582,28,243.37396333720372,Kyiv,air_quality_Carbon_Monoxide
2025-03,158.28759778411674,-78.80645896114954,-2.7594727316176515,58.44920699802525,31,237.0940567452663,Kyiv,air_quality_Carbon_Monoxide
2025-04,122.74839666798276,-63.1039551255623,-1.412028871255484,48.0956307383334,30,185.85235179354507,Kyiv,air_quality_Carbon_Monoxide
2025-05,104.92400685776182,-47.462887915997165,-3.1805131066369445,36.26639223580487,31,152.386894773759,Kyiv,air_quality_Carbon_Monoxide
2025-06,83.88860943588485,-40.2085462924737,-1.768872904084838,26.792078323679522,30,124.09715572835854,Kyiv,air_quality_Carbon_Monoxide
2025-07,64.37516174119519,-50.70536010896432,-1.4714504983795378,25.858692434018906,31,115.0805218501595,Kyiv,air_quality_Carbon_Monoxide
2025-08,96.70850498786402,-47.04071022506322,1.585635226772163,30.30398094587196,31,143.74921521292725,Kyiv,air_quality_Carbon_Monoxide
2025-09,74.05437111730076,-58.43173006950135,1.0899445846768212,27.38607077895777,30,132.4861011868021,Kyiv,air_quality_Carbon_Monoxide
2025-10,48.18903545312159,-88.67752148122386,-0.8930426397674908,26.66207763895587,31,136.86655693434545,Kyiv,air_quality_Carbon_Monoxide
2025-11,56.264090177751314,-52.76167691885269,-1.6764080409068198,23.572956827617503,30,109.025767096604,Kyiv,air_quality_Carbon_Monoxide
2025-12,66.03498391467483,-34.934762249094206,-0.5109459974677665,23.863273595502307,31,100.96974616376903,Kyiv,air_quality_Carbon_Monoxide
2026-01,69.9566490839293,-31.41099188286487,1.054793115910249,21.706556784311143,31,101.36764096679417,Kyiv,air_quality_Carbon_Monoxide
2026-02,40.39055993786668,-26.717343265752845,-0.5237302196466868,16.977324343429245,28,67.10790320361953,Kyiv,air_quality_Carbon_Monoxide
2026-03,25.142208231761416,-19.22838550926259,0.11079426261743351,12.155087871694343,31,44.37059374102401,Kyiv,air_quality_Carbon_Monoxide
2026-04,29.074738772295746,-20.501554278680608,-0.28800521010922736,12.19023489116431,30,49.57629305097635,Kyiv,air_quality_Carbon_Monoxide
2026-05,34.00913817349598,-19.89740247103612,-0.6826336622371391,17.331678219333472,15,53.9065406445321,Kyiv,air_quality_Carbon_Monoxide
2024-05,8.44897538242682e-10,-2.161096619931949e-09,-7.005268950636044e-10,7.491287391472122e-10,16,3.005994158174631e-09,Kyiv,visibility_km
2024-06,1.714993888183011e-09,-1.3672813880717535e-09,8.706623649983649e-11,7.545537431387796e-10,30,3.0822752762547647e-09,Kyiv,visibility_km
2024-07,5.872806286002911e-10,-3.664250346395192e-10,1.2150348095660053e-10,2.6485275264630936e-10,31,9.537056632398101e-10,Kyiv,visibility_km
2024-08,1.668420078523455e-09,-1.3492692119151924e-09,4.858421628173516e-10,8.448426294196587e-10,31,3.0176892904386474e-09,Kyiv,visibility_km
2024-09,7.070040665651647e-09,-1.679858607520591e-09,1.2630301990551794e-09,1.800847342156273e-09,30,8.749899273172238e-09,Kyiv,visibility_km
2024-10,7.382271404954231e-09,-1.5795687118900312e-08,-2.105977577319872e-09,5.294820523383286e-09,31,2.3177958523854545e-08,Kyiv,visibility_km
2024-11,6.832764886236515e-08,-2.5441498553521167e-08,-9.298394543670043e-09,2.2335884718516382e-08,30,9.376914741588632e-08,Kyiv,visibility_km
2024-12,3.037416549234118e-07,-1.3454116059193874e-07,1.4015224882862319e-08,1.0187628738515538e-07,31,4.3828281551535054e-07,Kyiv,visibility_km
2025-01,4.566562272346149e-06,-3.2999915080067787e-06,6.499015714723221e-07,1.1150721605906068e-06,31,7.866553780352928e-06,Kyiv,visibility_km
2025-02,1.3579642267999943e-05,-8.03582045241697e-06,1.1976279182937066e-06,6.499000491152278e-06,28,2.1615462720416913e-05,Kyiv,visibility_km
2025-03,5.718763849096063e-05,-6.941518937977042e-05,4.080018098680462e-06,3.152500547007658e-05,31,0.00012660282787073105,Kyiv,visibility_km
2025-04,0.0001281337498598,-0.0002000770225409,-1.6531653129203513e-05,0.00010059397154015527,30,0.0003282107724007,Kyiv,visibility_km
2025-05,0.0018566966776544,-0.0003447583010095,0.0002796472676012319,0.000397197684689134,31,0.0022014549786639,Kyiv,visibility_km
2025-06,0.0262007771689288,-0.018439694205046,0.0057619767378323,0.012719953497567398,30,0.0446404713739748,Kyiv,visibility_km
2025-07,0.0338555380479982,-0.1281931563191116,-0.003521397254346629,0.0404007240617936,31,0.1620486943671098,Kyiv,visibility_km
2025-08,0.0377011207493056,-0.0269429917676943,-0.003959670953858387,0.020493752182367285,31,0.0646441125169999,Kyiv,visibility_km
2025-09,0.374000746710084,-0.0700584600935864,-0.0069329614728924705,0.0795307045121526,30,0.4440592068036704,Kyiv,visibility_km
2025-10,0.7391633834033509,-0.1059818035012267,-0.03467643053381016,0.16161103326715243,31,0.8451451869045775,Kyiv,visibility_km
2025-11,1.4889856327553703,-8.55365600290939,0.03821604566497346,2.901625315033239,30,10.042641635664761,Kyiv,visibility_km
2025-12,3.284618949817308,-8.241628032316491,-0.06818026170291734,3.0472858113617742,31,11.526246982133799,Kyiv,visibility_km
2026-01,10.428315552876033,-6.652897566265195,-0.1430539169062994,2.955944173215048,31,17.08121311914123,Kyiv,visibility_km
2026-02,6.112537962300802,-3.133930900508287,0.22395375392612119,2.4373919989914783,28,9.246468862809088,Kyiv,visibility_km
2026-03,4.810384462996924,-6.519055174544448,0.02505791856502675,2.087805569825021,31,11.329439637541373,Kyiv,visibility_km
2026-04,5.165249889728012,-14.594119431339704,0.1097277367653111,3.231424455511338,30,19.759369321067716,Kyiv,visibility_km
2026-05,4.119707794371675,-23.103364919777533,0.22396589159881983,6.571865092920596,15,27.223072714149207,Kyiv,visibility_km
2024-05,1.2130359718386077,-1.4693964852817898,0.08004228121728309,0.862850602388806,16,2.6824324571203975,Kyiv,uv_index
2024-06,1.0669641145075768,-1.9251361267699847,0.008052427467418136,0.6753664994460116,30,2.9921002412775612,Kyiv,uv_index
2024-07,0.9260018365908456,-1.533377617118034,0.0323596811819249,0.5800180564284819,31,2.4593794537088796,Kyiv,uv_index
2024-08,0.9665972799782268,-1.1557444322340231,0.009174383255806589,0.5344313610581095,31,2.1223417122122497,Kyiv,uv_index
2024-09,0.9983444874993708,-1.1305431161216253,-0.024142801969399275,0.49825121539044304,30,2.128887603620996,Kyiv,uv_index
2024-10,0.7402902316021068,-0.8561889440218051,-0.01495471068664802,0.3555273014937675,31,1.5964791756239118,Kyiv,uv_index
2024-11,0.5198505135011258,-0.5867750609744395,-0.014009888683910003,0.2385307056970087,30,1.1066255744755653,Kyiv,uv_index
2024-12,0.2114313261040322,-0.2539894160223275,0.0010507598009926481,0.13973779904091885,31,0.4654207421263597,Kyiv,uv_index
2025-01,0.1843503156434561,-0.3558518681336239,0.0031196467564452335,0.12597599854277475,31,0.5402021837770801,Kyiv,uv_index
2025-02,0.3559610907099511,-0.5766623774074974,0.008024350088870669,0.21428109679298107,28,0.9326234681174485,Kyiv,uv_index
2025-03,0.6756034884212874,-1.113783105746532,-0.003593807314785077,0.3637872190849395,31,1.7893865941678193,Kyiv,uv_index
2025-04,1.073140990164868,-1.593505496593337,-0.01476555161259668,0.5241738184496593,30,2.6666464867582054,Kyiv,uv_index
2025-05,1.75684770554275,-2.0639828848781825,-0.0026299779495227386,0.6384570731094676,31,3.8208305904209325,Kyiv,uv_index
2025-06,0.7280751514937405,-1.3029281423678756,-0.015103979418643252,0.47801975648544814,30,2.031003293861616,Kyiv,uv_index
2025-07,0.6191943348826286,-0.8681006765994334,-0.030775928757800167,0.3834109858381101,31,1.487295011482062,Kyiv,uv_index
2025-08,0.5488585422266226,-0.8826921045225626,0.014922946501043968,0.33817538534704583,31,1.4315506467491852,Kyiv,uv_index
2025-09,0.4493873361052078,-0.8428702213320342,0.003142287105698427,0.3392215842632767,30,1.292257557437242,Kyiv,uv_index
2025-10,0.4099997450951747,-0.6026457566071837,0.011926360012004204,0.24643691813348123,31,1.0126455017023583,Kyiv,uv_index
2025-11,0.2929129675655285,-0.3065837720986482,0.01824884309966336,0.15286502941010943,30,0.5994967396641766,Kyiv,uv_index
2025-12,0.1743237335074742,-0.1242764205061799,0.00855774949329004,0.07620174399009311,31,0.29860015401365414,Kyiv,uv_index
2026-01,0.1791287511628101,-0.1286879417071994,0.000625504569390774,0.06943860875310841,31,0.3078166928700095,Kyiv,uv_index
2026-02,0.2581013601361192,-0.3186166064330914,0.0035179993227068967,0.1094327641507623,28,0.5767179665692106,Kyiv,uv_index
2026-03,0.3721630577633987,-0.5286083323857291,-0.00283622417130536,0.1676094956122783,31,0.9007713901491279,Kyiv,uv_index
2026-04,0.554814507017406,-0.7504119575129131,-0.0009101531262552772,0.2584629617725968,30,1.305226464530319,Kyiv,uv_index
2026-05,0.7523768310729886,-0.6319138883723875,0.04453372473002219,0.39756336575963497,15,1.3842907194453762,Kyiv,uv_index
2024-05,2.5183047727620296,-2.091647572879777,0.15407594423514803,1.3117015073215992,16,4.609952345641807,Accra,temperature_celsius
2024-06,1.8645104104478525,-2.980111442767821,-0.009440981420925264,1.078180059411713,30,4.844621853215673,Accra,temperature_celsius
2024-07,1.2703860755855176,-2.084009086153111,0.008469561847830131,0.7659246515701821,31,3.3543951617386285,Accra,temperature_celsius
2024-08,1.233775816533079,-1.2328273133259755,-0.036152493047546884,0.5908329023203247,31,2.4666031298590543,Accra,temperature_celsius
2024-09,1.0149976780116097,-1.1076782764802624,-0.005047564981778322,0.5733507879147239,30,2.1226759544918723,Accra,temperature_celsius
2024-10,0.9562672309334757,-1.1627234754599387,-0.03330813194452039,0.5983240755689833,31,2.118990706393414,Accra,temperature_celsius
2024-11,1.145269089022387,-1.0226848156710016,-0.014597588326435647,0.5939440388165588,30,2.1679539046933884,Accra,temperature_celsius
2024-12,1.033804421204551,-1.2038054876728612,-0.00840053491891499,0.5628628884157773,31,2.2376099088774124,Accra,temperature_celsius
2025-01,0.8365414992661641,-1.122114405098639,-0.027852046624404738,0.5479946883599139,31,1.9586559043648029,Accra,temperature_celsius
2025-02,0.8564122632791227,-1.2158691319499495,0.05089796308604785,0.5406441651396866,28,2.072281395229072,Accra,temperature_celsius
2025-03,1.2835245986657848,-1.490706072163972,-0.00988896614265317,0.5772134113359222,31,2.774230670829757,Accra,temperature_celsius
2025-04,1.2427692093827474,-1.5641612021449844,-0.0014795945434967447,0.6003135124408518,30,2.806930411527732,Accra,temperature_celsius
2025-05,0.9925542182872412,-1.231262228352962,0.01703605985202378,0.568572479417997,31,2.2238164466402033,Accra,temperature_celsius
2025-06,0.7498146826551599,-1.139515626331849,0.00962322812048088,0.53281496976881,30,1.889330308987009,Accra,temperature_celsius
2025-07,0.7232682395186375,-1.0826462896239446,0.027176522161127828,0.424688864672745,31,1.8059145291425822,Accra,temperature_celsius
2025-08,0.7451612890568202,-0.7261963268442706,0.00914609187759655,0.32308261335402755,31,1.4713576159010908,Accra,temperature_celsius
2025-09,0.6246950157485943,-0.7604594204496542,0.0073097882025485875,0.3208619346136509,30,1.3851544361982486,Accra,temperature_celsius
2025-10,0.4876063935764869,-0.944259970458927,0.023819405839407715,0.34176890351526645,31,1.431866364035414,Accra,temperature_celsius
2025-11,0.4866198574488926,-0.7371567622146388,-0.006324760124200674,0.37199071566374703,30,1.2237766196635314,Accra,temperature_celsius
2025-12,0.5191703210041644,-0.8443359552324213,-0.015981680367679538,0.3766552753574296,31,1.3635062762365857,Accra,temperature_celsius
2026-01,0.7237776269207167,-0.764150932921912,-0.03307913910029234,0.3885546703538064,31,1.4879285598426288,Accra,temperature_celsius
2026-02,0.8790892281214275,-1.3144737823075625,-0.022358441453191935,0.5041596664774077,28,2.1935630104289903,Accra,temperature_celsius
2026-03,0.9458485017478394,-2.198901602708632,-0.03683211436812838,0.7039446255527653,31,3.1447501044564716,Accra,temperature_celsius
2026-04,1.3026304755918416,-3.0933358626481464,-0.03134822846174391,1.0218135479275392,30,4.3959663382399885,Accra,temperature_celsius
2026-05,1.3947032152191938,-3.2861905674224245,0.08691335897061739,1.3211640003798244,15,4.680893782641618,Accra,temperature_celsius
2024-05,10.68166648279198,-6.405260633061944,-0.580759610597826,4.231351154404352,16,17.086927115853925,Accra,humidity
2024-06,18.35824638712221,-4.550010072902859,0.15430171257554845,4.515125284841501,30,22.908256460025072,Accra,humidity
2024-07,12.89222541114328,-4.628808589454227,0.12124596443679475,3.376657241179086,31,17.521034000597506,Accra,humidity
2024-08,7.6298826906477,-4.726016021978903,0.21880671945905003,2.921331524915062,31,12.355898712626603,Accra,humidity
2024-09,5.237006916386523,-4.848059165599758,-0.036399707979050115,2.8961961765965514,30,10.08506608198628,Accra,humidity
2024-10,6.412873629029053,-4.532731675336367,0.058814378600054944,3.03700545571923,31,10.94560530436542,Accra,humidity
2024-11,5.207619599222646,-4.659349951016484,0.007453952047109732,2.9093186893939946,30,9.86696955023913,Accra,humidity
2024-12,6.107499708027775,-5.424611236217342,-0.05622992234281984,2.6487917053754124,31,11.532110944245117,Accra,humidity
2025-01,5.88102889566101,-3.942811500527161,0.037797765517790606,2.5934397260461286,31,9.82384039618817,Accra,humidity
2025-02,3.914155411605137,-4.402024163556579,-0.31610573361155847,2.3530198709511088,28,8.316179575161716,Accra,humidity
2025-03,7.295334283545781,-4.15066053186407,0.11048233232944003,2.8037475124693807,31,11.44599481540985,Accra,humidity
2025-04,6.046224304155495,-4.026885099628417,-0.0551317824017197,2.6976532957181876,30,10.073109403783912,Accra,humidity
2025-05,7.173625946879639,-3.830445650570885,0.1104512748552042,2.567368640741525,31,11.004071597450524,Accra,humidity
2025-06,7.241648502730069,-4.58898040498172,-0.05193496446522185,2.471912805133476,30,11.83062890771179,Accra,humidity
2025-07,4.804539358094607,-6.020701313056779,-0.03551241774491815,2.2606612802086996,31,10.825240671151386,Accra,humidity
2025-08,5.0764644318409085,-8.645886325136438,0.0018164622289955706,2.590932138833691,31,13.722350756977345,Accra,humidity
2025-09,3.3777750076795487,-6.300943293348995,-0.025429956864970397,2.1081193693223144,30,9.678718301028544,Accra,humidity
2025-10,3.469684277663971,-5.008681860200946,-0.08292819282921789,1.7616532032584413,31,8.478366137864917,Accra,humidity
2025-11,3.5998401261734245,-5.991274942975625,0.0022213969572921046,1.8174086916915158,30,9.59111506914905,Accra,humidity
2025-12,5.638661205975079,-6.430201221140121,0.029269548774851883,2.2136109664377512,31,12.0688624271152,Accra,humidity
2026-01,5.207221120985268,-6.692637926173967,0.024229819499793727,2.539848675620567,31,11.899859047159236,Accra,humidity
2026-02,4.155466063736903,-6.775217178598265,-0.020846390551931653,2.4404093336641264,28,10.930683242335167,Accra,humidity
2026-03,4.156760618670068,-4.73892149924759,-0.11243946932377748,1.948527065497746,31,8.895682117917659,Accra,humidity
2026-04,5.8751188725934576,-4.073294608466401,-0.08725337562229706,2.157096468056468,30,9.948413481059859,Accra,humidity
2026-05,7.586100028913267,-4.222298050188219,0.8143249722411114,3.094834617703437,15,11.808398079101487,Accra,humidity
2024-05,0.9188245885574894,-2.182421482422409,-0.6716349099347879,0.8679802072685889,16,3.101246070979898,Accra,pressure_mb
2024-06,2.1472902715693416,-1.4931769541299635,0.06724051254998083,0.8505639374426355,30,3.640467225699305,Accra,pressure_mb
2024-07,1.3579188715784634,-0.959614851933938,0.05070756059943416,0.5286833678232825,31,2.317533723512401,Accra,pressure_mb
2024-08,0.8475557677172674,-1.269037228501499,0.03538278283104433,0.5038342746250817,31,2.1165929962187664,Accra,pressure_mb
2024-09,1.1014142771984612,-0.826699497195775,0.024552700360944663,0.5112822238132236,30,1.928113774394236,Accra,pressure_mb
2024-10,1.1983702090970751,-0.8756085186429376,0.029052186651300414,0.45170230917420146,31,2.0739787277400126,Accra,pressure_mb
2024-11,1.375867618237676,-0.9150339518397026,0.04889343703387736,0.5306109420067827,30,2.2909015700773785,Accra,pressure_mb
2024-12,1.3751113234527343,-1.0085286139086438,0.0345807547142653,0.6516420186687857,31,2.3836399373613784,Accra,pressure_mb
2025-01,1.384439695468049,-0.9343938349368384,-0.033760895980973545,0.71228972717853,31,2.3188335304048873,Accra,pressure_mb
2025-02,1.3437479759764692,-0.9245216556260316,-0.010209539982502788,0.6443034083006001,28,2.268269631602501,Accra,pressure_mb
2025-03,1.1781131783439551,-0.9315435235382178,-0.08959165005264225,0.5328720020388864,31,2.109656701882173,Accra,pressure_mb
2025-04,0.975958163934202,-1.2544125947486164,-0.05453249222841004,0.55564777881515,30,2.2303707586828185,Accra,pressure_mb
2025-05,1.2062387374698489,-1.5770537929354254,-0.045192059802954966,0.6250492543232407,31,2.7832925304052742,Accra,pressure_mb
2025-06,1.2652088996151634,-1.6087354133714251,0.025542016390224177,0.6393255255287589,30,2.8739443129865885,Accra,pressure_mb
2025-07,1.073563723633671,-1.178099276355861,0.03279768548195115,0.5782789057063144,31,2.251662999989532,Accra,pressure_mb
2025-08,1.1993099411092345,-0.7556617121078911,0.06796304940145281,0.5039237969055863,31,1.9549716532171257,Accra,pressure_mb
2025-09,0.8383548602238611,-1.0887081898916822,-0.007965131149522908,0.4750263434656561,30,1.9270630501155432,Accra,pressure_mb
2025-10,0.8872594210846214,-0.962751202523143,-0.009419194595251187,0.4813466099499839,31,1.8500106236077642,Accra,pressure_mb
2025-11,1.1143004180687015,-0.8026542897482603,-0.03382132083566143,0.4975170633640302,30,1.9169547078169618,Accra,pressure_mb
2025-12,1.373321886937117,-0.9555173374305184,0.016453686524233152,0.5999864839607038,31,2.3288392243676355,Accra,pressure_mb
2026-01,1.5196894400581848,-1.3034465821493049,-0.039834653308042256,0.6404729415937096,31,2.82313602220749,Accra,pressure_mb
2026-02,1.2240446882246585,-1.5925698561707735,-0.03524511259042761,0.7177642095859379,28,2.8166145443954322,Accra,pressure_mb
2026-03,1.473931534680209,-1.8873165731260144,2.979323853078133e-05,0.8755039646354275,31,3.3612481078062233,Accra,pressure_mb
2026-04,1.7714316666702508,-2.396340391535056,-0.024075526797899156,1.1168683552976049,30,4.167772058205307,Accra,pressure_mb
2026-05,2.2118492972013195,-0.7834079812639138,0.6756845430053832,0.9471931041476888,15,2.995257278465233,Accra,pressure_mb
2024-05,0.1682623238939042,-0.0529484724934017,-0.017376082630406783,0.06799910853388097,16,0.2212107963873059,Accra,precip_mm
2024-06,0.2674576477219321,-0.0629570595407753,0.0014366265336522865,0.07414131889225291,30,0.3304147072627074,Accra,precip_mm
2024-07,0.2121790651121706,-0.051570735986222,0.0010557137593338681,0.0611932882936919,31,0.26374980109839263,Accra,precip_mm
2024-08,0.1674209684427786,-0.040105905239693,0.004607134602509252,0.05743220799183789,31,0.20752687368247158,Accra,precip_mm
2024-09,0.1935319704433064,-0.0280884205601602,8.768583588281328e-05,0.046530491454705884,30,0.2216203910034666,Accra,precip_mm
2024-10,0.1302946837172367,-0.0160599589841663,-0.0013056326531452414,0.028313745627651293,31,0.146354642701403,Accra,precip_mm
2024-11,0.074719781254231,-0.0075089383580877,0.00018267823916553422,0.014419666833902089,30,0.0822287196123187,Accra,precip_mm
2024-12,0.0014308147827331,-0.0014610206986047,-5.388536436738038e-05,0.000842974751205426,31,0.0028918354813378,Accra,precip_mm
2025-01,0.0041035647425994,-0.000900952855575,0.0002699893193306244,0.0010253474129776376,31,0.0050045175981744,Accra,precip_mm
2025-02,0.0120076150397512,-0.0054187351000084,-4.934161830002501e-05,0.004083769094452252,28,0.0174263501397596,Accra,precip_mm
2025-03,0.024739720429049,-0.010530651463481,-0.00013490331809013606,0.009343501200309103,31,0.03527037189253,Accra,precip_mm
2025-04,0.1849611378016598,-0.0228268141193529,0.002241616910256126,0.038010396363880226,30,0.20778795192101268,Accra,precip_mm
2025-05,0.3343056160870337,-0.0394254221676518,0.0002515990720331737,0.06726089894276768,31,0.37373103825468545,Accra,precip_mm
2025-06,0.4873601311891919,-0.0583656018165502,0.0016886662828419345,0.09839937799032941,30,0.5457257330057421,Accra,precip_mm
2025-07,0.3248328851656904,-0.0786472119090018,-0.0026775810700966286,0.0757951215310894,31,0.40348009707469223,Accra,precip_mm
2025-08,0.1964442747314458,-0.0453474183970428,-0.0015511279453356782,0.05549119817384335,31,0.24179169312848858,Accra,precip_mm
2025-09,0.1176086557721084,-0.0204178223241655,-0.00071238462631231,0.02646638418923787,30,0.13802647809627389,Accra,precip_mm
2025-10,0.0603905449971711,-0.0113276184879271,0.00018693377125760977,0.014800112635669563,31,0.0717181634850982,Accra,precip_mm
2025-11,0.0410942921333994,-0.0077577240633114,0.0005966966939750134,0.011811817627077512,30,0.0488520161967108,Accra,precip_mm
2025-12,0.0268855748638518,-0.0063853404635635,0.0001773524586653936,0.007291786503215092,31,0.0332709153274153,Accra,precip_mm
2026-01,0.0130591523461017,-0.0050536968030828,-0.0002176692174306053,0.004302135996873443,31,0.0181128491491845,Accra,precip_mm
2026-02,0.0137290603654287,-0.0052905551441488,-0.00010581300835958573,0.004190905771915319,28,0.019019615509577502,Accra,precip_mm
2026-03,0.022869059847154,-0.0070010272866334,-6.492583115241934e-05,0.007205009966860617,31,0.0298700871337874,Accra,precip_mm
2026-04,0.032562171278662,-0.0102941810036188,-5.179516389127344e-05,0.01165570592284921,30,0.042856352282280796,Accra,precip_mm
2026-05,0.0343753058451964,-0.0164740529139297,0.0009513270292829335,0.017723403118757877,15,0.0508493587591261,Accra,precip_mm
2024-05,6.338349901548432,-5.058363647348236,0.17027090472415135,3.7015356617354005,16,11.396713548896669,Accra,wind_kph
2024-06,9.09223893416578,-12.733598420740671,-0.16302599491093694,4.816460005741888,30,21.82583735490645,Accra,wind_kph
2024-07,7.041604173090557,-8.923702493703027,-0.137131936906356,3.18705569312943,31,15.965306666793584,Accra,wind_kph
2024-08,4.829920283355936,-5.226559488046612,-0.10431016455520703,2.051718792733731,31,10.056479771402547,Accra,wind_kph
2024-09,3.5755831039600747,-3.379563048229708,-0.0829243762479461,1.6906474780932046,30,6.955146152189783,Accra,wind_kph
2024-10,4.002783196282922,-4.17981514757112,0.04917169135941333,1.8494707840669202,31,8.182598343854043,Accra,wind_kph
2024-11,4.147595809368445,-3.370070744215941,0.061657871805725774,1.874516660962013,30,7.517666553584386,Accra,wind_kph
2024-12,6.495749528725253,-2.4193265759127804,-0.015679811117043793,1.8279777773321815,31,8.915076104638032,Accra,wind_kph
2025-01,6.592862851192944,-3.0066158869003523,-0.08700551687059663,1.8558277967866845,31,9.599478738093296,Accra,wind_kph
2025-02,4.190347133527082,-2.1056008298171114,0.1928999417297414,1.5223542431948403,28,6.295947963344194,Accra,wind_kph
2025-03,3.1939334459442428,-2.488262424204515,-0.04903997767553766,1.386717386280184,31,5.682195870148758,Accra,wind_kph
2025-04,2.292526345441484,-3.4688061567890736,0.031826216500463377,1.2062169844519985,30,5.761332502230557,Accra,wind_kph
2025-05,3.2475626613579727,-3.6712489689058585,-0.04730274088191257,1.2719128275814835,31,6.918811630263831,Accra,wind_kph
2025-06,2.98909887379306,-2.619348155867211,-0.002424426743269614,1.2717647175964482,30,5.608447029660271,Accra,wind_kph
2025-07,2.435126705553144,-3.777332524993734,0.11675780820888966,1.453616805869299,31,6.212459230546878,Accra,wind_kph
2025-08,2.958850124648853,-4.276646958654055,0.0701924091193033,1.5289513432681645,31,7.235497083302908,Accra,wind_kph
2025-09,3.399054888724053,-4.369475451806222,-0.001056332189464578,1.6853529589518315,30,7.768530340530275,Accra,wind_kph
2025-10,3.148441208520013,-3.6161928720141407,-0.028682822901385976,1.6491002353422315,31,6.764634080534154,Accra,wind_kph
2025-11,2.684007692781319,-3.984079141153645,-0.1063535996404843,1.6049131662080771,30,6.668086833934964,Accra,wind_kph
2025-12,3.367911454231057,-4.015424224580132,-0.11178675130588951,1.434535500261454,31,7.383335678811189,Accra,wind_kph
2026-01,3.052523034183098,-2.6268006648518085,0.02559215844053306,1.4241033871005817,31,5.6793236990349065,Accra,wind_kph
2026-02,2.49844347158878,-2.1770214610142027,0.09851702652915442,1.4675821255906067,28,4.675464932602983,Accra,wind_kph
2026-03,4.9001328931469175,-2.9694315481139557,0.06786716806376551,1.8850476637257527,31,7.869564441260874,Accra,wind_kph
2026-04,9.06797912747246,-3.8978431757318495,0.10516862721267274,2.823543353347961,30,12.965822303204309,Accra,wind_kph
2026-05,3.049410384190185,-4.618008682928872,-0.4780120250392077,2.1806683429968143,15,7.667419067119058,Accra,wind_kph
2024-05,5.0179603974605165,-2.101456026575064,0.5527598319568656,1.7716044714652444,16,7.119416424035581,Accra,air_quality_PM2.5
2024-06,4.621360846895348,-2.517128622729305,-0.002881680432087149,1.6072141314546489,30,7.138489469624653,Accra,air_quality_PM2.5
2024-07,2.615764692592967,-2.314571684374985,0.03948397176775477,1.0487950280989482,31,4.9303363769679525,Accra,air_quality_PM2.5
2024-08,2.475428163290325,-2.6509953111255977,-0.03021392956472973,1.0118954820088377,31,5.1264234744159225,Accra,air_quality_PM2.5
2024-09,4.590505086005872,-3.0197511620677298,-0.08184284476286538,1.704075346007139,30,7.610256248073602,Accra,air_quality_PM2.5
2024-10,7.920624379675149,-3.542419944826682,0.02272765181020623,2.6649411366405316,31,11.463044324501832,Accra,air_quality_PM2.5
2024-11,13.863486441128904,-8.44061501282383,-0.14563165822485127,4.384715797032534,30,22.304101453952732,Accra,air_quality_PM2.5
2024-12,10.509091077291163,-5.764304334971813,-0.08794311685273905,3.766841553009754,31,16.27339541226298,Accra,air_quality_PM2.5
2025-01,11.763478290250635,-6.872629236717414,0.2889626376836564,4.706412068324381,31,18.63610752696805,Accra,air_quality_PM2.5
2025-02,12.71425814119404,-9.089591572269349,-0.13005727978933154,4.838569878257425,28,21.80384971346339,Accra,air_quality_PM2.5
2025-03,9.57685522504976,-5.989392874522888,-0.06097441864470449,3.668952989966595,31,15.566248099572649,Accra,air_quality_PM2.5
2025-04,5.652343854180382,-2.817863166132857,0.012874370435834363,2.2981295461042035,30,8.47020702031324,Accra,air_quality_PM2.5
2025-05,6.083291863648423,-2.371934038259857,0.01454417556482698,1.9346423698986241,31,8.45522590190828,Accra,air_quality_PM2.5
2025-06,7.43119195227545,-3.2578684707966894,0.014540831235951911,2.269890176618982,30,10.689060423072139,Accra,air_quality_PM2.5
2025-07,7.24100629003083,-3.05119506311563,0.11434863530900846,2.3729883700896,31,10.29220135314646,Accra,air_quality_PM2.5
2025-08,5.340892302718677,-2.565585495033391,0.030140790787857696,2.0939981776331913,31,7.906477797752068,Accra,air_quality_PM2.5
2025-09,4.47127282864963,-2.821724439250369,0.08564477978169664,1.8785102775494051,30,7.292997267899999,Accra,air_quality_PM2.5
2025-10,4.50860309503399,-3.218587140822998,-0.09228956745895953,1.9727356868926198,31,7.727190235856988,Accra,air_quality_PM2.5
2025-11,4.560833126576584,-2.750530297831634,0.004125319573842988,1.950661243295614,30,7.311363424408217,Accra,air_quality_PM2.5
2025-12,3.8581968911168447,-2.6158708035042606,0.08421632875902418,1.772302894930591,31,6.474067694621105,Accra,air_quality_PM2.5
2026-01,2.802693996791455,-2.673849748640506,-0.07534301345249086,1.5987293131293492,31,5.476543745431961,Accra,air_quality_PM2.5
2026-02,3.2122190350108584,-2.896101458822294,-0.21901253656312897,1.6094310452499563,28,6.108320493833153,Accra,air_quality_PM2.5
2026-03,6.208647986355721,-3.0378353757094576,-0.07846456103729454,1.8788105463839213,31,9.246483362065177,Accra,air_quality_PM2.5
2026-04,9.642241567489425,-3.621563175305606,-0.1457655415029418,2.5966982488219528,30,13.263804742795031,Accra,air_quality_PM2.5
2026-05,12.994055715795248,-2.1122220606579423,1.0548903457980856,4.22241622815444,15,15.10627777645319,Accra,air_quality_PM2.5
2024-05,5.776341389971882,-3.1600440785759587,0.633137619014324,2.5824259802081477,16,8.93638546854784,Accra,air_quality_PM10
2024-06,4.713832350802974,-4.211062310369212,-0.0032534073832070592,2.0885599518698443,30,8.924894661172186,Accra,air_quality_PM10
2024-07,2.7989676557880334,-2.785888601102714,0.02976403008354388,1.3025878458841975,31,5.584856256890747,Accra,air_quality_PM10
2024-08,4.7673139555188655,-3.522977121776744,0.012267484788433728,1.549040002700001,31,8.29029107729561,Accra,air_quality_PM10
2024-09,9.822748881538274,-4.127076553219761,0.08623129777930738,3.137506018596158,30,13.949825434758036,Accra,air_quality_PM10
2024-10,24.294919692643774,-7.438284161692513,0.40850180770258226,7.32765951691428,31,31.73320385433629,Accra,air_quality_PM10
2024-11,43.87711163388168,-14.63909288540352,0.13669550115556792,12.549691289382855,30,58.5162045192852,Accra,air_quality_PM10
2024-12,64.33029378314986,-17.884608877035365,-0.42489963567149,16.769119143960207,31,82.21490266018522,Accra,air_quality_PM10
2025-01,47.05060585723466,-22.134886817161373,0.8721130679868438,18.28306579938773,31,69.18549267439603,Accra,air_quality_PM10
2025-02,32.40176543445795,-26.546402747180405,-1.0894009876207082,16.80444446220453,28,58.94816818163835,Accra,air_quality_PM10
2025-03,20.486965141945504,-17.032044897185937,0.028702522373900113,11.46270767528056,31,37.519010039131445,Accra,air_quality_PM10
2025-04,13.954753380806013,-11.605708448740293,-0.1689676579534501,7.228920068734614,30,25.560461829546306,Accra,air_quality_PM10
2025-05,8.279550276834618,-8.747775896666477,-0.062164757160164036,4.48007972575374,31,17.027326173501095,Accra,air_quality_PM10
2025-06,6.6406931023523645,-5.790065635471354,0.06200695985831165,3.200396975232325,30,12.43075873782372,Accra,air_quality_PM10
2025-07,5.281804418681434,-3.4331638145271093,0.05235277260631422,2.437385259582648,31,8.714968233208543,Accra,air_quality_PM10
2025-08,4.210441253422186,-3.963122890891009,0.07275916877254716,2.3741224480172076,31,8.173564144313195,Accra,air_quality_PM10
2025-09,5.354384518939933,-4.513338528584347,0.06846971833854873,2.273714903515481,30,9.86772304752428,Accra,air_quality_PM10
2025-10,5.998748655325743,-4.0958943838242,-0.02740061959048463,2.4055207453403584,31,10.094643039149943,Accra,air_quality_PM10
2025-11,6.683467860315983,-4.207558204006907,0.07748610870074522,3.0212391562107856,30,10.89102606432289,Accra,air_quality_PM10
2025-12,10.448124065770514,-7.258338458362611,0.07191579866674978,4.096778243378189,31,17.706462524133126,Accra,air_quality_PM10
2026-01,19.754808312458746,-6.685019771470462,0.011263175142041506,5.364661763440326,31,26.439828083929207,Accra,air_quality_PM10
2026-02,12.097965291788844,-5.806151230607557,-0.21096255287817733,4.356645955175445,28,17.9041165223964,Accra,air_quality_PM10
2026-03,9.339433464613986,-5.410032944553129,-0.20424390509811538,3.4637084425538966,31,14.749466409167116,Accra,air_quality_PM10
2026-04,5.917409840016761,-4.98694853488793,-0.19407761976134638,3.203445603231569,30,10.904358374904692,Accra,air_quality_PM10
2026-05,9.22393832783398,-4.349149895434766,0.5775088703500638,3.786457568582089,15,13.573088223268748,Accra,air_quality_PM10
2024-05,86.41852390133455,-34.04622656554202,21.466353630603056,31.90208642649553,16,120.46475046687658,Accra,air_quality_Carbon_Monoxide
2024-06,127.56764441739196,-110.98778716869968,-0.265932699173502,48.55312181964958,30,238.55543158609163,Accra,air_quality_Carbon_Monoxide
2024-07,109.4241674887446,-86.65757809553116,-0.07880022236373024,39.051785543266156,31,196.08174558427578,Accra,air_quality_Carbon_Monoxide
2024-08,93.0185246324159,-66.36052720151554,-0.9146195640810558,31.1593889356778,31,159.37905183393144,Accra,air_quality_Carbon_Monoxide
2024-09,80.36072750350198,-52.60640722639772,-1.554422958281385,25.4025881233605,30,132.9671347298997,Accra,air_quality_Carbon_Monoxide
2024-10,67.42004681747447,-37.31227313825966,-1.2429003993599888,21.806825125202813,31,104.73231995573414,Accra,air_quality_Carbon_Monoxide
2024-11,51.191064756144506,-41.1501735564836,-1.2576752992955618,22.290501474854274,30,92.34123831262811,Accra,air_quality_Carbon_Monoxide
2024-12,35.74330114721314,-49.22524254420004,0.3307504888457058,21.943817689057752,31,84.96854369141317,Accra,air_quality_Carbon_Monoxide
2025-01,44.87193924692206,-48.184929765520906,1.9955093890922344,24.302836744470284,31,93.05686901244297,Accra,air_quality_Carbon_Monoxide
2025-02,32.65805658352209,-37.104185512654816,-3.029948344221559,21.20111947608432,28,69.7622420961769,Accra,air_quality_Carbon_Monoxide
2025-03,40.62263948912727,-34.197260708882304,1.435381274663572,20.964373601415083,31,74.81990019800958,Accra,air_quality_Carbon_Monoxide
2025-04,27.006957783997827,-33.03040611309035,-0.6774768354665969,17.373338335726444,30,60.03736389708818,Accra,air_quality_Carbon_Monoxide
2025-05,45.21031506210484,-32.62556798427899,-0.7851699120626044,19.358472537105467,31,77.83588304638383,Accra,air_quality_Carbon_Monoxide
2025-06,59.039529403584886,-41.04603405402768,-0.21986153097216077,25.434364529223906,30,100.08556345761257,Accra,air_quality_Carbon_Monoxide
2025-07,69.73229224325996,-49.677418904970565,-0.2874113855786808,30.17806911263054,31,119.40971114823053,Accra,air_quality_Carbon_Monoxide
2025-08,70.20862011254457,-38.74400949151834,0.2011059582285974,29.094793302614658,31,108.9526296040629,Accra,air_quality_Carbon_Monoxide
2025-09,63.04366825350341,-32.04394450658078,0.9951470160031806,25.086797106807488,30,95.0876127600842,Accra,air_quality_Carbon_Monoxide
2025-10,68.45255087896737,-29.75412504823657,0.7065066954358722,21.701170558273667,31,98.20667592720395,Accra,air_quality_Carbon_Monoxide
2025-11,47.6704032235097,-33.92331690412515,0.12206085380142584,18.870961821814358,30,81.59372012763485,Accra,air_quality_Carbon_Monoxide
2025-12,22.781422663637667,-29.307240315570805,-0.5831758400902763,13.918830096196011,31,52.08866297920847,Accra,air_quality_Carbon_Monoxide
2026-01,19.1179345788803,-16.007618443234456,-0.38355178849037735,10.131605712758065,31,35.12555302211476,Accra,air_quality_Carbon_Monoxide
2026-02,20.490753632758693,-15.578338508457122,-1.5683207959214804,9.665843825667249,28,36.06909214121582,Accra,air_quality_Carbon_Monoxide
2026-03,61.44348279469282,-27.687390849003183,-1.3020879437876145,16.30260384516367,31,89.130873643696,Accra,air_quality_Carbon_Monoxide
2026-04,111.1581464816638,-41.07543478246364,-1.0895202479951969,26.691909126324987,30,152.23358126412745,Accra,air_quality_Carbon_Monoxide
2026-05,162.29606258890982,-30.7878221797012,8.900857741894587,45.45488903523416,15,193.08388476861103,Accra,air_quality_Carbon_Monoxide
2024-05,0.1415092866612168,-0.2452535561613311,0.07394511258207945,0.08752204791517869,16,0.3867628428225479,Accra,visibility_km
2024-06,0.1098120954962801,-1.1504871468933675,-0.008396911752911249,0.2512064020812167,30,1.2602992423896475,Accra,visibility_km
2024-07,0.0515606509222335,-0.7184280651010257,-0.007106538959142276,0.15407136602653135,31,0.7699887160232592,Accra,visibility_km
2024-08,0.0562998140193419,-0.3072096551098486,-0.006730529389498387,0.07343465104441728,31,0.3635094691291905,Accra,visibility_km
2024-09,0.2774120313809687,-0.4760855213270873,0.00019345969976811335,0.14905971108951951,30,0.7534975527080561,Accra,visibility_km
2024-10,0.9368846853664612,-0.6392060462131025,0.004789878097918902,0.3307791580214861,31,1.5760907315795638,Accra,visibility_km
2024-11,2.114530921195709,-1.0207562323251682,0.0015623366417294115,0.6810924949990635,30,3.135287153520877,Accra,visibility_km
2024-12,2.599857823869624,-1.4284694551782529,-0.03600003630575781,0.9413686664577964,31,4.028327279047877,Accra,visibility_km
2025-01,3.0486231795883034,-1.915304916123747,-0.020043497673005135,1.245202202662514,31,4.963928095712051,Accra,visibility_km
2025-02,3.470681650103054,-1.5328077188530491,0.006582049814551627,1.3484824649663751,28,5.003489368956103,Accra,visibility_km
2025-03,1.9097286777986504,-1.6375090043170044,-0.027987917451005078,1.0731102903853629,31,3.5472376821156546,Accra,visibility_km
2025-04,1.3621971691298986,-1.468472028005795,0.043729863653205414,0.777364313221306,30,2.830669197135694,Accra,visibility_km
2025-05,0.9113248354697088,-1.1963463784562711,0.02253046025180897,0.6434697591011401,31,2.10767121392598,Accra,visibility_km
2025-06,1.0076951613921732,-1.14147465359173,0.00557771004896358,0.6877078384885502,30,2.149169814983903,Accra,visibility_km
2025-07,1.407875005421542,-2.353863820237169,-0.04895750270046803,0.8962340327322447,31,3.761738825658711,Accra,visibility_km
2025-08,1.6803447835322345,-3.047976967466943,0.010164830396990716,1.0196156599911137,31,4.728321750999177,Accra,visibility_km
2025-09,1.6105022943829297,-2.233835381599393,0.02326513281502054,1.095852881084631,30,3.844337675982323,Accra,visibility_km
2025-10,1.758290529533898,-2.987590253398504,0.05656359533436627,1.262032662994416,31,4.745880782932402,Accra,visibility_km
2025-11,2.0842470655430807,-2.669955664438663,0.02058503335855315,1.4190804415977745,30,4.754202729981744,Accra,visibility_km
2025-12,1.9014406217735345,-2.912137182882196,0.010264122794067696,1.4542303329412978,31,4.813577804655731,Accra,visibility_km
2026-01,1.5354617591381263,-2.2483258883994424,-0.06894018291798878,1.1961690735504706,31,3.7837876475375687,Accra,visibility_km
2026-02,1.1194789523611304,-1.8547598683769837,0.0009152637782186894,0.916741227724559,28,2.974238820738114,Accra,visibility_km
2026-03,1.0590104741531798,-1.968618386673841,0.008120708820805114,0.9491405937204396,31,3.0276288608270208,Accra,visibility_km
2026-04,1.208811384530029,-2.492216033744329,-0.023499238037393722,1.1445963695220471,30,3.701027418274358,Accra,visibility_km
2026-05,1.5378753651061514,-3.3100994802159915,0.1506633724162783,1.3364352271674063,15,4.847974845322143,Accra,visibility_km
2024-05,1.3028295988664371,-0.4574930660368327,0.15861115331110154,0.5337228227777213,16,1.7603226649032697,Accra,uv_index
2024-06,0.921223958380711,-0.3070352865561987,-0.011748032065899205,0.31300684571247617,30,1.2282592449369099,Accra,uv_index
2024-07,0.555885395514995,-0.1954763574181477,-0.012163006247762394,0.17427827079436853,31,0.7513617529331428,Accra,uv_index
2024-08,0.5888918957432278,-0.1497616466385679,-0.00917667076304938,0.1543091581052569,31,0.7386535423817957,Accra,uv_index
2024-09,1.1309204624282942,-0.3623910884867656,-0.000507035324612706,0.2964963381040113,30,1.4933115509150598,Accra,uv_index
2024-10,0.6827828901770235,-0.4763272139250781,-0.008159456168349956,0.28846234976521795,31,1.1591101041021017,Accra,uv_index
2024-11,0.7002082391126946,-0.514403773177976,-0.006734878046232078,0.3064824511824527,30,1.2146120122906705,Accra,uv_index
2024-12,0.5936300854675101,-0.8335801856540606,0.0026870490586233943,0.31052212707406024,31,1.4272102711215706,Accra,uv_index
2025-01,0.5570056322986559,-0.9980985271544864,-0.0015003390060843434,0.344669874898569,31,1.5551041594531423,Accra,uv_index
2025-02,0.6325796948948719,-0.9379529676163804,0.05594141645891559,0.34933991192010233,28,1.5705326625112521,Accra,uv_index
2025-03,0.7445892776538776,-1.572599748134669,-0.03462308894606638,0.5674853927450677,31,2.3171890257885464,Accra,uv_index
2025-04,0.975099324461996,-1.619429847832515,0.028127002733998745,0.6370332860048366,30,2.594529172294511,Accra,uv_index
2025-05,1.088606119713533,-1.97811420048183,-0.012859827673251268,0.7006734876962114,31,3.066720320195363,Accra,uv_index
2025-06,1.0264294649445245,-1.0900959331462672,0.014550829589894882,0.6092878099428857,30,2.1165253980907917,Accra,uv_index
2025-07,0.7956756399413252,-0.8549917124333697,-0.0042660220621588375,0.5298898020561179,31,1.6506673523746949,Accra,uv_index
2025-08,0.6552980166354164,-0.8768721760203871,-0.03157070500313274,0.473449090467138,31,1.5321701926558036,Accra,uv_index
2025-09,0.5817999666553588,-1.0664075457010354,-0.004531611940820775,0.44340353571234303,30,1.6482075123563942,Accra,uv_index
2025-10,0.5132047891069496,-0.8824625545928139,-0.027058153079624832,0.38866023001114564,31,1.3956673436997633,Accra,uv_index
2025-11,0.4114132479134499,-0.4577700086408705,0.012126212011992847,0.24465822088632175,30,0.8691832565543204,Accra,uv_index
2025-12,0.2957375697071275,-0.1514605938744286,0.02416333587266338,0.12246359618972899,31,0.44719816358155606,Accra,uv_index
2026-01,0.098095659702494,-0.0953297866259324,0.005238691807228739,0.04969702454985008,31,0.1934254463284264,Accra,uv_index
2026-02,0.0802434811212764,-0.0748155001832316,-0.001585149583770368,0.038626463050601044,28,0.15505898130450801,Accra,uv_index
2026-03,0.0730132139715443,-0.0481738488735718,0.00016323511069662306,0.03366334411550804,31,0.1211870628451161,Accra,uv_index
2026-04,0.1164566964230734,-0.0306057503966963,-0.0008876712023671604,0.03747058662460083,30,0.14706244681976968,Accra,uv_index
2026-05,0.1694804047487744,-0.016597086001722,0.02199107650334651,0.06162350992582095,15,0.1860774907504964,Accra,uv_index
2024-05,1.9119000492715896,-4.694568465412529,-0.25140289311463937,1.8334239151032898,16,6.606468514684119,Kabul,temperature_celsius
2024-06,3.888796321714453,-4.3743780131429855,0.01580153091211335,2.128980979010526,30,8.263174334857439,Kabul,temperature_celsius
2024-07,2.7442777411276444,-3.149909469651094,0.05337560608434612,1.497662960979256,31,5.894187210778739,Kabul,temperature_celsius
2024-08,2.1028886192317646,-2.365706318422796,0.04408596673190778,1.1487396868852366,31,4.468594937654561,Kabul,temperature_celsius
2024-09,1.82755530748922,-2.646036773852772,0.00647697125075958,1.0662847132586888,30,4.473592081341992,Kabul,temperature_celsius
2024-10,2.253962943613548,-3.763822232450158,0.07623638361402874,1.2740144408530072,31,6.017785176063706,Kabul,temperature_celsius
2024-11,2.074120847323089,-4.257666819711345,0.04264043439836487,1.3906620541475638,30,6.331787667034435,Kabul,temperature_celsius
2024-12,2.1313125707372857,-4.214456439345418,0.003677980826754387,1.282689518568963,31,6.345769010082703,Kabul,temperature_celsius
2025-01,1.2517859889663765,-3.452956029173768,-0.15773270260288386,1.0599664373958722,31,4.704742018140145,Kabul,temperature_celsius
2025-02,1.6208227994394706,-4.078854667547499,-0.12856970881322646,1.4927519291059423,28,5.699677466986969,Kabul,temperature_celsius
2025-03,2.199981728973764,-4.95111984756227,-0.09409580388126461,1.902375075704611,31,7.151101576536035,Kabul,temperature_celsius
2025-04,2.482714778164116,-4.683216127068046,0.027652100060681705,1.9091198449745699,30,7.165930905232162,Kabul,temperature_celsius
2025-05,2.4337778487445925,-4.181679499239991,0.11381337140771389,1.490310667208584,31,6.615457347984583,Kabul,temperature_celsius
2025-06,1.7737693545241608,-2.747808103802387,0.05551141323401065,1.0592066625620131,30,4.521577458326548,Kabul,temperature_celsius
2025-07,1.2514570642275218,-1.766566376847614,0.013747077675443581,0.7355677302724006,31,3.018023441075136,Kabul,temperature_celsius
2025-08,1.0530495889994724,-0.8792227034636135,0.05402333524511643,0.48519293532029656,31,1.932272292463086,Kabul,temperature_celsius
2025-09,1.3191416062069,-1.501133623292044,0.03145641587637305,0.7433556711857489,30,2.820275229498944,Kabul,temperature_celsius
2025-10,1.4926811201825243,-2.093278132119218,0.021411256520661098,1.0052788664349745,31,3.585959252301742,Kabul,temperature_celsius
2025-11,2.416422541676304,-1.98120690570616,-0.0280569894936925,1.3400134136591804,30,4.397629447382464,Kabul,temperature_celsius
2025-12,3.130751519610373,-3.095310251222277,-0.06059048159427569,1.625873151693692,31,6.226061770832651,Kabul,temperature_celsius
2026-01,2.795607413954351,-3.7401063070963394,0.04885829978555757,1.674125897500041,31,6.535713721050691,Kabul,temperature_celsius
2026-02,2.0665831549707923,-3.6000726403014904,0.007708352722438939,1.8300025910845523,28,5.666655795272282,Kabul,temperature_celsius
2026-03,2.795183562096404,-3.060329809360726,-0.03911015107595568,1.5901984678480294,31,5.85551337145713,Kabul,temperature_celsius
2026-04,3.623350331008316,-3.710204825131736,-0.01159257596435053,1.9534423688915306,30,7.3335551561400525,Kabul,temperature_celsius
2026-05,3.037680521874882,-4.517587442697434,-0.33834376939826905,2.219451769423428,15,7.555267964572316,Kabul,temperature_celsius
2024-05,38.83719167197474,-11.170958020873217,5.134095862856,15.580937966571533,16,50.00814969284796,Kabul,humidity
2024-06,27.864552004355676,-15.608444620375064,-0.061108148846744516,10.825084415078642,30,43.47299662473074,Kabul,humidity
2024-07,17.293684472730778,-10.666513906318013,-0.10938200096919645,7.151866977183014,31,27.96019837904879,Kabul,humidity
2024-08,9.901146992077814,-6.728863297406893,0.071472611604082,4.349313958037933,31,16.63001028948471,Kabul,humidity
2024-09,7.345074214705353,-7.246834892371866,0.07356966451857394,3.89289431113978,30,14.59190910707722,Kabul,humidity
2024-10,8.589748067750438,-7.775754618755386,-0.10271625530917211,3.999290160428958,31,16.365502686505824,Kabul,humidity
2024-11,17.468811677061474,-8.088457021331285,-0.17334548600893349,5.687358494423556,30,25.55726869839276,Kabul,humidity
2024-12,21.8159515671992,-9.229158084590182,-0.47185796278597536,7.540047740512372,31,31.04510965178938,Kabul,humidity
2025-01,22.417166907207413,-11.372994673583516,0.2516880931422911,7.865104521396896,31,33.79016158079093,Kabul,humidity
2025-02,16.549907635249415,-12.105563113414563,-0.19520983420064653,7.1303104788990606,28,28.65547074866398,Kabul,humidity
2025-03,12.256230603530978,-10.78761211715744,-0.30535472037731604,5.156915557361766,31,23.043842720688417,Kabul,humidity
2025-04,9.62610256921733,-5.783060417572039,-0.0046365912857269835,3.667961082992346,30,15.409162986789369,Kabul,humidity
2025-05,5.532058068795213,-3.5564035364688737,0.1000444737780057,2.68606086569781,31,9.088461605264087,Kabul,humidity
2025-06,5.080290187058467,-3.5947071238515456,0.27187139774623137,2.0667382666205403,30,8.674997310910012,Kabul,humidity
2025-07,5.089589743364394,-4.162048289837417,-0.010333494036820203,2.417244429036327,31,9.25163803320181,Kabul,humidity
2025-08,5.804661671276976,-3.819091528297731,-0.09932674686935332,2.7075224800209043,31,9.623753199574708,Kabul,humidity
2025-09,7.825857629346684,-3.69533368795744,0.07676108155184362,2.8532495154588124,30,11.521191317304124,Kabul,humidity
2025-10,8.115826819153217,-3.7817044125845714,-0.012669816249258024,2.958721983921473,31,11.897531231737787,Kabul,humidity
2025-11,11.6320450998923,-5.809394201171779,0.2173799664638607,3.9811632580335714,30,17.44143930106408,Kabul,humidity
2025-12,17.938192880759633,-7.433070653327414,0.04045762933978381,5.91282703002949,31,25.37126353408705,Kabul,humidity
2026-01,23.751405162898607,-11.12898631792599,-0.2757611056499997,8.672127290493558,31,34.8803914808246,Kabul,humidity
2026-02,26.6145540869346,-12.36232578169745,0.34146138013913424,8.833687333852208,28,38.976879868632054,Kabul,humidity
2026-03,29.77296905929541,-15.25604058940831,0.4385289703820076,9.079656886368575,31,45.02900964870372,Kabul,humidity
2026-04,32.483245895566334,-18.39952656932919,0.21211775507444217,9.726562414932026,30,50.882772464895524,Kabul,humidity
2026-05,5.829139459988251,-13.8667371445082,-4.095124078964488,5.281424662761616,15,19.69587660449645,Kabul,humidity
2024-05,5.2190736867250935,-3.0821584027722,-0.12556161258234394,2.5186987970916155,16,8.301232089497294,Kabul,pressure_mb
2024-06,5.2098269035695255,-3.3541554557916853,0.032908844476436515,2.144753625860031,30,8.56398235936121,Kabul,pressure_mb
2024-07,3.2337377122955484,-2.296320332831325,-0.022554494636031562,1.5592577343258984,31,5.530058045126873,Kabul,pressure_mb
2024-08,2.022323653538907,-2.369377391315384,0.0067164175598545236,1.1713350867643013,31,4.391701044854291,Kabul,pressure_mb
2024-09,1.7370876689399668,-2.0259649811144773,0.02852413464022064,1.0493167843698288,30,3.763052650054444,Kabul,pressure_mb
2024-10,1.6881943075604064,-1.98200462001094,0.008839518406842072,0.8259434721457416,31,3.6701989275713465,Kabul,pressure_mb
2024-11,1.8492645398772731,-1.88038671346322,0.009823936736184573,0.9161020553565898,30,3.729651253340493,Kabul,pressure_mb
2024-12,2.136498663290462,-2.263428938672828,-0.023817815715187117,1.3015749031384773,31,4.39992760196329,Kabul,pressure_mb
2025-01,3.2531301510839583,-3.4597603796006,-0.03205625412672072,1.6494238748737202,31,6.712890530684558,Kabul,pressure_mb
2025-02,3.430208933469375,-3.98509638179697,0.025256005924408527,1.7942763337292014,28,7.415305315266345,Kabul,pressure_mb
2025-03,5.4013259698748834,-4.020362132907828,-0.025025907565939344,1.7630273839591315,31,9.421688102782712,Kabul,pressure_mb
2025-04,4.865361908687173,-3.5345106448277024,-0.08964270413645535,1.5369034219845683,30,8.399872553514875,Kabul,pressure_mb
2025-05,3.2594731711171248,-3.3657109536459013,-0.04640447033866509,1.2697221551382056,31,6.625184124763026,Kabul,pressure_mb
2025-06,1.7440431877398408,-3.7532722940389536,-0.027196283148642458,1.2646335640452437,30,5.497315481778794,Kabul,pressure_mb
2025-07,2.1600239236653374,-2.650424458311251,0.03689166472573192,1.246909439403892,31,4.810448381976588,Kabul,pressure_mb
2025-08,2.112997959246944,-2.2809213090161906,0.02846036019104482,1.1628111493010975,31,4.393919268263135,Kabul,pressure_mb
2025-09,2.408421301789388,-1.9883762303156505,0.12077847921951686,1.0459115458080037,30,4.3967975321050385,Kabul,pressure_mb
2025-10,2.428467470258412,-2.6438549969031504,-0.011107066304827799,1.1973569359193945,31,5.0723224671615625,Kabul,pressure_mb
2025-11,2.8716605481799613,-2.130339690924187,0.030140071364793034,1.3003402061685851,30,5.002000239104149,Kabul,pressure_mb
2025-12,3.633605697860137,-4.398132228643226,-0.24084117712421155,1.9214475741628039,31,8.031737926503363,Kabul,pressure_mb
2026-01,4.527018197192724,-3.5684488712329907,-0.024860642342637847,2.079236990950572,31,8.095467068425716,Kabul,pressure_mb
2026-02,3.908782649276711,-3.2713851390038773,0.19054885038116245,1.9815182924255705,28,7.180167788280588,Kabul,pressure_mb
2026-03,4.357016842344208,-3.6118937204646113,-0.0041013606347299605,1.8940377968273479,31,7.968910562808819,Kabul,pressure_mb
2026-04,5.459000225833911,-3.906344218808021,0.09204564695769296,2.008829165201685,30,9.365344444641932,Kabul,pressure_mb
2026-05,2.741997264648315,-3.3752223816502624,-0.056232390322129726,1.8086319130446227,15,6.117219646298578,Kabul,pressure_mb
2024-05,0.6243858141682987,-0.0632570689482031,0.017117449149013825,0.16275350643444952,16,0.6876428831165018,Kabul,precip_mm
2024-06,0.0315923964337719,-0.0224719067847564,-0.0024730569605517553,0.010318542986967275,30,0.0540643032185283,Kabul,precip_mm
2024-07,0.0184089638581506,-0.0174592776600428,0.0006435470357697709,0.0068046268844605216,31,0.0358682415181934,Kabul,precip_mm
2024-08,0.0087392547660558,-0.0013673102149091,0.0007026871365156462,0.0024664332666949943,31,0.0101065649809649,Kabul,precip_mm
2024-09,0.0225763221524171,-0.0018157268824814,-0.00014709519633141524,0.004679799333313083,30,0.0243920490348985,Kabul,precip_mm
2024-10,0.0380354561914735,-0.002102688278733,7.284795306222565e-06,0.007491669157969499,31,0.0401381444702065,Kabul,precip_mm
2024-11,0.0380639992864601,-0.002312263080746,-8.518538496297664e-05,0.0075020095066016925,30,0.0403762623672061,Kabul,precip_mm
2024-12,0.0379400446585888,-0.0019952879682208,1.2167123931806504e-05,0.007288948867644586,31,0.0399353326268096,Kabul,precip_mm
2025-01,0.0185586512783807,-0.0014723118170512,0.0002623560711990064,0.004277694429634252,31,0.0200309630954319,Kabul,precip_mm
2025-02,0.0086056421007677,-0.0028815849196228,-0.0011631426926850858,0.001959415796041128,28,0.011487227020390501,Kabul,precip_mm
2025-03,0.0573900908764647,-0.0023276373735056,0.0008885428025210644,0.010631982544551189,31,0.0597177282499703,Kabul,precip_mm
2025-04,0.0046608286896054,-0.0004713160466082,1.5692989017934236e-05,0.0008994480604999289,30,0.0051321447362136004,Kabul,precip_mm
2025-05,0.0011774665292576,-0.0002587226447366,2.1003670580109784e-05,0.0002377754522759606,31,0.0014361891739942002,Kabul,precip_mm
2025-06,6.919817550786104e-05,-0.0001049889575749,7.3082610126461815e-06,2.7805916270737793e-05,30,0.00017418713308276103,Kabul,precip_mm
2025-07,6.783579348421077e-05,-3.435582709697869e-05,-6.28072899297167e-07,1.9035901752390894e-05,31,0.00010219162058118945,Kabul,precip_mm
2025-08,0.0036516738413741,-0.0001522597958183,2.574939474625569e-05,0.0006738730690325524,31,0.0038039336371924,Kabul,precip_mm
2025-09,0.0064473219945602,-0.0002550790537408,1.8623681539876653e-05,0.001214549010018002,30,0.006702401048301,Kabul,precip_mm
2025-10,0.009687837278167,-0.0003775572939928,1.0484708106567712e-05,0.0017963218484353717,31,0.010065394572159799,Kabul,precip_mm
2025-11,0.009610457500986,-0.000553871096273,0.00010929832225788999,0.0022583972409423356,30,0.010164328597259,Kabul,precip_mm
2025-12,0.0127867574594298,-0.0005982644576976,2.5995687314119353e-05,0.0025352676911657235,31,0.0133850219171274,Kabul,precip_mm
2026-01,0.0193749433343211,-0.0006496870725018,2.9612580709454858e-05,0.003590435201730144,31,0.0200246304068229,Kabul,precip_mm
2026-02,0.0138835185619992,-0.0007318984806529,-7.722843744636787e-05,0.002761493745654783,28,0.0146154170426521,Kabul,precip_mm
2026-03,0.0083810468263958,-0.0008605620504508,-9.98728803322226e-05,0.0018296099178702328,31,0.0092416088768466,Kabul,precip_mm
2026-04,0.0032072611025856,-0.0009639769685346,-8.842798140105999e-05,0.0015348804927439207,30,0.0041712380711202,Kabul,precip_mm
2026-05,0.0046921267308937,-0.0009400149700474,0.00048715245497779993,0.002354159816310538,15,0.0056321417009411005,Kabul,precip_mm
2024-05,12.898398917663936,-8.763243329726253,-0.4721451267448471,5.447482856459137,16,21.66164224739019,Kabul,wind_kph
2024-06,9.15594604258376,-10.237076505399273,0.09858151447172521,4.94253389675514,30,19.393022547983033,Kabul,wind_kph
2024-07,6.877257435747476,-8.326046959512478,0.1509894060095908,4.024732019891045,31,15.203304395259954,Kabul,wind_kph
2024-08,6.944191633444575,-7.747940673855078,-0.0016396920930643385,3.4174299746650245,31,14.692132307299653,Kabul,wind_kph
2024-09,6.980793909319447,-7.296131940331823,-0.1000343871351098,3.0733865140228325,30,14.27692584965127,Kabul,wind_kph
2024-10,4.62989377822833,-4.728072530637574,0.0009141073089424155,2.1168285205053383,31,9.357966308865905,Kabul,wind_kph
2024-11,2.740578905099761,-2.2470179742426715,-0.0069437838752422305,1.259735305243984,30,4.987596879342433,Kabul,wind_kph
2024-12,2.7561644807173544,-1.6072962277874556,-0.03900741031106831,1.0940194905638652,31,4.36346070850481,Kabul,wind_kph
2025-01,3.0656977184313514,-1.663052461981335,-0.018843438742378944,1.2293719932485272,31,4.728750180412686,Kabul,wind_kph
2025-02,3.723388433611456,-2.055215085657396,0.046633933115264946,1.4191068591780753,28,5.778603519268852,Kabul,wind_kph
2025-03,3.8197977150161457,-2.3871014696748016,-0.0970993151763305,1.47478855757881,31,6.206899184690947,Kabul,wind_kph
2025-04,8.030910997787748,-2.598565321327343,-0.008567616347419116,2.213475480293291,30,10.629476319115092,Kabul,wind_kph
2025-05,12.959600926262176,-2.590443648214232,-0.05248731406750668,2.8457986665645443,31,15.55004457447641,Kabul,wind_kph
2025-06,23.788252197793685,-2.7399164034144103,0.13780281485282628,4.6667517788871855,30,26.528168601208094,Kabul,wind_kph
2025-07,13.68045731273342,-2.514863417329677,-0.010329556688600422,2.8404525220177907,31,16.1953207300631,Kabul,wind_kph
2025-08,8.931393139823236,-2.3273481131172216,0.010555795912511613,2.099761614593745,31,11.258741252940457,Kabul,wind_kph
2025-09,4.098669020168364,-2.016732558086934,0.02870427949298992,1.2847536204274908,30,6.115401578255298,Kabul,wind_kph
2025-10,1.62220996932676,-1.3045216262816963,-0.02980355851645251,0.6361668100136522,31,2.926731595608456,Kabul,wind_kph
2025-11,1.0282998490278563,-0.7164617366846765,0.007890659869008564,0.4369561131256283,30,1.7447615857125327,Kabul,wind_kph
2025-12,1.2566100950187071,-0.645277253342481,0.0016955409857121202,0.4675071282642392,31,1.9018873483611882,Kabul,wind_kph
2026-01,1.512618243373638,-0.941320470293501,0.07862697474222782,0.6379173669583987,31,2.4539387136671387,Kabul,wind_kph
2026-02,1.679889085041948,-0.922830555846792,-0.025767269194335096,0.6487034736795338,28,2.60271964088874,Kabul,wind_kph
2026-03,3.263527778057252,-0.9302296181779616,0.04616620350384105,0.7914903855768616,31,4.193757396235213,Kabul,wind_kph
2026-04,4.998995549026654,-0.9389110170376632,0.035446928225318655,1.083137863156606,30,5.937906566064317,Kabul,wind_kph
2026-05,0.7579988954338954,-1.1634612972828573,-0.32948581724005715,0.616829028843007,15,1.9214601927167527,Kabul,wind_kph
2024-05,2.246882110802456,-3.224604545234351,0.01162373779395999,1.6720650600103213,16,5.471486656036807,Kabul,air_quality_PM2.5
2024-06,3.384468089592766,-3.894099044665983,0.0629031882331713,1.7336245186295476,30,7.278567134258749,Kabul,air_quality_PM2.5
2024-07,2.6750660414116854,-3.24962267656167,0.1306295253318959,1.548982535266189,31,5.924688717973355,Kabul,air_quality_PM2.5
2024-08,3.5475494083419097,-3.821454863016745,0.045290136459219435,1.8840852992475419,31,7.369004271358655,Kabul,air_quality_PM2.5
2024-09,5.508353514282849,-4.256617772195325,0.14094469634359139,2.5457037430861145,30,9.764971286478174,Kabul,air_quality_PM2.5
2024-10,6.980867689000306,-6.099554128571899,0.1596799746974556,3.341415403233233,31,13.080421817572205,Kabul,air_quality_PM2.5
2024-11,6.660460518323879,-7.902540845104095,-0.08150164293408424,4.059810003078201,30,14.563001363427976,Kabul,air_quality_PM2.5
2024-12,8.367761063455347,-8.01811415387134,-0.29319639978772344,4.758894678081677,31,16.385875217326685,Kabul,air_quality_PM2.5
2025-01,9.66227909725641,-8.306968752881629,-0.004785272117914506,5.085349994809078,31,17.96924785013804,Kabul,air_quality_PM2.5
2025-02,12.68568144183545,-7.160172002906658,-0.2122522769345702,5.173752841552709,28,19.845853444742108,Kabul,air_quality_PM2.5
2025-03,14.899017410959384,-7.781712325415054,-0.37514408719991704,5.815105856213165,31,22.68072973637444,Kabul,air_quality_PM2.5
2025-04,17.396681188331957,-7.932258980003885,-0.06047242226848724,5.896829005479328,30,25.32894016833584,Kabul,air_quality_PM2.5
2025-05,21.681177490501057,-6.83656541831817,0.04720613484354655,5.866910437951065,31,28.517742908819226,Kabul,air_quality_PM2.5
2025-06,19.182664562822,-7.370361345989163,0.38584677584771715,5.032653861430445,30,26.553025908811165,Kabul,air_quality_PM2.5
2025-07,12.187381335115196,-6.944687218711879,0.36022481876573953,4.197579661798308,31,19.132068553827075,Kabul,air_quality_PM2.5
2025-08,8.204333337406629,-8.111099368104162,0.2499043583208091,3.7561372704692917,31,16.31543270551079,Kabul,air_quality_PM2.5
2025-09,8.008940356411518,-7.540680725363473,0.1498940677659656,3.8139467598677275,30,15.54962108177499,Kabul,air_quality_PM2.5
2025-10,6.20600073425114,-6.433847366753069,-0.11539076136780713,3.5817647473378647,31,12.639848101004208,Kabul,air_quality_PM2.5
2025-11,5.752950466670368,-5.307524574889737,-0.2432788877856805,3.0936546283546478,30,11.060475041560105,Kabul,air_quality_PM2.5
2025-12,5.341170284220759,-4.116757588547813,-0.1512567370034394,2.7096078690335026,31,9.457927872768572,Kabul,air_quality_PM2.5
2026-01,9.569513262603934,-4.538322843976683,-0.010518794427395027,3.0612441616702695,31,14.107836106580617,Kabul,air_quality_PM2.5
2026-02,10.463206374418482,-4.615406905733365,0.10258075624911922,3.389356357482727,28,15.078613280151846,Kabul,air_quality_PM2.5
2026-03,7.731448559982757,-5.547317096915981,0.14504836150273953,3.373223855896213,31,13.278765656898738,Kabul,air_quality_PM2.5
2026-04,9.508746677442112,-6.568494116070172,0.17206931661052752,4.0070058362622705,30,16.077240793512285,Kabul,air_quality_PM2.5
2026-05,1.516677712597268,-7.915709207687202,-2.6759091584786527,3.495282516445457,15,9.43238692028447,Kabul,air_quality_PM2.5
2024-05,29.843085380821748,-8.580602642618887,0.06076994647825518,9.186753064084288,16,38.42368802344063,Kabul,air_quality_PM10
2024-06,28.0035493916586,-10.718268167585054,-0.04894720375075489,7.502226497817501,30,38.721817559243654,Kabul,air_quality_PM10
2024-07,22.752796591886856,-7.712886498858466,0.5374479124918503,6.618732915627675,31,30.465683090745323,Kabul,air_quality_PM10
2024-08,10.895236682412492,-8.72696094215412,0.08611512044399017,5.509521694466218,31,19.62219762456661,Kabul,air_quality_PM10
2024-09,17.927957889863013,-9.197443728926473,0.1508968549097673,6.607191645305826,30,27.125401618789486,Kabul,air_quality_PM10
2024-10,17.428563808619618,-10.758107974213203,0.045059322713905586,7.0297394909388045,31,28.18667178283282,Kabul,air_quality_PM10
2024-11,11.468701587899744,-13.583962968012582,-0.2298488693133653,6.575557086288602,30,25.052664555912326,Kabul,air_quality_PM10
2024-12,12.515243314114253,-12.683093488720631,-0.562787008046823,6.3086452291638855,31,25.198336802834884,Kabul,air_quality_PM10
2025-01,15.335276330839475,-11.54006410105029,-0.478987819484174,6.984021864616259,31,26.875340431889764,Kabul,air_quality_PM10
2025-02,20.59518370080043,-12.225543887532842,-0.0710223363280811,9.284406512972012,28,32.82072758833327,Kabul,air_quality_PM10
2025-03,28.37996528139604,-22.04643522159777,-0.338758174886819,13.519783704876668,31,50.42640050299381,Kabul,air_quality_PM10
2025-04,36.30485403251796,-33.76931120228538,-0.09354793318060779,17.74469074087144,30,70.07416523480333,Kabul,air_quality_PM10
2025-05,50.91563504423261,-46.152616233513015,0.38877598158241644,22.946762959129714,31,97.06825127774562,Kabul,air_quality_PM10
2025-06,50.31451702258396,-54.219689630730215,0.22291223861844178,26.041628972397522,30,104.53420665331419,Kabul,air_quality_PM10
2025-07,50.978867927618175,-54.59069722814995,1.3573761043952308,24.37254888277805,31,105.56956515576812,Kabul,air_quality_PM10
2025-08,64.25384585761232,-37.94446354662419,0.7371775555787656,22.325606643430586,31,102.19830940423651,Kabul,air_quality_PM10
2025-09,52.82976107979814,-24.863214602502588,-0.5303381116728138,16.79403269545747,30,77.69297568230073,Kabul,air_quality_PM10
2025-10,53.36726412531573,-15.361672847751608,-0.2965508684403903,12.339577528831931,31,68.72893697306733,Kabul,air_quality_PM10
2025-11,28.43622173695005,-8.72024619049821,-0.5060377270343647,6.691670380129596,30,37.15646792744826,Kabul,air_quality_PM10
2025-12,6.10904661554386,-4.607666625894521,-0.4670923091209002,2.9172755638912524,31,10.71671324143838,Kabul,air_quality_PM10
2026-01,8.146590631952826,-7.139203017699908,0.012705331250682005,3.6974377008969905,31,15.285793649652735,Kabul,air_quality_PM10
2026-02,18.2787189304635,-8.032517655022737,0.3761268144677933,6.336132819072146,28,26.31123658548624,Kabul,air_quality_PM10
2026-03,29.79488594759605,-9.401691216349354,0.180158445028947,8.623635864619912,31,39.196577163945406,Kabul,air_quality_PM10
2026-04,41.98184803932985,-11.82558073846744,0.3271362553303587,11.843523151910894,30,53.807428777797284,Kabul,air_quality_PM10
2026-05,7.6192767852359475,-16.391364486678548,-6.435595341711218,8.338794226359724,15,24.010641271914494,Kabul,air_quality_PM10
2024-05,1061.866223007387,-858.2784721466619,-164.68844916653953,513.5522926368126,16,1920.1446951540488,Kabul,air_quality_Carbon_Monoxide
2024-06,1132.8669884490928,-645.8422117255495,6.661298681957556,413.30758953518966,30,1778.7092001746423,Kabul,air_quality_Carbon_Monoxide
2024-07,802.365595498569,-436.2215346194635,14.389417718651034,288.24291264985345,31,1238.5871301180325,Kabul,air_quality_Carbon_Monoxide
2024-08,471.0314887217446,-234.3675002667487,7.824408258336389,166.10683601495313,31,705.3989889884933,Kabul,air_quality_Carbon_Monoxide
2024-09,260.2407649060912,-165.71099752062167,3.7734657353593195,94.47334609476862,30,425.9517624267129,Kabul,air_quality_Carbon_Monoxide
2024-10,260.8816723814234,-149.29409190690205,0.7669940529140149,115.05549570340122,31,410.17576428832547,Kabul,air_quality_Carbon_Monoxide
2024-11,295.82271548413473,-179.25508393070908,2.4269737764466677,144.91026781083607,30,475.0777994148438,Kabul,air_quality_Carbon_Monoxide
2024-12,307.68586297856825,-209.0491982780933,-0.5482206289802146,153.90831764412275,31,516.7350612566615,Kabul,air_quality_Carbon_Monoxide
2025-01,323.9129902564908,-223.2563383915606,-9.722350309167545,138.027822697585,31,547.1693286480514,Kabul,air_quality_Carbon_Monoxide
2025-02,297.6109599644672,-160.35038429779138,1.961669033390773,104.4541434656972,28,457.9613442622586,Kabul,air_quality_Carbon_Monoxide
2025-03,233.98250753897568,-170.55054388818922,-7.111317965710077,85.70691731987446,31,404.5330514271649,Kabul,air_quality_Carbon_Monoxide
2025-04,153.0449882330452,-150.15125940684635,-4.558069012032685,77.70042617041454,30,303.19624763989157,Kabul,air_quality_Carbon_Monoxide
2025-05,125.6641918597302,-101.3538489712612,0.3497108432219613,62.88613198678827,31,227.0180408309914,Kabul,air_quality_Carbon_Monoxide
2025-06,149.51852736812037,-78.16146355519336,2.790163699421913,51.80521748471142,30,227.67999092331374,Kabul,air_quality_Carbon_Monoxide
2025-07,126.716872806881,-109.2110200273095,4.934515842541331,43.17333591503064,31,235.92789283419052,Kabul,air_quality_Carbon_Monoxide
2025-08,131.4444429263146,-150.24072775007818,2.287860697095171,46.70322974710514,31,281.6851706763928,Kabul,air_quality_Carbon_Monoxide
2025-09,189.0509257134815,-156.45462332030317,2.792699172207507,71.25735089648059,30,345.50554903378463,Kabul,air_quality_Carbon_Monoxide
2025-10,208.42352783353252,-138.33510930130788,4.101601176509018,92.82279743039373,31,346.7586371348404,Kabul,air_quality_Carbon_Monoxide
2025-11,210.00828792213076,-160.88773449537788,-4.593245325972746,91.41471512658872,30,370.8960224175087,Kabul,air_quality_Carbon_Monoxide
2025-12,152.2052125237986,-152.97300781751233,-2.1758119766813424,72.6561526918514,31,305.1782203413109,Kabul,air_quality_Carbon_Monoxide
2026-01,197.2160860604908,-111.76203032883927,-0.7616614100423642,67.92551690833093,31,308.97811638933007,Kabul,air_quality_Carbon_Monoxide
2026-02,272.42805787265684,-170.80985455525789,-3.9136752175394447,89.214736492543,28,443.2379124279147,Kabul,air_quality_Carbon_Monoxide
2026-03,269.2623407768557,-211.9230271760377,-3.5268199223506493,114.33692097115632,31,481.1853679528934,Kabul,air_quality_Carbon_Monoxide
2026-04,446.4650706738769,-264.82185840999625,-2.371693529668129,157.70722877327367,30,711.2869290838731,Kabul,air_quality_Carbon_Monoxide
2026-05,620.2138455772244,-181.44285395820867,12.671079216649998,189.23014700986565,15,801.6566995354331,Kabul,air_quality_Carbon_Monoxide
2024-05,0.000855842874149,-0.0003737769689817,0.00027676132942625303,0.0002788255755689226,16,0.0012296198431307,Kabul,visibility_km
2024-06,0.0011377352001231,-0.0043659086268488,-7.484061479438823e-05,0.001267387578145345,30,0.0055036438269719,Kabul,visibility_km
2024-07,0.001277098487911,-0.0019177450097976,-0.0002137174406386522,0.0005457579035836619,31,0.0031948434977086,Kabul,visibility_km
2024-08,0.0098983876140059,-0.0041128237054167,-0.00047279488383563544,0.0030906082214421436,31,0.014011211319422599,Kabul,visibility_km
2024-09,0.0228619385384509,-0.0118920084471403,-0.00277440815508257,0.008633991263505066,30,0.0347539469855912,Kabul,visibility_km
2024-10,0.157992939454933,-0.027907581417631,-0.004149425129676264,0.034680999998095416,31,0.185900520872564,Kabul,visibility_km
2024-11,0.7282511701419219,-4.416064539610174,-0.017684721517581263,0.8483751073293779,30,5.144315709752096,Kabul,visibility_km
2024-12,0.8071485163438357,-7.207612468573845,-0.04068312644572804,1.6118411724482067,31,8.01476098491768,Kabul,visibility_km
2025-01,1.1152495731011114,-7.35444186033494,-0.0553666101142872,2.1345280883005633,31,8.46969143343605,Kabul,visibility_km
2025-02,0.7343588349788184,-7.313040307005098,0.012143862298155018,1.6029267036781565,28,8.047399141983917,Kabul,visibility_km
2025-03,0.8581401027665295,-7.153103224482009,0.08012815063319483,1.3815775037092481,31,8.011243327248538,Kabul,visibility_km
2025-04,1.058445252037453,-6.9606860111312505,-0.043776749886034444,1.3420406822590527,30,8.019131263168703,Kabul,visibility_km
2025-05,0.7242413751038597,-0.4261978772293155,0.07244990907810664,0.1701938068271302,31,1.1504392523331752,Kabul,visibility_km
2025-06,0.0646155107949758,-0.029414590740673,-0.00033323109738366344,0.02186376689488095,30,0.0940301015356488,Kabul,visibility_km
2025-07,0.00092192843576,-0.0139763737585048,-0.00023158498945880966,0.0034989782451126245,31,0.014898302194264799,Kabul,visibility_km
2025-08,0.0006190944103341,-0.0034897419637615,4.9087862118931385e-05,0.0006807794011842048,31,0.0041088363740956,Kabul,visibility_km
2025-09,7.080231196500409e-05,-0.0002129848617855,-1.0830408299099549e-05,5.078967464358879e-05,30,0.0002837871737505041,Kabul,visibility_km
2025-10,2.6643067185971625e-06,-9.42181576936926e-05,-1.1440674549863634e-05,1.710023022027316e-05,31,9.688246441228976e-05,Kabul,visibility_km
2025-11,2.169523534900298e-07,-1.5458608864537188e-05,-3.1024417824826473e-06,4.055640628486459e-06,30,1.567556121802722e-05,Kabul,visibility_km
2025-12,2.8585632904028644e-07,-1.3701075603765035e-06,-3.156742415887036e-07,5.168420553233228e-07,31,1.6559638894167899e-06,Kabul,visibility_km
2026-01,4.428064778270704e-07,-7.967829286920037e-07,-3.495590373153704e-08,2.6540312030890987e-07,31,1.2395894065190741e-06,Kabul,visibility_km
2026-02,2.5060752652897454e-06,-1.070091993101842e-06,5.177620540249937e-07,7.023439847395155e-07,28,3.5761672583915873e-06,Kabul,visibility_km
2026-03,6.516688436524783e-06,-3.116400498080437e-06,3.6056610365514304e-07,2.210288015626927e-06,31,9.63308893460522e-06,Kabul,visibility_km
2026-04,1.0961752689137684e-05,-6.204954168016777e-06,3.589498754576744e-07,4.38866234272387e-06,30,1.716670685715446e-05,Kabul,visibility_km
2026-05,-4.383479042824802e-07,-9.324023923098715e-06,-5.042954997688011e-06,2.484059673676762e-06,15,8.885676018816235e-06,Kabul,visibility_km
2024-05,1.5155364362086814,-3.3633794977677063,-0.6839628937787852,2.0834823829236004,16,4.878915933976388,Kabul,uv_index
2024-06,1.6808000480349157,-2.3098229665792176,0.041129433160617686,1.2910323750148016,30,3.9906230146141333,Kabul,uv_index
2024-07,1.124987940914756,-1.3227560148066968,0.037390756522395895,0.7535701002170414,31,2.447743955721453,Kabul,uv_index
2024-08,2.245425245396201,-0.66030410999312,0.07556986781822432,0.5137317539175744,31,2.905729355389321,Kabul,uv_index
2024-09,0.8007540779927508,-0.6484186378594565,-0.024340648268962612,0.30742172306927756,30,1.4491727158522072,Kabul,uv_index
2024-10,0.5913881464764225,-0.732099073687482,-0.0006877460068600765,0.2990913594447598,31,1.3234872201639045,Kabul,uv_index
2024-11,0.814264505520385,-0.7059391943486492,0.005629568142469465,0.296036935301011,30,1.5202036998690343,Kabul,uv_index
2024-12,0.8194967585778622,-0.4807693864738027,0.029870721284341074,0.3218210777880426,31,1.3002661450516648,Kabul,uv_index
2025-01,0.7555540961869417,-0.5625818113602647,-0.035681620225864644,0.3127451743967594,31,1.3181359075472066,Kabul,uv_index
2025-02,0.7658220474644492,-0.8721627459618995,-0.0381290222579335,0.3319459624903489,28,1.6379847934263485,Kabul,uv_index
2025-03,0.6111314590832403,-1.030904713627032,0.009225062003126604,0.37769032374305583,31,1.6420361727102724,Kabul,uv_index
2025-04,0.4097320090858109,-0.8046979520529325,-0.003937814428493796,0.3235944424019089,30,1.2144299611387435,Kabul,uv_index
2025-05,0.4196054261681649,-0.7276702458590965,0.015037885365127079,0.290150815635929,31,1.1472756720272614,Kabul,uv_index
2025-06,0.4512773774076406,-0.7625782067596857,0.021377661588098236,0.3145494728195283,30,1.2138555841673262,Kabul,uv_index
2025-07,0.4997768281386472,-0.6505973684350688,0.012311863813073155,0.30134404499069256,31,1.150374196573716,Kabul,uv_index
2025-08,0.4005735993018265,-0.5650806592855306,0.004852467982476713,0.24230238782664615,31,0.9656542585873571,Kabul,uv_index
2025-09,0.357983146480311,-0.3981765374457279,-0.0016183375972453487,0.19434382252065732,30,0.7561596839260389,Kabul,uv_index
2025-10,0.322109554582472,-0.4149767530131957,-0.0014046423423576895,0.17705309001068667,31,0.7370863075956677,Kabul,uv_index
2025-11,0.3467834231764052,-0.4575078066589533,-0.011233419853499552,0.21429781972681158,30,0.8042912298353585,Kabul,uv_index
2025-12,0.4248169870998178,-0.4852287420328876,-0.012215991451480012,0.2446740497801552,31,0.9100457291327054,Kabul,uv_index
2026-01,0.62403948011062,-0.5167285122578468,-0.016050662850417848,0.2659829785335819,31,1.1407679923684668,Kabul,uv_index
2026-02,0.6923472830496704,-0.7153287395733117,-0.014349323077641618,0.3510125130502076,28,1.407676022622982,Kabul,uv_index
2026-03,0.742810479047361,-1.387161337149324,-0.02658411244953629,0.4878763297733556,31,2.129971816196685,Kabul,uv_index
2026-04,1.076207556380722,-2.200454388088904,-0.026092397357737978,0.7236525313784403,30,3.276661944469626,Kabul,uv_index
2026-05,1.4127545743354135,-1.452197881158526,0.2515273590515292,0.7985429339431669,15,2.8649524554939396,Kabul,uv_index
2024-05,4.745894232702587,-2.8450236396039448,-0.33251538976482126,2.3353866462141037,16,7.590917872306532,Valletta,temperature_celsius
2024-06,4.631702155157997,-2.6096941526191157,0.053319386769853754,1.9857016344896838,30,7.241396307777113,Valletta,temperature_celsius
2024-07,4.38548257491782,-2.3450121799292973,0.009459862500119202,1.6699570718064405,31,6.730494754847117,Valletta,temperature_celsius
2024-08,4.055905145044339,-2.198428565878061,0.051257715573074895,1.5630383715861644,31,6.254333710922401,Valletta,temperature_celsius
2024-09,3.0977724135379905,-2.018403236386394,0.04217748487528041,1.2245433741018494,30,5.116175649924385,Valletta,temperature_celsius
2024-10,2.267969877196572,-1.585446969599854,-0.002224918449282495,0.9268147851783667,31,3.853416846796426,Valletta,temperature_celsius
2024-11,1.6475018062481208,-1.5903919708321266,-0.018351026945180218,0.8192750189347803,30,3.2378937770802474,Valletta,temperature_celsius
2024-12,1.3336074002050733,-1.4848069183637762,-0.028050043847405642,0.7440429952282125,31,2.8184143185688493,Valletta,temperature_celsius
2025-01,1.2583300357712353,-1.5803512722968525,-0.01978809048485355,0.651908960941419,31,2.8386813080680877,Valletta,temperature_celsius
2025-02,1.819844098078185,-2.33690717012296,-0.010871909316093156,0.7908838643986372,28,4.156751268201145,Valletta,temperature_celsius
2025-03,2.333580469077699,-3.0278215804672066,-0.026450470979968575,0.997082076890139,31,5.361402049544905,Valletta,temperature_celsius
2025-04,2.7869709870862205,-3.3115043761434624,-0.04243080966877598,1.1822784738537873,30,6.098475363229683,Valletta,temperature_celsius
2025-05,2.8292499840145906,-3.071521994146507,-0.022490236406930045,1.1238577305678428,31,5.900771978161098,Valletta,temperature_celsius
2025-06,2.575872047389136,-2.4513001516908037,0.01718165276928646,1.0113839743346724,30,5.02717219907994,Valletta,temperature_celsius
2025-07,2.160943970038224,-1.736108095868064,0.06416546927071691,0.7913218890936407,31,3.897052065906288,Valletta,temperature_celsius
2025-08,1.2894785355131464,-0.7395579239329648,0.07292014751015168,0.5217190470297838,31,2.029036459446111,Valletta,temperature_celsius
2025-09,1.4069781965866566,-1.1809078102602022,0.05185574475066896,0.5698602516165282,30,2.5878860068468588,Valletta,temperature_celsius
2025-10,1.8562640968859847,-1.2449294597856797,0.00803725701668241,0.7384081667271277,31,3.1011935566716646,Valletta,temperature_celsius
2025-11,1.491125128661598,-1.8042412043732676,-0.057792172902245476,0.9763340991517924,30,3.295366333034866,Valletta,temperature_celsius
2025-12,1.914206712980242,-2.590765690886441,-0.1304843209071857,1.193510578316594,31,4.504972403866683,Valletta,temperature_celsius
2026-01,2.183306309315229,-2.991995831156275,-0.0974697701483593,1.2402670044390498,31,5.175302140471504,Valletta,temperature_celsius
2026-02,2.781482681571976,-2.4526465955009997,0.10720722883746232,1.1783164574937715,28,5.2341292770729755,Valletta,temperature_celsius
2026-03,2.8699476076326045,-1.7894517219451047,-0.007781567167302254,1.1209553211238052,31,4.65939932957771,Valletta,temperature_celsius
2026-04,4.00729267512244,-1.9761959060172485,0.03839583640948414,1.2723242859664965,30,5.983488581139689,Valletta,temperature_celsius
2026-05,5.205468721983993,-2.111890190376992,0.49500968738870343,1.7819489818134024,15,7.3173589123609855,Valletta,temperature_celsius
2024-05,15.870334938544724,-22.548088194153895,-2.4597478150767413,12.03508552660414,16,38.41842313269862,Valletta,humidity
2024-06,23.998322373306827,-22.315305908624385,0.3213328309751817,10.920945881479389,30,46.313628281931216,Valletta,humidity
2024-07,18.367314051746693,-18.025368699636747,0.5961699798858668,8.16607517296535,31,36.39268275138344,Valletta,humidity
2024-08,12.898195238945032,-17.369059099996665,0.060533872230979474,6.440801684161852,31,30.267254338941697,Valletta,humidity
2024-09,8.588358374830973,-12.62302871488743,-0.16514993984079965,5.6296968584174225,30,21.211387089718404,Valletta,humidity
2024-10,8.252441112019357,-9.972384590641262,0.1862192522332992,4.298757545708006,31,18.224825702660617,Valletta,humidity
2024-11,9.414628744855849,-10.830029311238,-0.12830151870382817,5.030181832500961,30,20.244658056093847,Valletta,humidity
2024-12,9.479475801373749,-10.904034372619028,-0.37455557601298534,5.654580327974532,31,20.383510173992775,Valletta,humidity
2025-01,9.78194634531221,-11.775240364045514,-0.2779842462509088,5.614393360973975,31,21.557186709357723,Valletta,humidity
2025-02,9.509533149495097,-11.41655158900116,0.21594278068865366,5.550609143196711,28,20.926084738496257,Valletta,humidity
2025-03,10.77848632380399,-12.52359451452975,0.2690535083152266,5.1846150195315275,31,23.30208083833374,Valletta,humidity
2025-04,9.279632127548984,-10.31473024671808,0.35586408416093473,4.714953813190124,30,19.594362374267064,Valletta,humidity
2025-05,10.184928349987867,-7.092298159578345,0.09293117991035822,4.908856412651719,31,17.277226509566212,Valletta,humidity
2025-06,12.314500174906568,-9.070113061344408,0.19804467181581917,5.181697028725176,30,21.384613236250978,Valletta,humidity
2025-07,11.156902248840964,-9.348975973029958,-0.17136861453483576,5.499998248399875,31,20.505878221870923,Valletta,humidity
2025-08,10.832810114370725,-8.836420385016597,-0.2565555208306409,5.1547650203681625,31,19.66923049938732,Valletta,humidity
2025-09,8.896775968189845,-7.379382136011465,-0.10935709312836674,4.270603756792461,30,16.276158104201308,Valletta,humidity
2025-10,7.098427465192757,-7.131352608796807,-0.028719735522789516,3.9690881063993264,31,14.229780073989565,Valletta,humidity
2025-11,7.599087564781342,-12.024778656494608,-0.09663218836551475,4.9689644173042025,30,19.62386622127595,Valletta,humidity
2025-12,8.2022984951609,-13.903987751696286,0.11542721326500767,5.464167316230447,31,22.106286246857188,Valletta,humidity
2026-01,9.565267535454632,-11.839336653698544,0.1186064023382084,5.204998618474885,31,21.404604189153176,Valletta,humidity
2026-02,6.745842730936121,-8.4831189734083,-0.4163849832863959,4.295440342810369,28,15.228961704344421,Valletta,humidity
2026-03,13.92406808854461,-7.845117491470786,0.5178696419786475,5.28035657815989,31,21.769185580015396,Valletta,humidity
2026-04,16.145191869071592,-13.571915642677556,0.13243854552392662,6.584333102954467,30,29.71710751174915,Valletta,humidity
2026-05,9.718350867411129,-25.136542557263898,-0.4055805452453265,8.659084242625095,15,34.854893424675026,Valletta,humidity
2024-05,2.8342309994442445,-5.021264502492621,-0.15284310479466995,1.9037048973190358,16,7.855495501936866,Valletta,pressure_mb
2024-06,3.3021161259965965,-3.215118075911898,-7.781979852287865e-05,1.6899972468210676,30,6.517234201908495,Valletta,pressure_mb
2024-07,1.7288416510341147,-2.4214034199324543,0.023855279849909747,1.084337049662836,31,4.1502450709665695,Valletta,pressure_mb
2024-08,2.033643670229938,-2.011599888669513,0.08493478837012358,1.1878931806685904,31,4.04524355889945,Valletta,pressure_mb
2024-09,2.734224019316353,-3.4869058580723697,0.06137457541187556,1.7516876388285563,30,6.221129877388723,Valletta,pressure_mb
2024-10,3.915049508923775,-5.393158131839103,0.06374426156307393,2.2699835818070837,31,9.308207640762877,Valletta,pressure_mb
2024-11,3.847827567148369,-6.800430497851206,-0.1233649187932633,2.4066247840686477,30,10.648258064999574,Valletta,pressure_mb
2024-12,3.831850039630828,-7.59609903467735,-0.044564232341135546,2.5252082810998324,31,11.427949074308177,Valletta,pressure_mb
2025-01,3.360204748523885,-7.490085593124373,-0.04987490526526846,2.6244707816996065,31,10.850290341648257,Valletta,pressure_mb
2025-02,3.445741182702391,-5.707686874086994,-0.2554145689516603,2.497990991454474,28,9.153428056789384,Valletta,pressure_mb
2025-03,2.945020386592605,-6.089576578528056,0.036351652949166105,2.480422855664895,31,9.034596965120661,Valletta,pressure_mb
2025-04,4.669400769043523,-6.770111213132905,-0.052921693290029374,2.5615737402824834,30,11.439511982176427,Valletta,pressure_mb
2025-05,4.7648382621393495,-4.859338547845179,0.06926523645055319,2.057017077054747,31,9.62417680998453,Valletta,pressure_mb
2025-06,3.632639420377857,-2.3076675592694773,-0.10619405415405808,1.2491493367657696,30,5.9403069796473345,Valletta,pressure_mb
2025-07,2.272057668117644,-1.34162781361332,-0.008351612290843078,0.8348161849535998,31,3.613685481730964,Valletta,pressure_mb
2025-08,1.3725174613476794,-1.929423693985837,-0.0004765322978781047,0.9571689423348883,31,3.301941155333516,Valletta,pressure_mb
2025-09,2.606376774548124,-2.889876308652246,-0.06357645851483873,1.5022696887812088,30,5.49625308320037,Valletta,pressure_mb
2025-10,4.360317061819101,-4.532370287517519,-0.09873971519250564,2.1450948587216674,31,8.89268734933662,Valletta,pressure_mb
2025-11,5.723402130508838,-5.53489108618674,0.02881306230174631,2.949824879804821,30,11.258293216695577,Valletta,pressure_mb
2025-12,6.608468024740231,-5.644567282259053,-0.04649690638730887,3.336515421308148,31,12.253035306999283,Valletta,pressure_mb
2026-01,6.584958915224273,-5.8754004401768105,0.026824391766022235,3.726413450505659,31,12.460359355401083,Valletta,pressure_mb
2026-02,9.182619172819498,-8.64671742083471,0.06660776480844637,4.483250182328138,28,17.829336593654208,Valletta,pressure_mb
2026-03,7.743327405861968,-8.962323358013395,-0.053171458999189986,4.08836724448186,31,16.70565076387536,Valletta,pressure_mb
2026-04,7.606586389536284,-8.520994180429257,0.06096643613578696,4.179321805746194,30,16.12758056996554,Valletta,pressure_mb
2026-05,8.429328391174167,-8.10140670719263,0.32146153199251504,5.041405881835253,15,16.530735098366797,Valletta,pressure_mb
2024-05,0.0014495794727981,-0.0388021447671997,-0.0012483560057402442,0.010015017422666648,16,0.0402517242399978,Valletta,precip_mm
2024-06,0.0010513485085182,-0.0194185437356771,5.3018416540693335e-05,0.003682370148527661,30,0.0204698922441953,Valletta,precip_mm
2024-07,0.0003835788038133,-0.0002880229325184,4.221048724227973e-05,0.00020080234542549412,31,0.0006716017363317,Valletta,precip_mm
2024-08,0.0193285649767084,-0.0009750990257618,1.361664656554915e-06,0.003592722426653705,31,0.0203036640024702,Valletta,precip_mm
2024-09,0.0388735901017189,-0.0015257533056454,0.00015609514332151322,0.007314320406414735,30,0.0403993434073643,Valletta,precip_mm
2024-10,0.0272202988967635,-0.0027734936463201,-0.0005530415023878645,0.005214473542352374,31,0.0299937925430836,Valletta,precip_mm
2024-11,0.0517920557627222,-0.0061997252058874,-0.0009127739173236999,0.010633877214078309,30,0.0579917809686096,Valletta,precip_mm
2024-12,0.0926411669863119,-0.0106374619733918,-0.0008116707114188318,0.020135055333587788,31,0.1032786289597037,Valletta,precip_mm
2025-01,0.1380258110329328,-0.0149843427645147,0.00037203106747024813,0.031294251438010796,31,0.15301015379744748,Valletta,precip_mm
2025-02,0.0918074295711019,-0.0085901912613387,0.0017371446864215072,0.021567883457053783,28,0.1003976208324406,Valletta,precip_mm
2025-03,0.0500846531288146,-0.005984742036259,0.0005293394153013256,0.013963595709381759,31,0.056069395165073595,Valletta,precip_mm
2025-04,0.0475845498423041,-0.0037938264213479,0.00012000337141962671,0.009628806639890857,30,0.051378376263652,Valletta,precip_mm
2025-05,0.0318179236170698,-0.0022084229919985,-0.0002540220380618225,0.006100506041677039,31,0.0340263466090683,Valletta,precip_mm
2025-06,0.018008450307634,-0.0011922676923763,-9.281016575272661e-05,0.003482432325299866,30,0.0192007180000103,Valletta,precip_mm
2025-07,0.0005870860073453,-0.0004480323057847,-4.79175268199878e-06,0.0003590690154071914,31,0.00103511831313,Valletta,precip_mm
2025-08,0.0017809196614875,-0.0083999511126352,0.00022268340210572342,0.002218298705084091,31,0.010180870774122702,Valletta,precip_mm
2025-09,0.0432042035101163,-0.0181251898747256,0.00013392923095550334,0.00996286379762997,30,0.061329393384841904,Valletta,precip_mm
2025-10,0.8952028813381018,-0.0568087430949445,0.01223852414134584,0.16550822297442983,31,0.9520116244330463,Valletta,precip_mm
2025-11,1.3120446630497942,-0.0875612787736989,0.024152431419275276,0.24642526861136382,30,1.3996059418234932,Valletta,precip_mm
2025-12,3.3764985414350064,-0.4061595316661715,0.006706307377854883,0.7503995832276557,31,3.782658073101178,Valletta,precip_mm
2026-01,3.375622535847396,-0.5835621002298045,-0.007018648134968724,0.8019917406879753,31,3.9591846360772007,Valletta,precip_mm
2026-02,3.405455265649511,-0.5513871600605073,0.0031037756949449775,0.8043744991891865,28,3.9568424257100183,Valletta,precip_mm
2026-03,3.384601546043635,-0.7812030292210909,-0.024466128594868488,0.7617731227456226,31,4.165804575264726,Valletta,precip_mm
2026-04,3.3542708425856964,-1.0118255335611777,-0.012690546641458291,0.7704024079558189,30,4.366096376146874,Valletta,precip_mm
2026-05,3.3236101165495504,-0.4590623785760584,0.06987446169876778,0.9138737151216008,15,3.7826724951256088,Valletta,precip_mm
2024-05,15.782710409847876,-8.897988862591657,-0.11813373459205456,6.761337763409681,16,24.680699272439533,Valletta,wind_kph
2024-06,13.535317958505708,-12.631788366181883,0.11619538997285256,5.92376302812975,30,26.16710632468759,Valletta,wind_kph
2024-07,10.628605728727797,-10.17732302867115,0.2509221202974035,4.028532949056374,31,20.805928757398945,Valletta,wind_kph
2024-08,8.131467269948615,-9.18505824147177,-0.18143474652653274,3.602241194332647,31,17.316525511420387,Valletta,wind_kph
2024-09,7.19916275070816,-8.225720332767912,0.11596218810321783,3.632098407582152,30,15.424883083476072,Valletta,wind_kph
2024-10,10.526058119954914,-10.024719648383543,-0.24365030956941888,4.665402285564442,31,20.550777768338456,Valletta,wind_kph
2024-11,13.04538946826413,-11.984686792843242,0.052777840120278675,5.494024208797105,30,25.03007626110737,Valletta,wind_kph
2024-12,10.14076019043051,-12.803912395118903,-0.00852191383942889,6.012330955518169,31,22.944672585549412,Valletta,wind_kph
2025-01,12.749869052788986,-13.409589205374116,0.1112400037242975,6.338480543626502,31,26.159458258163102,Valletta,wind_kph
2025-02,16.296980937935917,-14.443169465916249,0.3591588511403341,6.645545840411624,28,30.740150403852166,Valletta,wind_kph
2025-03,14.999077865419554,-14.944831947293231,0.35093790442665845,5.991062698502499,31,29.943909812712786,Valletta,wind_kph
2025-04,11.811514086655755,-13.51142573519797,0.2262552722534908,5.604693702819081,30,25.322939821853723,Valletta,wind_kph
2025-05,9.608211193844085,-8.505010778861045,-0.17062220589673305,4.2297063260540275,31,18.11322197270513,Valletta,wind_kph
2025-06,6.716635370970205,-5.418361312358835,-0.14924376378879295,3.0098456070769446,30,12.134996683329039,Valletta,wind_kph
2025-07,9.476919126110731,-6.793608598814576,-0.1694644815135025,3.5934763266028726,31,16.27052772492531,Valletta,wind_kph
2025-08,10.579161522211027,-7.067288737218587,-0.05305889560993938,4.4503542309662905,31,17.646450259429614,Valletta,wind_kph
2025-09,12.546103338836785,-7.53053478585951,0.08353139779109395,5.326393097228685,30,20.076638124696295,Valletta,wind_kph
2025-10,10.150898910412907,-8.676069640068649,-0.08209783787428525,5.244202075955413,31,18.826968550481556,Valletta,wind_kph
2025-11,9.571009027676055,-10.762647485373709,0.09997309197720337,5.3000879929217675,30,20.333656513049764,Valletta,wind_kph
2025-12,8.104019124438237,-11.557059417522906,-0.2668076138691747,5.535558199914487,31,19.661078541961142,Valletta,wind_kph
2026-01,8.612811246612717,-12.073331286977565,-0.4169567475364209,5.565000262100454,31,20.68614253359028,Valletta,wind_kph
2026-02,7.410956520024332,-13.097048987209751,0.38346981055959467,4.84503733941154,28,20.50800550723408,Valletta,wind_kph
2026-03,9.58057598484383,-14.514875777008893,-0.385888684871234,5.01701248792774,31,24.095451761852722,Valletta,wind_kph
2026-04,12.388441207603682,-15.661565583522338,-0.07113786335443097,6.101415431384835,30,28.05000679112602,Valletta,wind_kph
2026-05,15.068786356197371,-11.9464994622002,2.420951703957674,8.319009018195407,15,27.015285818397572,Valletta,wind_kph
2024-05,70.91408520775444,-46.24217894544378,-4.156484878287741,33.43501858675687,16,117.15626415319822,Valletta,air_quality_PM2.5
2024-06,54.44704997142146,-36.18472600694944,0.04477561322672029,27.590014041071,30,90.6317759783709,Valletta,air_quality_PM2.5
2024-07,42.97372576063187,-26.154789149002983,-0.2861925777323699,20.373404227376355,31,69.12851490963486,Valletta,air_quality_PM2.5
2024-08,31.815021029390756,-16.237678315910372,0.012911207401466333,13.836004417372749,31,48.05269934530113,Valletta,air_quality_PM2.5
2024-09,20.768007682922,-8.73989046707571,0.057014682821655636,8.43856770278378,30,29.50789814999771,Valletta,air_quality_PM2.5
2024-10,13.423477733568117,-4.892400367306403,0.19608528831238925,5.188461242082208,31,18.31587810087452,Valletta,air_quality_PM2.5
2024-11,6.59964966499389,-2.924154355183514,0.1619260657318798,2.6529455271007487,30,9.523804020177403,Valletta,air_quality_PM2.5
2024-12,3.904082826110451,-3.3943764234270284,-0.07489932586780788,1.5977655296903301,31,7.29845924953748,Valletta,air_quality_PM2.5
2025-01,3.8261861918272215,-3.5932098496117724,0.012578178454954425,1.8171925974120329,31,7.4193960414389934,Valletta,air_quality_PM2.5
2025-02,6.774537207892648,-3.211680345029,0.006600219175131761,2.218432837915546,28,9.986217552921648,Valletta,air_quality_PM2.5
2025-03,10.382371766409214,-3.609841139301756,-0.076310054101089,2.8410764518081244,31,13.992212905710971,Valletta,air_quality_PM2.5
2025-04,12.886578006736556,-4.486296475577326,-0.03804306606790206,3.5509310456200875,30,17.372874482313883,Valletta,air_quality_PM2.5
2025-05,17.24651892768277,-6.089092195131002,0.0020122775960910847,4.478020639229456,31,23.335611122813773,Valletta,air_quality_PM2.5
2025-06,11.886928830876824,-6.570972446974699,0.0730691409133693,4.029992908760419,30,18.457901277851523,Valletta,air_quality_PM2.5
2025-07,8.603899487934425,-4.592202112809064,0.037169061435546664,3.2114172945323283,31,13.19610160074349,Valletta,air_quality_PM2.5
2025-08,5.700897008906114,-3.967453952407029,0.021837274776604843,2.4958738412987067,31,9.668350961313143,Valletta,air_quality_PM2.5
2025-09,3.906335347157905,-2.7252427440983324,0.07955859860714701,1.818660288656418,30,6.631578091256237,Valletta,air_quality_PM2.5
2025-10,2.6028121424938875,-2.297889512930252,-0.04564672111028405,1.4646555946205932,31,4.90070165542414,Valletta,air_quality_PM2.5
2025-11,2.726565783941401,-2.0267776194521687,-0.02476433418332801,1.4626008006414843,30,4.75334340339357,Valletta,air_quality_PM2.5
2025-12,3.041305052921687,-2.3765385685394005,-0.038599456112911004,1.28847085921795,31,5.4178436214610874,Valletta,air_quality_PM2.5
2026-01,1.3116535019145494,-1.4270703253460668,-0.046331008311687814,0.7883350074156613,31,2.7387238272606163,Valletta,air_quality_PM2.5
2026-02,8.801201708766747,-2.453679996149411,0.11812054737779817,2.0507043477456337,28,11.254881704916158,Valletta,air_quality_PM2.5
2026-03,13.38703320352444,-4.028824385746948,0.024800975027367323,3.1806005393897157,31,17.41585758927139,Valletta,air_quality_PM2.5
2026-04,18.034179372688996,-6.575338148169805,0.042774319311613594,4.592164294987183,30,24.6095175208588,Valletta,air_quality_PM2.5
2026-05,10.91587877894484,-6.181380215497488,-1.286206151467637,4.3057183069206255,15,17.097258994442328,Valletta,air_quality_PM2.5
2024-05,120.64733387485828,-31.104586044000133,6.148355476736897,40.99112501155177,16,151.75191991885842,Valletta,air_quality_PM10
2024-06,91.48232806855604,-33.245968902427464,-0.1849155592488652,29.815261404750533,30,124.72829697098351,Valletta,air_quality_PM10
2024-07,62.75708802014314,-25.563470426434613,-0.37641602289838355,20.85802514134458,31,88.32055844657775,Valletta,air_quality_PM10
2024-08,33.61721682823341,-17.655197564426953,-0.09335225470915001,12.958350987369741,31,51.272414392660366,Valletta,air_quality_PM10
2024-09,23.193060998966345,-10.073165125513595,-0.25652345884649363,7.504199496157446,30,33.26622612447994,Valletta,air_quality_PM10
2024-10,20.97599692125594,-9.176552848972475,0.07358832518325291,5.956531139517924,31,30.15254977022842,Valletta,air_quality_PM10
2024-11,17.79175964145121,-8.212546616849423,0.14786310913149592,5.1114740380518375,30,26.004306258300634,Valletta,air_quality_PM10
2024-12,15.343698643539206,-7.990424443417535,-0.02763271392239718,4.982609389675365,31,23.33412308695674,Valletta,air_quality_PM10
2025-01,20.69462130247375,-13.05005556328804,-0.31391931464320894,6.93224650107487,31,33.74467686576179,Valletta,air_quality_PM10
2025-02,37.54085962912453,-9.095430203574418,0.34800936172250474,9.132052357079706,28,46.63628983269895,Valletta,air_quality_PM10
2025-03,30.923666586524483,-6.8786771444867245,0.009212415125959906,8.381682159666218,31,37.802343731011206,Valletta,air_quality_PM10
2025-04,24.45068456501196,-7.517871686905416,0.2002638744826182,6.327538911758277,30,31.968556251917377,Valletta,air_quality_PM10
2025-05,18.632390742124045,-8.52857609448441,0.0941692637847057,5.947877556852398,31,27.160966836608456,Valletta,air_quality_PM10
2025-06,11.010950514060667,-8.637410907364087,0.338811541752114,5.431033887030067,30,19.648361421424752,Valletta,air_quality_PM10
2025-07,11.296080084365672,-8.137642229018157,0.10075068542354554,5.1329951800871125,31,19.43372231338383,Valletta,air_quality_PM10
2025-08,9.154032829737613,-6.400477042091881,-0.12564864592214747,4.5191936236771095,31,15.554509871829493,Valletta,air_quality_PM10
2025-09,7.100664595714531,-5.518462203933542,-0.06391110215929685,3.5063057255548835,30,12.619126799648072,Valletta,air_quality_PM10
2025-10,8.25235416236992,-4.118797126905771,-0.13334166780774917,2.8610330412302853,31,12.37115128927569,Valletta,air_quality_PM10
2025-11,7.743056728595616,-3.941743148780521,-0.09738677279247139,2.532950632655845,30,11.684799877376136,Valletta,air_quality_PM10
2025-12,7.676192164839904,-4.414754968629696,-0.18143770735175724,2.714838785343067,31,12.0909471334696,Valletta,air_quality_PM10
2026-01,6.880424879171111,-4.210898781036446,-0.1708184797690247,3.1042321692808756,31,11.091323660207557,Valletta,air_quality_PM10
2026-02,10.12201991805018,-5.626478321124872,0.28412231949158423,3.92281519368806,28,15.748498239175053,Valletta,air_quality_PM10
2026-03,17.614383579096575,-5.624056431674529,-0.0983290103116833,5.423699332134519,31,23.238440010771104,Valletta,air_quality_PM10
2026-04,25.420230236777943,-10.51235876601459,0.019713892111361687,7.586469493836201,30,35.93258900279253,Valletta,air_quality_PM10
2026-05,12.584219921158384,-9.84741634416478,-1.6525964421273158,6.209441667382252,15,22.431636265323164,Valletta,air_quality_PM10
2024-05,41.610585123411006,-11.443452800193889,5.4073943013348345,17.979892877500998,16,53.054037923604895,Valletta,air_quality_Carbon_Monoxide
2024-06,28.607338444621934,-18.498537458571217,-0.35345406113633593,12.148675921566472,30,47.10587590319315,Valletta,air_quality_Carbon_Monoxide
2024-07,20.68322535985945,-14.337213445893214,-0.28862261370924014,8.61705734264377,31,35.02043880575266,Valletta,air_quality_Carbon_Monoxide
2024-08,21.59625645630685,-13.82230215193898,-0.13436842215743522,7.554615354051547,31,35.41855860824583,Valletta,air_quality_Carbon_Monoxide
2024-09,23.727369837703776,-13.35952052184825,-0.6976847883207775,7.807601507398312,30,37.08689035955203,Valletta,air_quality_Carbon_Monoxide
2024-10,34.13994787232488,-16.260457714576088,0.8162575964213751,11.863480173377106,31,50.40040558690097,Valletta,air_quality_Carbon_Monoxide
2024-11,37.98261188573501,-18.403429810076616,0.13899276621828657,12.84946950110078,30,56.38604169581163,Valletta,air_quality_Carbon_Monoxide
2024-12,46.135352751766334,-19.60416655535757,0.4243249984519536,13.697938386114979,31,65.7395193071239,Valletta,air_quality_Carbon_Monoxide
2025-01,41.9815442797513,-19.86794605653624,-0.5128536805832259,13.169881483151462,31,61.84949033628754,Valletta,air_quality_Carbon_Monoxide
2025-02,29.53963256081145,-20.68047921778275,-0.3586486183257898,12.050795531819196,28,50.2201117785942,Valletta,air_quality_Carbon_Monoxide
2025-03,21.24045605409895,-17.769073233725965,-0.36657380483955526,10.31982962231187,31,39.00952928782492,Valletta,air_quality_Carbon_Monoxide
2025-04,30.5749500762854,-21.042048763952995,0.2054546544524687,10.53097797085043,30,51.616998840238395,Valletta,air_quality_Carbon_Monoxide
2025-05,27.17605360367889,-16.05479629822518,0.8177693358542075,9.960734340689802,31,43.23084990190407,Valletta,air_quality_Carbon_Monoxide
2025-06,31.11294998860236,-17.024111046556747,0.11411508651706533,10.906253580538687,30,48.13706103515911,Valletta,air_quality_Carbon_Monoxide
2025-07,32.22723930874404,-19.82515415777033,0.27830340538737197,11.983739275107773,31,52.052393466514374,Valletta,air_quality_Carbon_Monoxide
2025-08,28.08541281189128,-20.61052296839877,-0.13879167434293063,12.278036776621223,31,48.69593578029005,Valletta,air_quality_Carbon_Monoxide
2025-09,24.60566275435573,-18.7317838444602,0.019105491557548208,10.744865424872422,30,43.33744659881593,Valletta,air_quality_Carbon_Monoxide
2025-10,19.18815209540869,-14.746169456799873,-0.37189856222818507,8.676810011754993,31,33.93432155220856,Valletta,air_quality_Carbon_Monoxide
2025-11,13.870983733314173,-10.7618408374727,-0.294232054542877,7.014268750119973,30,24.632824570786873,Valletta,air_quality_Carbon_Monoxide
2025-12,14.711771635516858,-9.829378169765008,0.04472459733665397,6.479025905824323,31,24.541149805281865,Valletta,air_quality_Carbon_Monoxide
2026-01,11.772656076276627,-11.978127770115314,0.2913655634097942,5.861121220000688,31,23.75078384639194,Valletta,air_quality_Carbon_Monoxide
2026-02,8.07525574780469,-8.647229951976641,-0.08387844910582042,4.81381742467329,28,16.72248569978133,Valletta,air_quality_Carbon_Monoxide
2026-03,10.893472434113276,-9.906484169359018,-0.1953624017070946,5.244254116044823,31,20.799956603472296,Valletta,air_quality_Carbon_Monoxide
2026-04,14.259450494435406,-13.34681538196116,-0.14868543585992933,7.431502117365135,30,27.606265876396566,Valletta,air_quality_Carbon_Monoxide
2026-05,13.938587187498936,-15.830146318164337,-1.5790668975574385,9.539011696998443,15,29.76873350566327,Valletta,air_quality_Carbon_Monoxide
2024-05,4.3746943130674494e-05,1.0019110194790564e-05,2.5491263936414967e-05,9.963874559042897e-06,16,3.372783293588393e-05,Valletta,visibility_km
2024-06,2.133475523712993e-05,-4.352137820950681e-05,-4.380749548530967e-06,2.105224510452624e-05,30,6.485613344663673e-05,Valletta,visibility_km
2024-07,7.822121941301146e-06,-1.405706054313979e-05,-5.512218501246326e-06,5.914849228195803e-06,31,2.1879182484440934e-05,Valletta,visibility_km
2024-08,4.869888394242828e-05,-5.1138739676097096e-05,-7.664719562917998e-06,3.820001269063782e-05,31,9.983762361852538e-05,Valletta,visibility_km
2024-09,0.0001260593636945,-0.0002169054279277,-7.28601733068568e-05,0.00013793723835856355,30,0.0003429647916222,Valletta,visibility_km
2024-10,0.0044767436225454,-0.0007155132902316,-0.0001244081553617279,0.0010483761576028003,31,0.005192256912777,Valletta,visibility_km
2024-11,0.0091097065274198,-0.0046586108114837,-0.00098360079861145,0.0029361464425536722,30,0.0137683173389035,Valletta,visibility_km
2024-12,0.0289556695158755,-0.0078474094473543,0.0074406366570755125,0.009755138008517348,31,0.0368030789632298,Valletta,visibility_km
2025-01,0.1107248063032023,-1.915059184688664,-0.0469374088944058,0.4965802484032129,31,2.0257839909918665,Valletta,visibility_km
2025-02,0.5728558610411201,-5.59171102068058,0.07927643902496968,1.1417196825376041,28,6.1645668817217,Valletta,visibility_km
2025-03,0.609226734211152,-5.394129983254388,-0.04858567773245986,1.46060458875521,31,6.00335671746554,Valletta,visibility_km
2025-04,0.3824364077301641,-0.086745654920827,0.004711249512698073,0.11685158939003899,30,0.46918206265099105,Valletta,visibility_km
2025-05,0.0749703526548295,-0.0320356143158638,0.012768024985609925,0.0324852143695055,31,0.1070059669706933,Valletta,visibility_km
2025-06,0.0282004474101467,-0.0666914103633876,0.00291352640711332,0.022638663711169408,30,0.0948918577735343,Valletta,visibility_km
2025-07,0.0121360379799309,-0.0384938749480685,-0.0015410392823364484,0.013111592083303189,31,0.0506299129279994,Valletta,visibility_km
2025-08,0.0053360824164709,-0.0105895969159829,-0.000716705383395943,0.0043620342001688805,31,0.0159256793324538,Valletta,visibility_km
2025-09,0.0022419994741418,-0.0011729353770545,-0.00011680226479369833,0.0011438527732445542,30,0.0034149348511963,Valletta,visibility_km
2025-10,0.0001695598390116,-0.0003865863668251,-0.00012015490355416239,0.00017290529030618745,31,0.0005561462058367,Valletta,visibility_km
2025-11,-4.695806901938026e-07,-4.110931891121024e-05,-1.9899894540653293e-05,1.2604460611625027e-05,30,4.0639738221016436e-05,Valletta,visibility_km
2025-12,1.640671259547324e-05,-2.203387626573967e-06,3.958041293789626e-07,3.2405958509052605e-06,31,1.8610100222047207e-05,Valletta,visibility_km
2026-01,1.4299685929893235e-06,-2.792845179288255e-07,4.5571082155416025e-07,4.612014722780104e-07,31,1.709253110918149e-06,Valletta,visibility_km
2026-02,2.3582222356990885e-07,-4.551254227716548e-07,-7.463941243187219e-08,1.6095712881352532e-07,28,6.909476463415637e-07,Valletta,visibility_km
2026-03,1.3015835295013046e-06,-1.280243688829639e-06,-6.442470233506952e-08,6.090267168064188e-07,31,2.5818272183309437e-06,Valletta,visibility_km
2026-04,2.5975960467985083e-06,-2.2656689650680406e-06,-8.907883287777042e-08,1.2374598223664482e-06,30,4.863265011866549e-06,Valletta,visibility_km
2026-05,3.930305623435032e-06,-2.942917677779492e-06,1.2313698752477557e-06,1.5905634468852926e-06,15,6.873223301214524e-06,Valletta,visibility_km
2024-05,0.5484748680698964,-0.5780880054599122,0.13012776823488909,0.3657601130893009,16,1.1265628735298088,Valletta,uv_index
2024-06,0.4402351759151103,-0.556342282342265,-0.007946252305043963,0.23420026955769316,30,0.9965774582573753,Valletta,uv_index
2024-07,0.8698795137640558,-0.63681241039275,-0.005408282930562695,0.2203170465234142,31,1.5066919241568058,Valletta,uv_index
2024-08,1.3124262778115978,-0.7168268739444684,-0.009503642622480591,0.28999853617347,31,2.029253151756066,Valletta,uv_index
2024-09,1.888811747848392,-0.869217572572588,-0.006358452180038309,0.4409723780876182,30,2.75802932042098,Valletta,uv_index
2024-10,1.164095818591241,-0.6752326595225139,-0.00830016569075469,0.3508988040892018,31,1.8393284781137549,Valletta,uv_index
2024-11,0.5867245608910412,-0.8587006252294833,-0.0030899964762856613,0.3256744467245907,30,1.4454251861205245,Valletta,uv_index
2024-12,0.3618812476531964,-0.6262032720298171,0.0011624952134513611,0.2551755081642566,31,0.9880845196830135,Valletta,uv_index
2025-01,0.3623279543227333,-0.7373701317744036,0.010439404427292557,0.24108742225525945,31,1.0996980860971368,Valletta,uv_index
2025-02,0.5118734372419056,-0.8894438885234807,0.0005321727979897114,0.3674932322901453,28,1.4013173257653864,Valletta,uv_index
2025-03,0.7210434734941853,-1.448309877178928,-0.02482873985862547,0.5319477298563454,31,2.1693533506731133,Valletta,uv_index
2025-04,1.0034651414904905,-1.5637331697116137,-0.014954216103878096,0.7356478000630229,30,2.5671983112021044,Valletta,uv_index
2025-05,1.2824591274676898,-1.401648409212044,0.0013105007154226953,0.7681962761635026,31,2.6841075366797336,Valletta,uv_index
2025-06,1.5268971888914762,-1.001532524252033,0.021831977501215856,0.6614773801443089,30,2.528429713143509,Valletta,uv_index
2025-07,1.0622913921248542,-0.6331165295112331,0.005619451502052498,0.4464354700619904,31,1.6954079216360873,Valletta,uv_index
2025-08,0.7265544837233553,-1.0544363077367842,0.015110637149325798,0.37526809637105685,31,1.7809907914601395,Valletta,uv_index
2025-09,0.3645371683221393,-1.6336373362909282,-0.008304142373951046,0.3943058121677552,30,1.9981745046130674,Valletta,uv_index
2025-10,0.3547722260541524,-1.0783934866988512,0.010223443962922999,0.29328324788810384,31,1.4331657127530035,Valletta,uv_index
2025-11,0.3047424359666872,-0.5934979093505982,-0.006729259200339171,0.18362782160627475,30,0.8982403453172854,Valletta,uv_index
2025-12,0.2034582219741163,-0.1445016285041463,0.0034498504108624486,0.08407579446628681,31,0.3479598504782626,Valletta,uv_index
2026-01,0.1204132785152703,-0.112516358455686,-0.0004600663166647369,0.058786313995238516,31,0.2329296369709563,Valletta,uv_index
2026-02,0.1491905881891783,-0.0693610666718791,0.0050868114675247005,0.05830099436448895,28,0.2185516548610574,Valletta,uv_index
2026-03,0.2236894457484844,-0.1205754199004544,0.0023449234913707493,0.06924390387655975,31,0.34426486564893877,Valletta,uv_index
2026-04,0.2710450522623062,-0.1969411624044048,0.0028559419223539513,0.09643806338436324,30,0.467986214666711,Valletta,uv_index
2026-05,0.3224182392016118,-0.3180341273389134,-0.01969032023457411,0.16431022600127568,15,0.6404523665405252,Valletta,uv_index
2024-05,4.976947385259127,-1.8958647861148408,1.9437375866840085,1.8698394893441568,16,6.872812171373967,Warsaw,temperature_celsius
2024-06,4.150280671975222,-4.183714644109404,-0.1020445079802972,2.437017684262537,30,8.333995316084625,Warsaw,temperature_celsius
2024-07,3.570913087315374,-3.2881013911559176,-0.05685683718179042,1.9223909592443622,31,6.859014478471291,Warsaw,temperature_celsius
2024-08,2.958783282559119,-2.690613260794958,-0.06271627490917901,1.630441010371461,31,5.649396543354078,Warsaw,temperature_celsius
2024-09,2.8662923428436256,-3.0254368510182807,0.04171641404997946,1.627555151798628,30,5.891729193861906,Warsaw,temperature_celsius
2024-10,2.5675786908790323,-3.961820727319404,-0.04224524321115004,1.6698757582222625,31,6.5293994181984365,Warsaw,temperature_celsius
2024-11,2.3068639200858656,-3.597595997571419,-0.03305460557544637,1.626477298432556,30,5.9044599176572845,Warsaw,temperature_celsius
2024-12,3.3761151791515367,-3.1796451744377934,-0.05423974303730469,1.5812680020327692,31,6.55576035358933,Warsaw,temperature_celsius
2025-01,4.060385916876562,-3.332815750230769,0.02886712280110577,1.6700419163191629,31,7.3932016671073315,Warsaw,temperature_celsius
2025-02,4.835524472683737,-3.3449582126524007,-0.00888409450687149,2.1956112388703524,28,8.180482685336138,Warsaw,temperature_celsius
2025-03,4.435282632809501,-4.846060111106043,0.0022469277331954047,2.5076947431022814,31,9.281342743915545,Warsaw,temperature_celsius
2025-04,3.834217088578464,-5.335652731973518,-0.06464240255711728,2.699937948088793,30,9.169869820551982,Warsaw,temperature_celsius
2025-05,4.60020768907933,-5.444588856426239,-0.06386902275823952,2.4344814247202664,31,10.04479654550557,Warsaw,temperature_celsius
2025-06,4.286800991467796,-4.7263248835028495,-0.1420135775610541,1.9588520901238526,30,9.013125874970646,Warsaw,temperature_celsius
2025-07,3.2797657916255507,-3.8108396821400783,-0.03984358276122188,1.669253841038865,31,7.090605473765629,Warsaw,temperature_celsius
2025-08,3.734570221105389,-2.803736924045132,-0.008435911231358192,1.5400462527086007,31,6.538307145150521,Warsaw,temperature_celsius
2025-09,3.0271359790097576,-3.340422251943567,-0.043086268188540076,1.5003850548633308,30,6.367558230953325,Warsaw,temperature_celsius
2025-10,2.527621452002323,-3.8264396724118623,-0.061077454752194386,1.5644721082776816,31,6.354061124414185,Warsaw,temperature_celsius
2025-11,3.99381912508294,-4.753114094417909,0.022193848390113135,1.8153647156805721,30,8.74693321950085,Warsaw,temperature_celsius
2025-12,4.688575102135777,-5.362767396264802,-0.0348520824348106,2.215300168725967,31,10.05134249840058,Warsaw,temperature_celsius
2026-01,5.017494331126596,-4.288983899761757,0.0762968554077583,2.3726035402966326,31,9.306478230888352,Warsaw,temperature_celsius
2026-02,4.375145698931697,-6.129208853673397,0.06223809603673915,2.380366568807973,28,10.504354552605093,Warsaw,temperature_celsius
2026-03,2.835641437134219,-4.319538684272483,-0.11250868878365958,1.8335867570477309,31,7.155180121406701,Warsaw,temperature_celsius
2026-04,3.807659938392458,-3.841352192052316,-0.09104662916699424,2.054037909419706,30,7.649012130444774,Warsaw,temperature_celsius
2026-05,4.83082472105608,-4.313758143396798,0.3782795004360331,2.7144421173034625,15,9.144582864452879,Warsaw,temperature_celsius
2024-05,35.59062321764442,-21.530613365845063,-5.208367033299086,15.111009705981266,16,57.121236583489484,Warsaw,humidity
2024-06,23.922091208617484,-15.613794996504508,0.5186144328813388,10.635748846324317,30,39.53588620512199,Warsaw,humidity
2024-07,18.42994199146694,-10.458476481136112,0.7730771965605097,7.50541629127657,31,28.88841847260305,Warsaw,humidity
2024-08,13.315476849605162,-13.078226349847492,0.5577861421200079,6.817942850303189,31,26.393703199452652,Warsaw,humidity
2024-09,11.28963695007447,-20.531410688647057,-0.035855354258504356,8.182417331191907,30,31.821047638721527,Warsaw,humidity
2024-10,14.24202333279857,-21.984055958479946,-0.12102613691500903,9.107285203251733,31,36.226079291278516,Warsaw,humidity
2024-11,14.587829915559338,-17.68593934558432,0.029130608542890964,8.648508244330122,30,32.273769261143656,Warsaw,humidity
2024-12,12.564111128112636,-17.49780313728566,0.15787034905008412,7.208128292341306,31,30.061914265398297,Warsaw,humidity
2025-01,12.944864402202132,-13.210956150310802,0.09826741106834261,7.422131474666756,31,26.155820552512935,Warsaw,humidity
2025-02,15.503895197856572,-16.679061436264917,-0.5073782764795338,8.050547653332425,28,32.18295663412149,Warsaw,humidity
2025-03,17.346669694675846,-17.91446326993931,-0.21839547720766034,8.75833497503195,31,35.26113296461516,Warsaw,humidity
2025-04,18.20098472564489,-17.106166072281646,-0.4635856732898166,9.776004374653143,30,35.30715079792654,Warsaw,humidity
2025-05,20.211691948389028,-18.245272110091104,0.2886756186749477,9.791252552779337,31,38.45696405848013,Warsaw,humidity
2025-06,21.29041680625237,-18.012770692965255,-0.0959674968083646,9.908805919400573,30,39.30318749921763,Warsaw,humidity
2025-07,18.55771997651999,-14.824579331800322,-0.2431957335831236,9.750195355555125,31,33.38229930832031,Warsaw,humidity
2025-08,16.90206143663556,-13.415598890165302,0.08723050052252847,8.903703435348213,31,30.317660326800862,Warsaw,humidity
2025-09,15.699819874659712,-18.941410743119693,-0.38157950856903533,7.652617243449337,30,34.64123061777941,Warsaw,humidity
2025-10,15.276043786443386,-16.06271547600026,0.03082957751982887,6.0584391232574974,31,31.338759262443645,Warsaw,humidity
2025-11,9.602190375522191,-12.38966267387747,0.34352845690698397,4.66978178038698,30,21.991853049399662,Warsaw,humidity
2025-12,7.720947633802154,-7.364194206848338,0.5624919873752602,3.7758034786072887,31,15.085141840650492,Warsaw,humidity
2026-01,6.141250061208455,-8.944196862734595,0.30796868043970527,3.806542250896119,31,15.08544692394305,Warsaw,humidity
2026-02,8.702021005619699,-10.005055465621483,-0.3293725421478618,5.035185562038951,28,18.70707647124118,Warsaw,humidity
2026-03,17.519138563507884,-17.476362149010107,-0.2102877544924141,7.634595781663443,31,34.995500712517995,Warsaw,humidity
2026-04,26.35550214433772,-27.366709790118463,-0.2699789455319708,11.214738554230019,30,53.72221193445618,Warsaw,humidity
2026-05,35.507767470157134,-17.38494630403514,1.8738888910402864,14.865092873282922,15,52.89271377419227,Warsaw,humidity
2024-05,6.791177482192635,-6.05801835696861,0.8514708779429392,3.4620158584192686,16,12.849195839161245,Warsaw,pressure_mb
2024-06,4.143951120039717,-6.127996307707715,-0.03951529749808794,2.6289624413560366,30,10.271947427747431,Warsaw,pressure_mb
2024-07,2.859541811564362,-3.482221726330777,-0.05995729875192568,1.894477473661549,31,6.3417635378951385,Warsaw,pressure_mb
2024-08,5.378313989912227,-5.596303486214978,0.09220710725708639,2.4105962068756517,31,10.974617476127206,Warsaw,pressure_mb
2024-09,5.90044079357274,-9.56685433645658,-0.0724222233005926,3.538367954096098,30,15.467295130029319,Warsaw,pressure_mb
2024-10,8.59403955418592,-11.186580456550134,-0.07769751621854662,4.5395276645360605,31,19.780620010736055,Warsaw,pressure_mb
2024-11,9.367606943667186,-10.79703343951686,-0.19895661028098352,5.121941397518139,30,20.164640383184043,Warsaw,pressure_mb
2024-12,9.74127781639864,-13.194950049234066,-0.1599264998902757,5.727727846851596,31,22.936227865632706,Warsaw,pressure_mb
2025-01,12.879512821006053,-10.117819105901493,0.006868282193759417,5.352600146460832,31,22.997331926907545,Warsaw,pressure_mb
2025-02,11.795327128262198,-13.03170049648824,-0.23294453010590097,5.026523854241885,28,24.827027624750436,Warsaw,pressure_mb
2025-03,10.1430025816438,-12.030990409419626,0.12847293149188263,4.086983513730241,31,22.17399299106343,Warsaw,pressure_mb
2025-04,6.175759679410609,-8.865403844069087,0.03653477651606876,3.029854193955451,30,15.041163523479696,Warsaw,pressure_mb
2025-05,5.473692959974905,-2.698180058334463,0.14866025313324321,2.0512888143180503,31,8.171873018309368,Warsaw,pressure_mb
2025-06,3.827889650600599,-3.337571460855387,-0.1716142005692764,1.788100806434594,30,7.165461111455986,Warsaw,pressure_mb
2025-07,4.77437753598575,-3.7589793018482656,-0.05620104431230096,2.273983823857433,31,8.533356837834017,Warsaw,pressure_mb
2025-08,4.948774212410654,-6.971394788569601,-0.25458608304156366,2.872840502767983,31,11.920169000980255,Warsaw,pressure_mb
2025-09,5.436327676123579,-9.87745408716198,-0.08127939547033997,3.788168482459051,30,15.313781763285558,Warsaw,pressure_mb
2025-10,5.726741452374271,-12.294242153323186,0.09187068984396599,4.426331551935224,31,18.020983605697456,Warsaw,pressure_mb
2025-11,6.281954275814222,-11.608371220481915,0.0563674788236189,4.436311288094571,30,17.890325496296136,Warsaw,pressure_mb
2025-12,6.665739430077552,-8.511333079943311,0.03781600099898608,3.8459922562223516,31,15.177072510020864,Warsaw,pressure_mb
2026-01,6.6559734676768825,-7.669199208927618,0.1252188179021874,3.7029455584146813,31,14.3251726766045,Warsaw,pressure_mb
2026-02,6.861333628541015,-8.37477949276711,0.035072851967131544,3.721267293422138,28,15.236113121308126,Warsaw,pressure_mb
2026-03,6.403977665318244,-9.467950434385912,0.2404015153735722,3.927270250632717,31,15.871928099704157,Warsaw,pressure_mb
2026-04,9.474392526003422,-10.701496238468472,0.24652144477586788,5.3291553992189105,30,20.175888764471893,Warsaw,pressure_mb
2026-05,9.343936987410888,-11.044713715815409,-1.802223481670342,6.753081289351131,15,20.388650703226297,Warsaw,pressure_mb
2024-05,2.410636580206641e-06,-1.0882389448532123e-06,1.1862544205265936e-06,1.029655005811193e-06,16,3.498875525059853e-06,Warsaw,precip_mm
2024-06,1.3419349552726191e-06,-5.889338876122939e-06,-1.1730494354913071e-07,1.5235291344917106e-06,30,7.231273831395558e-06,Warsaw,precip_mm
2024-07,6.26742566711046e-07,-4.126534775771491e-06,-1.6199039186757365e-07,9.175045794012857e-07,31,4.753277342482537e-06,Warsaw,precip_mm
2024-08,1.2172066744524035e-06,-2.306424975975817e-06,-3.7762119808025957e-07,7.445716905992678e-07,31,3.5236316504282203e-06,Warsaw,precip_mm
2024-09,6.0229084217619725e-06,-3.500374354135509e-06,-6.893823334317273e-07,1.9017298873087611e-06,30,9.523282775897482e-06,Warsaw,precip_mm
2024-10,7.941502382820781e-06,-7.530469418638264e-06,1.4650196448658755e-06,4.039555174104345e-06,31,1.5471971801459045e-05,Warsaw,precip_mm
2024-11,8.689051510798729e-05,-6.651838987984814e-05,1.5644686721656294e-05,3.684103568483531e-05,30,0.00015340890498783544,Warsaw,precip_mm
2024-12,0.0011678085852965,-0.0008326755568709,2.908516150350053e-05,0.000331516573651337,31,0.0020004841421674,Warsaw,precip_mm
2025-01,0.0038425063449285,-0.0159510248281985,-0.00039354957369651633,0.0030620768202502314,31,0.019793531173127002,Warsaw,precip_mm
2025-02,0.0380369220502948,-0.026873729921171,-1.5687186825607904e-06,0.009289320337191619,28,0.0649106519714658,Warsaw,precip_mm
2025-03,0.0694874757772833,-0.082034958004121,-0.012722091919254148,0.027250226362144726,31,0.1515224337814043,Warsaw,precip_mm
2025-04,1.0771256061071148,-0.0826847692329355,0.011775745511827305,0.209657936153205,30,1.1598103753400504,Warsaw,precip_mm
2025-05,0.2702204007598242,-0.0401907272070307,-0.0028714019685856704,0.06274398709038848,31,0.3104111279668549,Warsaw,precip_mm
2025-06,0.2759698819062837,-0.0250547503128351,0.002669695707991039,0.06141005719214856,30,0.3010246322191188,Warsaw,precip_mm
2025-07,0.1817762205557273,-0.0755964602283506,-0.001156191154032084,0.042130746258816645,31,0.25737268078407793,Warsaw,precip_mm
2025-08,0.0999404848036664,-0.0141852460794162,0.0035984848992047617,0.03133840038118073,31,0.11412573088308259,Warsaw,precip_mm
2025-09,0.2361460243664567,-0.0176708798390479,0.0015622200494855602,0.05079066157725094,30,0.2538169042055046,Warsaw,precip_mm
2025-10,0.1464060888239989,-0.0142697928885753,-0.001870347152863139,0.0334405178195623,31,0.1606758817125742,Warsaw,precip_mm
2025-11,0.082370250116186,-0.0130809577990997,-0.0008285659220801637,0.02581307659464148,30,0.09545120791528569,Warsaw,precip_mm
2025-12,0.1491889330293743,-0.0118806696754546,-0.002617166674917948,0.02904914226869522,31,0.1610696027048289,Warsaw,precip_mm
2026-01,0.2304853597563441,-0.00944931542028,0.0009531608849388544,0.043042616135350195,31,0.2399346751766241,Warsaw,precip_mm
2026-02,0.1534085205680548,-0.0066200024705469,0.0015849805889133711,0.03033531096819727,28,0.16002852303860168,Warsaw,precip_mm
2026-03,0.0763794546948802,-0.0038112682640279,0.0008582263403431836,0.014348501188622671,31,0.0801907229589081,Warsaw,precip_mm
2026-04,0.0026247591298914,-0.0005555577102946,0.001014862643648473,0.0009483824279714911,30,0.003180316840186,Warsaw,precip_mm
2026-05,0.0044824862073479,-0.0773837292230704,-0.001780370109765146,0.020921233715482837,15,0.08186621543041829,Warsaw,precip_mm
2024-05,10.20766604847803,-15.075242804112849,-0.4696936993203954,6.7184996954921585,16,25.28290885259088,Warsaw,wind_kph
2024-06,16.403088474849305,-11.373428379314342,0.04757989786434615,5.9756100050081296,30,27.776516854163646,Warsaw,wind_kph
2024-07,13.996186145114113,-9.29039819842838,-0.0028108780887072518,4.851540567799971,31,23.286584343542494,Warsaw,wind_kph
2024-08,11.455124787721022,-9.472916313582624,0.1179752155179507,4.176857515259304,31,20.92804110130365,Warsaw,wind_kph
2024-09,8.661787546004351,-9.358368564793944,0.05812903473191907,3.9056168335639927,30,18.020156110798297,Warsaw,wind_kph
2024-10,5.794146532980643,-7.839956345232348,-0.11643131900090051,3.542245779492551,31,13.634102878212992,Warsaw,wind_kph
2024-11,5.9067932656489655,-5.810446246169193,-0.10193617559155642,3.4186074227519785,30,11.717239511818159,Warsaw,wind_kph
2024-12,6.926431770361249,-5.28459470034305,-0.13520312251910266,3.2869809343001557,31,12.211026470704297,Warsaw,wind_kph
2025-01,5.66313082758414,-5.655727448339196,0.046991530612300506,3.230398272413622,31,11.318858275923336,Warsaw,wind_kph
2025-02,4.854749535560981,-4.854529889769157,-0.16758265000113473,2.9474992329859164,28,9.709279425330138,Warsaw,wind_kph
2025-03,6.059918697848983,-5.754196724243381,0.008266822622175094,3.128875720057504,31,11.814115422092364,Warsaw,wind_kph
2025-04,6.432781643249662,-6.821818572120969,0.14001540815999733,3.3171922071014253,30,13.25460021537063,Warsaw,wind_kph
2025-05,5.631436253917071,-6.194871161110502,0.22734153474726249,2.9905511592159573,31,11.826307415027573,Warsaw,wind_kph
2025-06,6.505037313560742,-5.540914947311094,0.1661608247731253,2.907930001597876,30,12.045952260871836,Warsaw,wind_kph
2025-07,7.512036836770539,-4.716376809864992,-0.004961419525098417,3.0461962466678525,31,12.22841364663553,Warsaw,wind_kph
2025-08,4.548921899508149,-5.675574447305765,0.09753278244779741,2.812641177966467,31,10.224496346813915,Warsaw,wind_kph
2025-09,5.142316005113087,-5.145271374215124,0.08473050205863532,2.9283787358504325,30,10.287587379328212,Warsaw,wind_kph
2025-10,5.224460615309401,-5.156866566455727,-0.026189775172214675,2.812656461383467,31,10.381327181765128,Warsaw,wind_kph
2025-11,6.222281115606961,-5.001032984474678,-0.11325717234283343,2.709558114122244,30,11.22331410008164,Warsaw,wind_kph
2025-12,7.011563863909951,-2.916262647053123,-0.11616911393068377,2.4303707851630785,31,9.927826510963074,Warsaw,wind_kph
2026-01,6.794086162878967,-4.017222856551609,0.05235203050074819,2.471315645776539,31,10.811309019430576,Warsaw,wind_kph
2026-02,7.607237584437541,-4.145877040924178,-0.02714827320148844,2.675030301130351,28,11.753114625361718,Warsaw,wind_kph
2026-03,8.614768434427708,-5.602975205763813,0.15740740093878275,3.0380769029061185,31,14.217743640191522,Warsaw,wind_kph
2026-04,9.625687597980502,-7.062879698057898,0.1121201254946835,4.063195060270432,30,16.6885672960384,Warsaw,wind_kph
2026-05,7.801732448764229,-6.899470382324839,-0.31824515395746167,4.9822307254705835,15,14.701202831089068,Warsaw,wind_kph
2024-05,5.4968893582202005,-1.869754699792901,1.0737887568784361,2.2505436026233405,16,7.366644058013102,Warsaw,air_quality_PM2.5
2024-06,3.808689674836064,-5.318615002013613,-0.055695908400046984,1.8115071859290115,30,9.127304676849677,Warsaw,air_quality_PM2.5
2024-07,2.401403803306504,-2.8267712018459745,-0.1475543739029132,1.292427557007555,31,5.228175005152479,Warsaw,air_quality_PM2.5
2024-08,10.344120369997938,-5.698886389440643,-0.29605347816766536,3.4080329747194997,31,16.043006759438583,Warsaw,air_quality_PM2.5
2024-09,21.079032515691264,-9.10157715655908,-0.13635597221838083,6.477334532373241,30,30.18060967225034,Warsaw,air_quality_PM2.5
2024-10,39.325390674081454,-16.030478570104734,-0.17062617672001895,10.793341576767125,31,55.35586924418619,Warsaw,air_quality_PM2.5
2024-11,62.04739912908013,-22.95937825627563,0.8120920312779011,16.2024318111617,30,85.00677738535576,Warsaw,air_quality_PM2.5
2024-12,44.59547508462667,-23.837286372930738,0.5316862576932614,15.272040415100077,31,68.4327614575574,Warsaw,air_quality_PM2.5
2025-01,43.89452501771056,-30.33168957420872,0.2677571363194123,15.808196026306007,31,74.22621459191929,Warsaw,air_quality_PM2.5
2025-02,43.07665397093744,-26.177902015598303,0.4040181368815354,17.8857879721826,28,69.25455598653575,Warsaw,air_quality_PM2.5
2025-03,53.09414609684036,-21.27224638864308,-0.206307515040551,16.634793304064043,31,74.36639248548344,Warsaw,air_quality_PM2.5
2025-04,36.201766099961546,-15.436611573050724,-0.19290444465101844,12.245726725367179,30,51.63837767301227,Warsaw,air_quality_PM2.5
2025-05,21.00224337990827,-12.69349705736013,-0.4372890236480079,7.239546573943578,31,33.6957404372684,Warsaw,air_quality_PM2.5
2025-06,4.377228371585442,-9.27903530284484,-0.5636259815814104,3.1786011140099877,30,13.656263674430281,Warsaw,air_quality_PM2.5
2025-07,4.91853391456397,-6.229844163375125,-0.25394105992010374,2.2984274716665065,31,11.148378077939096,Warsaw,air_quality_PM2.5
2025-08,5.793710808752534,-7.338062076447482,0.03727293065718779,3.040069151216349,31,13.131772885200016,Warsaw,air_quality_PM2.5
2025-09,9.547967961867045,-7.29000530027181,-0.13083969910239152,4.2934645142465335,30,16.837973262138853,Warsaw,air_quality_PM2.5
2025-10,14.633390188714932,-7.756276188203334,0.059566656561056634,5.918380020785306,31,22.389666376918267,Warsaw,air_quality_PM2.5
2025-11,25.905886835736627,-10.20301170926336,0.5141085318054465,8.727737994113642,30,36.10889854499999,Warsaw,air_quality_PM2.5
2025-12,32.542324021976874,-10.661661435044287,-0.15449469872287674,9.330351774051309,31,43.20398545702116,Warsaw,air_quality_PM2.5
2026-01,50.66499290525354,-11.973478724155054,0.10587451963021358,11.71746930677523,31,62.6384716294086,Warsaw,air_quality_PM2.5
2026-02,24.62297017723456,-11.53752668125961,-0.0033843339419115104,8.243422817654304,28,36.16049685849417,Warsaw,air_quality_PM2.5
2026-03,15.8310202799035,-11.132293704976664,-0.2805648999973836,5.658746711454368,31,26.963313984880166,Warsaw,air_quality_PM2.5
2026-04,21.243612914047265,-14.64168328676112,-0.14739321349083548,6.4854183006263,30,35.885296200808384,Warsaw,air_quality_PM2.5
2026-05,9.793390398738996,-6.411609448276439,0.15554752052432777,4.428481896848501,15,16.204999847015436,Warsaw,air_quality_PM2.5
2024-05,6.6786692453821415,-1.836542804509818,1.253381314925431,2.4689745606290106,16,8.515212049891959,Warsaw,air_quality_PM10
2024-06,4.26794378496832,-6.173408752898542,-0.11774645110747971,2.1716555589218087,30,10.441352537866862,Warsaw,air_quality_PM10
2024-07,3.329817357749157,-2.8283630268798703,-0.20734089786172988,1.5902187797668,31,6.158180384629027,Warsaw,air_quality_PM10
2024-08,13.529231868412383,-4.819094416877092,-0.32617220688669635,4.3280132975966605,31,18.348326285289474,Warsaw,air_quality_PM10
2024-09,25.394315207928237,-8.1674675606317,0.04784370441315996,7.79819983538516,30,33.56178276855994,Warsaw,air_quality_PM10
2024-10,43.524357918717776,-14.78048851757635,-0.13582752634770343,12.280585705907754,31,58.30484643629413,Warsaw,air_quality_PM10
2024-11,63.753534667951406,-20.722598348799323,0.8974069248462768,17.010129501058557,30,84.47613301675074,Warsaw,air_quality_PM10
2024-12,45.02986602172701,-23.580600221230817,0.46923657088655235,16.01266129802613,31,68.61046624295783,Warsaw,air_quality_PM10
2025-01,79.19939058453386,-33.85527498663768,0.3839945571660501,20.9301507844947,31,113.05466557117154,Warsaw,air_quality_PM10
2025-02,46.10374580044128,-25.739163648944903,-0.17439125441822778,18.824638049037436,28,71.84290944938618,Warsaw,air_quality_PM10
2025-03,61.72834568527657,-22.9505260703361,-0.04993726023723215,19.108511262332193,31,84.67887175561268,Warsaw,air_quality_PM10
2025-04,41.56914289585399,-18.70506650622482,-0.18526323995034308,14.500960938081052,30,60.27420940207881,Warsaw,air_quality_PM10
2025-05,24.32227292529,-13.345904678720403,-0.5927129281857249,8.60876501713447,31,37.6681776040104,Warsaw,air_quality_PM10
2025-06,11.166717511563132,-8.472147633161885,-0.48444766953663404,4.269956937855388,30,19.638865144725017,Warsaw,air_quality_PM10
2025-07,6.0739199896367975,-8.973050425339737,-0.1298299883728597,3.4649048552797534,31,15.046970414976535,Warsaw,air_quality_PM10
2025-08,6.645148756768365,-10.233262466789,0.09971782961320629,3.9231383627067493,31,16.878411223557364,Warsaw,air_quality_PM10
2025-09,9.64774873062076,-9.648403177507149,-0.1844327645873386,4.691885568080299,30,19.29615190812791,Warsaw,air_quality_PM10
2025-10,14.612583799577084,-8.069613697860554,0.001800821388606209,6.1775817972657245,31,22.682197497437638,Warsaw,air_quality_PM10
2025-11,28.69751480892129,-11.296360989253728,0.4368545221811877,9.024706192878048,30,39.99387579817502,Warsaw,air_quality_PM10
2025-12,35.42131079485546,-11.340640753493725,-0.15068079635419307,9.88175588675815,31,46.76195154834918,Warsaw,air_quality_PM10
2026-01,54.896541533871066,-12.047079721876727,0.2830103993761097,12.518596743042481,31,66.94362125574779,Warsaw,air_quality_PM10
2026-02,25.61776550560175,-11.804278033384133,-0.046732142287234435,8.449967006181268,28,37.42204353898588,Warsaw,air_quality_PM10
2026-03,16.20259985495755,-11.87744677281177,-0.2617358089994756,6.103675225231509,31,28.08004662776932,Warsaw,air_quality_PM10
2026-04,21.08997530679985,-18.324619071580784,-0.11326761030748787,7.584823048417683,30,39.414594378380635,Warsaw,air_quality_PM10
2026-05,22.771937024035,-7.802088214314106,0.2712686250219262,7.699171257457889,15,30.57402523834911,Warsaw,air_quality_PM10
2024-05,30.647343542509404,-15.276033155962654,4.38411083779544,15.30807692954942,16,45.923376698472055,Warsaw,air_quality_Carbon_Monoxide
2024-06,24.545014350777624,-33.975850374129834,-0.648850767496831,14.150149598622443,30,58.520864724907455,Warsaw,air_quality_Carbon_Monoxide
2024-07,51.65583428155993,-16.0363197663492,-0.8755645233032917,12.540030346124974,31,67.69215404790913,Warsaw,air_quality_Carbon_Monoxide
2024-08,144.80590111127532,-27.05355036962437,-1.1107132904125436,30.0551361347166,31,171.85945148089968,Warsaw,air_quality_Carbon_Monoxide
2024-09,229.9107749926462,-48.6617169270344,-0.9391672631080488,51.67147817671925,30,278.5724919196806,Warsaw,air_quality_Carbon_Monoxide
2024-10,461.8391601888917,-96.65516657217276,-1.6008503032464168,101.04107420319696,31,558.4943267610645,Warsaw,air_quality_Carbon_Monoxide
2024-11,461.4819670063998,-149.88947553030224,1.7690082046843785,115.1143257790011,30,611.371442536702,Warsaw,air_quality_Carbon_Monoxide
2024-12,288.5180605835372,-132.6407036493758,8.627595060216153,102.04609097023875,31,421.158764232913,Warsaw,air_quality_Carbon_Monoxide
2025-01,211.65787275548112,-126.72774200810758,2.337725519423966,91.84128571636522,31,338.3856147635887,Warsaw,air_quality_Carbon_Monoxide
2025-02,239.76913243847045,-105.27220980193732,-2.0467777374959417,76.14353203478046,28,345.04134224040774,Warsaw,air_quality_Carbon_Monoxide
2025-03,175.82631447632673,-81.03393883967503,1.4839331908997195,62.937382120813595,31,256.8602533160018,Warsaw,air_quality_Carbon_Monoxide
2025-04,106.20234341444264,-57.62165504150131,-2.99990129915255,40.78866855883151,30,163.82399845594395,Warsaw,air_quality_Carbon_Monoxide
2025-05,55.571373893568655,-36.83430608860535,-3.6439535725599255,25.352615394290993,31,92.40567998217401,Warsaw,air_quality_Carbon_Monoxide
2025-06,51.50477107493621,-29.75021802336069,-2.16391162509995,18.44598426607837,30,81.2549890982969,Warsaw,air_quality_Carbon_Monoxide
2025-07,38.05121452772869,-31.767095073120288,-0.7926612538851593,15.989759122680859,31,69.81830960084898,Warsaw,air_quality_Carbon_Monoxide
2025-08,38.27250523824807,-27.36460462318333,0.8851920207846538,16.33845452524006,31,65.6371098614314,Warsaw,air_quality_Carbon_Monoxide
2025-09,40.617324473006434,-36.04572965842282,0.21831470920008672,20.55318921714512,30,76.66305413142925,Warsaw,air_quality_Carbon_Monoxide
2025-10,78.2071153739795,-57.5130353762125,-0.33377847830460033,31.505733740230617,31,135.720150750192,Warsaw,air_quality_Carbon_Monoxide
2025-11,108.8321783394511,-70.85798657014773,1.5133523134116187,44.68950761523627,30,179.69016490959882,Warsaw,air_quality_Carbon_Monoxide
2025-12,107.2922799301912,-110.1155836185736,-2.8165921086742154,50.29809662328234,31,217.4078635487648,Warsaw,air_quality_Carbon_Monoxide
2026-01,118.65714707048474,-66.95625054541684,2.2959616040238533,47.69323540405029,31,185.6133976159016,Warsaw,air_quality_Carbon_Monoxide
2026-02,92.8196718660686,-63.37528974638641,-0.6569843489558814,44.383221961027395,28,156.19496161245502,Warsaw,air_quality_Carbon_Monoxide
2026-03,93.94039492470766,-56.98274149994472,-0.4450178269257468,36.22446250192788,31,150.9231364246524,Warsaw,air_quality_Carbon_Monoxide
2026-04,120.89978127032512,-49.74956822504338,0.3016793003437057,34.25536347382055,30,170.6493494953685,Warsaw,air_quality_Carbon_Monoxide
2026-05,27.13170078223238,-27.340889297965425,-2.2675144784567283,20.06610290988152,15,54.472590080197804,Warsaw,air_quality_Carbon_Monoxide
2024-05,0.0072139974935501,8.87217760269102e-05,0.0035998080407355195,0.0022432492950389166,16,0.00712527571752319,Warsaw,visibility_km
2024-06,0.005852666304617,-0.0074392204003289,-0.0003367672701727567,0.0037455965727027246,30,0.0132918867049459,Warsaw,visibility_km
2024-07,0.0039060782939167,-0.0029750293861349,-0.000389299226948629,0.0014029425198650177,31,0.006881107680051599,Warsaw,visibility_km
2024-08,0.00239663858661,-0.014150403441555,-0.0011082865058077908,0.0032113854100509565,31,0.016547042028165,Warsaw,visibility_km
2024-09,0.0359035089758901,-1.089708682324521,-0.01904341825612044,0.2024708775400411,30,1.1256121913004111,Warsaw,visibility_km
2024-10,0.0922936511215528,-1.9034680257998933,-0.02054410252031548,0.36784459569218986,31,1.9957616769214461,Warsaw,visibility_km
2024-11,0.1438336579022472,-2.836308395369755,-0.01166103344266292,0.5574437488077908,30,2.980142053272002,Warsaw,visibility_km
2024-12,0.2376320194109767,-2.8002825593519307,-0.007158596523771244,0.6306885779378266,31,3.0379145787629076,Warsaw,visibility_km
2025-01,0.1832291122538312,-1.3997977948239515,0.03655687104789875,0.36080259233124146,31,1.5830269070777827,Warsaw,visibility_km
2025-02,0.1110867943712003,-0.9316291983596908,0.02525093810608391,0.20040797357017784,28,1.042715992730891,Warsaw,visibility_km
2025-03,0.0477180409899339,-0.941641143397135,-0.0012267322364954605,0.18169130848382176,31,0.9893591843870689,Warsaw,visibility_km
2025-04,0.0411243058470121,-0.9416301822667696,0.003462933381146648,0.17857035853782321,30,0.9827544881137817,Warsaw,visibility_km
2025-05,0.1046566887397044,-1.8898228058583968,-0.024248474172334715,0.39055855711900384,31,1.9944794945981013,Warsaw,visibility_km
2025-06,0.1714426958704922,-3.812294177206074,-0.02923524473962116,0.7389677375323443,30,3.983736873076566,Warsaw,visibility_km
2025-07,0.2858899928526913,-1.979299047552492,0.04611469092920996,0.43649434792263625,31,2.2651890404051835,Warsaw,visibility_km
2025-08,0.8508230068239828,-1.050503667749378,0.0995570167335215,0.37011788835847437,31,1.9013266745733608,Warsaw,visibility_km
2025-09,0.9668552326090386,-3.48860080674479,0.06451127738213254,1.1702431352899452,30,4.4554560393538285,Warsaw,visibility_km
2025-10,1.3120718343041795,-6.361053437347113,-0.03189134004167902,2.0510978475164685,31,7.673125271651292,Warsaw,visibility_km
2025-11,1.4112707687705393,-6.430978532110807,0.13225628197054873,2.1804531958442643,30,7.842249300881345,Warsaw,visibility_km
2025-12,1.6034753216117197,-7.639634567200424,0.023135747971169796,2.584135136313859,31,9.243109888812144,Warsaw,visibility_km
2026-01,1.768558192907968,-6.35425292776912,-0.22827811535562853,2.324279178372363,31,8.122811120677088,Warsaw,visibility_km
2026-02,1.661502401787744,-6.79314763689811,0.19801500553780932,2.272775695805567,28,8.454650038685854,Warsaw,visibility_km
2026-03,1.5523124634131245,-8.459868778645667,-0.19148980656460082,2.407959004370071,31,10.01218124205879,Warsaw,visibility_km
2026-04,1.2488219369798526,-5.30159032871917,0.022510771440940536,1.1634664875895842,30,6.5504122656990225,Warsaw,visibility_km
2026-05,1.1499890077738786,-5.36576793209527,-0.3636097086429881,1.4277664346840886,15,6.515756939869149,Warsaw,visibility_km
2024-05,1.4608308057644557,-1.444358552050707,0.3716640712018585,0.8117117261491148,16,2.9051893578151624,Warsaw,uv_index
2024-06,1.503473058381196,-2.008470920437394,-0.0055498981914936536,0.8286683550059509,30,3.5119439788185898,Warsaw,uv_index
2024-07,1.5661142339836658,-1.6417487902824737,0.004109056182540085,0.7072763471862901,31,3.2078630242661395,Warsaw,uv_index
2024-08,1.861912410737448,-1.257853696955016,0.02382576422606799,0.7040424771210512,31,3.119766107692464,Warsaw,uv_index
2024-09,1.3545672623736822,-2.8001074747755,-0.04945444912878314,0.7415928059865577,30,4.154674737149183,Warsaw,uv_index
2024-10,0.9173275696593364,-1.4682457067620889,-0.05698333155452229,0.50417377057468,31,2.3855732764214252,Warsaw,uv_index
2024-11,0.6045870364178932,-0.3141981061866754,-0.010796843776278901,0.2215570320957456,30,0.9187851426045686,Warsaw,uv_index
2024-12,0.3065296067053293,-0.2802686208468896,0.0037889986949502445,0.12402225313195188,31,0.5867982275522189,Warsaw,uv_index
2025-01,0.180242261770058,-0.2930893161124682,-0.009444355358006385,0.11050524052553902,31,0.4733315778825262,Warsaw,uv_index
2025-02,0.372411574220835,-0.4695702500702197,0.004173670344242923,0.1804529516796846,28,0.8419818242910546,Warsaw,uv_index
2025-03,0.6310808532559327,-0.6110685834764118,-0.003488081937130671,0.28736886962890645,31,1.2421494367323445,Warsaw,uv_index
2025-04,1.0298057339123556,-0.9438830234682858,0.016020082696213796,0.46610383143309386,30,1.9736887573806414,Warsaw,uv_index
2025-05,1.1678085134041696,-1.77047279511012,-0.0029550923043298954,0.6540305442065966,31,2.9382813085142896,Warsaw,uv_index
2025-06,0.646982411369088,-2.052508385018896,0.004145304717657349,0.6487521690630159,30,2.699490796387984,Warsaw,uv_index
2025-07,1.012429246059965,-1.9432924204909552,-0.03494741688809264,0.7535511812555029,31,2.9557216665509203,Warsaw,uv_index
2025-08,1.052750839562105,-1.7683194701265306,0.0014317931050484647,0.8049076610216654,31,2.8210703096886354,Warsaw,uv_index
2025-09,0.7315635588980149,-1.6245559290306766,0.0093142279278904,0.6049711597526886,30,2.3561194879286917,Warsaw,uv_index
2025-10,0.4848150385755422,-0.9354955175354338,0.01177904956309212,0.34787379702455634,31,1.4203105561109761,Warsaw,uv_index
2025-11,0.339735192269289,-0.4161662170715058,0.00020660179972748147,0.16914854702969084,30,0.7559014093407947,Warsaw,uv_index
2025-12,0.1535081886201734,-0.0973564608428442,0.0031712650194598907,0.051520073548385406,31,0.2508646494630176,Warsaw,uv_index
2026-01,0.0699383089270104,-0.0426255665211467,-0.0010267093163335548,0.028587704634265756,31,0.1125638754481571,Warsaw,uv_index
2026-02,0.0697998375031945,-0.1255785573661218,0.0006983337504647569,0.04131960907048981,28,0.1953783948693163,Warsaw,uv_index
2026-03,0.1275341430893161,-0.2548489435094451,-0.00111693879618948,0.08140745286643099,31,0.3823830865987612,Warsaw,uv_index
2026-04,0.1861267223252752,-0.3906967617035701,-0.0002306960642195238,0.1301620366504225,30,0.5768234840288453,Warsaw,uv_index
2026-05,0.2521191721384945,-0.5515839901529985,0.005825387564178536,0.20271513576932865,15,0.803703162291493,Warsaw,uv_index
