0,1,2,3,4,5,6,7,8,9,10,11,12,13,14,15,16,17,18,19,20,21,22,23,24,25,26,27,28,29,30,31,32,33,34,35,36,37,38,39,40,41,42,43,44,45,46,47,48,49,50,51,52,53,54,55,56,57,58,59,60,61,62,63,64,65,66,67,68,69,70,71,72,73,74,75,76,77,78,79,80,81,82,83,84,85,86,87,88,89,90,91,92,93,94,95,96,97,98,99
17.51063,16.502827,16.52623,14.286613,16.700974,19.51565,19.199825,16.830421,19.644424,19.138752,18.511251,15.397171,17.482685,19.538557,19.427155,12.971936,12.198775,15.706287,18.27195,12.779459,11.594192,16.288712,18.693726,18.832241,19.047277,19.328375,21.30128,22.231186,20.694042,20.475115,20.03033,18.432985,18.726233,19.046509,19.31514,21.784296,21.580893,20.575588,21.69125,22.382362,21.984606,21.510357,22.07439,23.720308,22.85919,19.004116,18.95271,21.28253,21.137657,17.061998,17.653412,20.505665,21.69934,21.523952,21.242685,21.710157,22.660429,24.017038,22.528648,22.22191,22.070255,20.893656,20.088186,21.648642,20.866167,21.749157,21.136961,20.625727,21.332579,21.916012,21.23252,21.08202,21.36696,22.711958,21.864307,20.19088,19.920784,21.12174,21.552938,18.4171,19.271305,21.16067,21.74892,21.722021,21.534197,21.565224,22.874239,22.751987,21.675243,22.077574,22.624315,21.228453,20.634315,20.40338,21.619556,22.977573,22.21788,21.834393,21.892296,22.211853
33.307022,32.56891,33.17716,31.821545,32.79609,33.49829,32.75549,33.35998,34.440357,33.517906,32.82293,33.45903,34.577835,33.217335,33.007404,34.641533,32.724182,32.670887,33.251293,34.0203,35.22937,34.74042,34.504284,33.364883,34.15708,33.048267,33.576164,34.484592,34.94084,33.529457,33.88301,34.506187,35.22023,34.490997,33.633743,34.14497,33.512577,34.170143,34.750904,33.819725,34.08197,33.99891,34.74535,34.007988,33.47103,33.397243,32.836945,32.303688,32.854404,33.354736,33.32357,34.351894,33.837738,33.774525,34.009144,33.442406,32.6065,32.953312,33.133312,33.428665,33.840847,33.91301,34.296013,33.940746,33.887085,34.945847,34.03454,34.13897,34.774063,34.80197,34.788666,34.38922,35.1038,34.631638,34.50388,34.8051,33.958538,34.108006,34.352158,34.36903,34.752495,34.252285,34.4363,34.527416,34.27196,34.60868,34.293404,33.644566,33.909443,33.605087,33.81464,34.59501,34.936974,35.086475,34.778404,34.707275,35.02808,35.00267,35.05217,35.124477
14.156201,12.136387,14.123941,15.82139,14.593239,14.15672,12.544935,16.61973,16.094156,15.452116,14.663826,15.267912,17.566708,18.036493,17.518047,18.565144,16.902464,16.995485,18.810627,19.20259,18.069628,17.997011,17.296711,18.240875,18.884045,24.160269,23.07877,22.216463,19.697693,18.346296,17.124516,14.634693,16.617996,17.365269,17.575623,16.073944,15.930384,18.031809,16.959751,16.772339,16.101618,17.30784,18.40632,18.626953,18.174177,18.274227,16.593159,16.698412,17.883217,18.035196,17.727278,17.538416,17.35284,17.704597,18.097607,22.087046,20.89622,20.439375,19.08779,17.619526,17.5252,15.605121,16.15958,16.796476,17.22472,16.483616,16.247936,17.1349,17.359825,17.102715,17.323654,17.841255,18.382147,18.668915,18.538988,18.724117,17.562222,17.584625,18.586136,18.391466,18.597927,18.853268,18.506094,19.073847,18.669523,19.06204,20.840061,19.20818,18.808607,18.687748,18.048447,16.931448,16.952362,18.224728,17.747107,18.446192,17.338434,17.627056,17.761164,17.750446
19.485678,17.993174,17.989574,17.219475,18.187094,19.362146,14.9382925,15.045975,16.349642,18.550594,20.797222,21.315994,17.287548,15.9648075,13.719392,18.790768,19.055592,19.727571,20.715744,19.248125,18.92457,18.666023,19.30086,23.721004,20.174437,20.337254,21.224346,20.306479,20.441624,18.896584,20.842403,18.811852,20.575703,19.874563,19.78878,20.414902,18.592846,17.962543,18.76107,20.21682,21.280434,21.979763,19.261963,18.145199,16.151272,20.285484,19.470535,19.761086,20.173698,19.109818,19.406246,18.340748,18.698349,21.513845,20.415234,19.815208,20.40538,20.441698,20.458282,19.492691,19.544321,19.444853,20.225883,20.374065,19.954245,20.613886,20.222818,19.2378,19.8228,20.54771,21.546333,21.682545,20.839787,20.771433,19.41449,21.364807,21.2518,21.080803,21.84279,21.050592,21.133308,20.737768,20.326187,21.03094,22.258062,21.990662,22.028183,21.820803,21.590853,20.440807,20.967594,21.187185,21.422707,21.62176,21.969667,22.971716,21.197475,20.746609,21.900793,21.42853
19.366186,17.99331,16.006443,14.571153,14.662031,13.829431,14.1439705,14.41054,14.402376,15.579707,15.486704,14.846888,14.452329,14.843618,16.003096,18.042843,18.5337,16.896652,17.811014,16.711613,16.274014,16.64251,16.29957,16.460205,17.604584,17.365646,18.336857,19.043257,20.204588,22.35393,21.0061,19.012438,17.905384,16.715185,16.09582,15.800819,16.084335,17.10426,16.067461,16.897848,17.011425,16.61674,16.122135,16.182781,17.345919,17.692093,17.70069,16.994844,17.027142,16.640062,16.201195,15.772122,16.222008,16.549183,16.823376,17.293802,17.60691,18.086365,18.438871,20.86599,19.809015,18.080343,17.94425,17.021822,16.681208,16.741531,16.437445,17.474796,17.028776,17.798346,17.855265,17.917278,17.625338,17.349627,18.668367,18.704365,18.640532,18.524685,18.67242,17.930496,18.242104,18.430296,17.747122,17.946669,17.957245,18.33499,18.393684,18.870218,18.883764,21.029158,20.027086,18.889368,18.705494,18.016043,18.447441,17.592047,17.884125,17.223406,18.288239,18.863539
20.196228,19.059193,18.826155,18.720787,16.547234,15.553503,15.2145,16.221525,15.620922,16.17781,16.856403,16.587732,17.0791,17.605757,18.03452,17.840647,18.395351,18.430475,18.392447,18.980011,19.874044,20.452278,21.032919,21.561682,21.482552,21.91884,20.319542,20.804234,22.116053,22.666847,23.088537,23.163797,22.521774,23.847816,21.397293,21.079563,20.608105,21.114756,21.35071,21.437902,22.437935,22.965963,22.890085,23.128141,23.226536,23.310425,23.823235,23.655546,23.46371,23.457033,23.647621,24.143747,24.767517,24.609718,26.001621,25.84929,24.585777,24.705349,25.384737,25.601562,26.678417,27.110518,26.478699,27.457075,26.52144,25.914742,26.081581,26.671293,26.50229,26.796024,26.765173,26.72102,27.339611,27.500113,27.519005,27.279015,27.69135,27.942608,27.81539,28.359295,28.695814,27.858055,28.49033,28.767967,29.22401,29.128351,28.15989,28.017439,28.985394,29.610428,30.402267,30.04046,30.116194,30.6585,29.710478,29.788267,30.068232,30.326283,30.159542,29.961504
21.482645,21.123379,20.55748,19.369638,21.281397,21.609188,21.349915,20.333393,22.23722,22.563364,21.426374,22.095753,21.566387,20.953047,20.80441,20.570047,21.030521,20.94242,20.53695,22.463026,20.222385,22.139566,21.451641,22.003153,22.781542,23.404257,23.135622,22.193472,20.382137,21.16092,21.85055,21.917032,21.380188,20.229038,21.772831,22.039986,21.780947,20.979446,22.726917,22.757174,21.964268,22.75288,22.175167,21.570742,21.534967,21.311348,21.775349,21.687511,21.218498,22.493216,21.302317,22.600153,22.065971,22.548862,23.504381,23.898077,23.22558,22.708885,21.452137,21.80785,22.484982,22.220299,22.060394,21.149353,22.275839,22.65804,22.61005,21.808453,22.719301,23.022589,22.728085,23.208948,22.92446,22.65525,22.465494,22.483086,22.637562,22.408459,22.256948,23.255577,22.532978,23.478252,22.884024,23.313164,23.901642,24.394373,23.639862,23.129608,22.200428,22.77267,23.124258,23.348053,23.018694,22.288355,23.11195,23.301737,23.453571,22.804596,23.462946,23.567474
7.878496,6.1710663,6.348379,6.423278,6.4470744,7.3637714,7.7744102,8.970392,9.5611515,9.443942,7.784073,8.5083065,7.8921824,9.174314,9.094013,10.627376,11.355669,11.151029,10.591674,9.037485,8.207218,8.797549,8.536726,7.0875907,7.3320065,8.943608,10.206602,10.907529,11.307479,10.973529,10.392146,10.317561,11.193564,10.494965,8.991714,10.739615,11.401625,12.108301,11.830679,12.003386,11.653982,11.959526,11.637299,11.733872,12.635263,12.257755,12.221722,12.419303,11.586765,10.220237,10.539268,11.050038,11.440977,11.091148,10.3096695,11.828846,11.634992,12.036237,12.09338,12.832226,11.8319645,12.164526,11.972657,11.962866,12.175349,12.594645,11.652869,12.841036,13.23271,12.643251,12.786414,13.606031,13.951517,13.826946,13.781947,14.257575,13.844346,13.433811,13.562961,13.3231125,12.541226,12.874384,13.494668,12.548484,11.905143,12.2043085,12.565212,12.772369,12.873322,13.076814,13.668499,13.873203,14.131984,14.137268,13.952837,14.224113,14.327382,15.832232,15.197145,14.96838
21.24369,22.152542,22.830526,23.16943,23.97125,23.774857,24.492363,24.23429,24.354057,24.285002,21.281683,21.57461,23.047709,24.564402,25.276749,24.474993,19.684225,21.707047,22.913675,16.73555,24.98748,22.977081,22.712902,22.544294,23.072117,22.8479,24.243166,18.523678,24.144014,25.503712,25.931744,25.521961,25.603624,24.955599,25.49731,24.60928,25.552818,24.815138,24.824192,25.966837,25.225428,25.088146,24.498224,26.530312,25.357422,25.67962,22.767397,24.136219,23.418913,19.406084,22.546371,24.524569,23.648401,25.182545,24.940756,23.293665,24.00138,19.680496,23.755207,24.18147,24.395868,25.649364,25.008862,25.557318,25.205118,24.55233,25.221363,26.038609,25.668627,26.980776,25.61248,25.703482,25.88319,26.90758,26.780758,26.738909,27.06669,25.916058,26.378788,24.386993,25.638758,26.332127,25.67202,26.123592,25.895718,25.266659,25.941736,22.0363,24.991537,25.70925,25.97843,26.491762,26.696238,27.709822,26.948261,26.796953,26.67546,26.96831,26.417887,26.793673
16.287605,15.685782,15.450622,15.523737,15.984061,15.809596,15.0347595,16.476215,15.945947,15.672403,14.461199,15.247266,16.366043,16.803478,16.631905,17.052223,19.553984,19.682049,19.688414,19.844086,18.959852,20.09796,20.371035,20.541634,21.446188,21.988844,20.795809,20.055708,19.101326,19.247122,17.662073,17.42147,17.978329,18.389881,17.771984,17.943602,17.34554,17.714293,17.885101,17.231304,18.218756,17.137266,17.717396,18.128601,17.843443,17.98711,19.460382,19.717655,19.619257,19.356758,19.043766,19.104788,19.540207,19.66622,19.7659,20.928373,19.883678,20.219212,19.956835,19.472569,18.172009,17.87403,18.594881,18.801846,18.756329,18.377443,18.9434,18.875885,19.037727,19.221603,19.081715,18.914877,19.798824,20.010342,19.925247,20.305826,20.50219,20.816463,20.943459,20.917574,20.858316,21.582607,21.515087,21.838451,21.495935,21.852455,21.81413,21.243183,21.098648,21.314175,20.270561,20.084469,20.38438,20.44358,21.219126,20.127256,20.077135,20.622711,20.427715,20.385458
27.21926,26.228165,26.165678,26.62232,25.492025,26.156012,26.804676,25.769726,25.298403,26.087172,26.97399,24.396791,25.022938,24.78113,26.18387,25.528038,25.524994,25.867655,26.675314,26.769783,26.757994,25.95932,26.397131,26.780272,27.00389,26.392344,24.124578,25.827845,26.732464,24.6749,26.266064,26.070162,26.263763,26.502428,25.378002,25.810476,26.093374,25.093616,24.856335,25.645622,26.258385,24.499538,24.902935,24.33565,25.67601,24.97142,25.169937,25.534603,26.226627,25.8784,25.986477,25.727158,25.546165,25.909786,26.138512,25.79174,23.85609,25.014378,25.888292,24.082022,25.421349,25.466074,25.31828,25.621403,25.000072,25.460913,25.526306,24.788485,24.948692,25.468548,26.243273,24.856258,25.231886,24.797953,25.546724,25.394876,25.673992,25.508684,25.956364,25.839724,25.974636,25.557749,25.460352,26.035864,25.876198,25.505634,23.886509,24.866077,25.842728,24.388573,25.158224,25.374369,25.307928,25.551327,24.833677,25.14517,25.281858,24.7589,24.898983,25.148136
8.828555,8.978554,8.557372,0.9536754,5.1260552,9.0261,10.639254,11.311343,11.613603,11.10804,9.547548,9.14922,10.256838,9.13227,10.571817,10.45882,9.989746,10.302674,9.8864975,10.657583,10.457933,10.105379,9.887329,9.564472,10.711011,9.752998,11.570261,12.345628,12.8299,12.458667,11.844152,11.959109,12.01162,6.444818,10.147612,11.276794,12.333495,12.948414,12.063546,11.488704,10.991574,10.841835,11.528041,11.149863,11.817643,11.176018,10.707353,10.656308,10.525352,11.21074,11.190764,10.2202215,10.89274,11.879541,11.476861,11.777928,12.237331,12.028259,12.797243,12.517426,11.6217785,11.8675585,11.479951,10.101852,11.835945,12.120184,12.06966,13.031506,13.129678,11.982553,12.052337,12.630974,13.232471,12.759478,12.96095,12.674284,12.326546,12.264421,12.466984,12.567013,12.292806,12.399628,13.042943,13.333218,12.922985,12.321172,12.634847,13.513231,13.876888,13.36006,13.524864,13.510276,13.518983,13.298312,12.707048,13.542993,13.692774,14.985548,14.234082,14.2189665
27.475853,27.66314,27.86839,28.49547,29.272617,29.132128,29.528193,28.675846,28.46518,26.95932,27.734524,26.967627,27.525589,28.372963,25.552551,26.763382,24.703022,26.148048,28.224705,28.8029,28.58848,27.542051,27.736132,26.775904,26.17163,28.356358,28.772476,27.666426,26.00282,26.587751,27.516588,27.574858,28.100243,28.533684,28.954609,28.777884,28.741398,28.1353,28.021086,26.992458,27.549654,26.457441,26.94025,27.682009,25.700623,26.559168,24.90631,25.984245,28.039783,27.924353,28.069284,27.165934,27.214397,26.765718,26.064018,27.25209,27.700586,27.112738,25.569347,26.227558,27.065077,27.05543,27.39861,27.443533,27.613075,27.845999,27.744488,26.945402,26.922606,26.37591,26.71418,25.977398,26.332413,26.735516,25.368843,25.981665,24.776913,25.630817,27.111238,26.966728,27.207575,26.410532,26.80663,26.68219,26.210173,26.809261,27.107182,26.707647,25.4554,26.045185,26.909134,26.720242,27.145006,27.543732,27.581161,27.613834,27.858442,27.132824,27.121359,26.488602
25.805431,25.806112,24.809061,24.756413,25.847126,25.006525,24.13161,24.821207,25.251478,26.251474,25.153053,24.579275,25.289665,24.544783,25.12317,24.680056,25.989466,23.845793,25.597359,25.99279,24.636366,23.442886,24.661415,24.529459,25.327614,25.099483,24.3313,25.265743,23.898737,25.065323,25.245268,25.773214,24.858124,24.262997,25.441805,24.696415,23.880028,24.29461,24.498293,25.288721,24.635733,24.435541,25.020924,24.210804,24.288584,23.92,25.095135,23.589685,24.514585,24.617325,24.205687,23.12806,23.99288,23.853777,24.516811,24.461674,23.846933,24.347534,23.454235,24.200525,24.573107,24.614813,24.003191,23.814474,24.522997,24.046234,23.047548,23.894453,24.054104,24.497686,23.948942,24.157265,24.726028,24.229362,24.288849,24.197905,24.608917,23.637556,24.08715,24.375345,24.14571,22.963116,23.746544,23.95161,24.489431,23.915493,23.465645,23.882708,23.320972,23.860674,24.269897,24.223225,23.963036,23.92405,24.410074,23.581099,23.11383,23.628664,24.045216,24.207747
21.321503,21.022049,18.90072,19.105276,19.386688,19.733727,20.07878,16.05235,16.288658,17.48431,18.29099,18.775976,18.742083,17.128035,18.908142,20.668364,21.697647,18.57004,18.55583,19.94159,19.457096,18.27149,18.407185,19.26101,19.306059,19.168379,20.39677,20.80315,20.464315,21.071049,22.080359,20.799406,20.108164,20.145063,19.78976,20.165419,20.071457,17.438353,17.118431,17.669855,17.807375,18.549482,18.86286,17.086687,18.691454,19.771729,19.852505,17.28834,17.340488,18.423061,18.742933,17.247044,17.432394,18.280804,17.844276,17.672544,18.532293,19.529837,19.624086,19.088627,19.793585,19.371656,19.123737,19.176277,19.097631,19.026943,19.09139,17.92568,17.429361,17.783173,18.076544,18.854815,19.31658,18.322542,19.038523,19.881195,19.422256,18.300602,18.44289,18.839113,19.276707,18.187578,18.014185,18.700865,18.716341,18.05418,18.55568,19.480042,19.543585,19.46829,20.054958,19.609943,19.608423,19.87759,19.775152,19.489283,19.462269,17.744785,18.210047,18.670563
25.127232,23.952688,22.551632,21.187798,21.295813,23.157549,23.957882,24.878078,23.867046,24.287992,23.215723,22.48661,22.459352,23.49602,23.4284,23.46456,22.526619,23.2624,24.14599,25.087793,24.981667,24.020725,23.47902,23.488993,24.388153,23.857784,25.76795,25.429756,25.338146,24.901789,23.986923,24.170198,23.732471,23.165455,21.473108,23.56104,24.131191,24.069204,23.50532,23.511703,22.924828,22.804314,22.846119,23.567707,22.499474,21.331833,21.622913,22.327295,22.734797,23.055836,23.108707,22.875185,22.347178,22.526466,22.79968,22.75152,23.645723,23.26075,23.521059,23.52885,23.460958,23.435234,22.604103,22.370396,22.46297,22.98463,23.923395,23.982437,23.68022,23.674679,23.487465,23.412952,23.410992,23.19233,23.452293,23.065174,23.001572,23.524693,23.624731,23.778368,23.814604,23.40508,23.371172,23.439894,23.069365,23.446167,23.9371,23.580086,23.451185,23.406878,23.251717,23.531303,22.73324,22.4919,22.367285,22.84239,23.697702,23.652742,24.156996,24.085293
18.616173,18.013872,18.377596,19.228748,17.613325,18.3693,19.189323,18.24472,18.401062,17.79541,18.546913,19.311054,18.853394,18.655262,20.160465,20.722696,21.99353,20.678001,16.80416,20.177896,20.267773,19.346785,19.942286,19.6248,19.851866,17.83844,18.487932,18.54591,19.156801,20.070412,19.282906,19.497807,19.923626,20.20516,19.599596,20.310522,20.435402,19.733898,19.86447,19.530336,19.963917,20.80227,20.246584,20.278051,21.283293,21.972363,22.440958,22.095974,18.525997,20.490768,21.35863,20.387583,20.9376,20.781197,21.03733,19.457333,19.885246,20.387608,20.810291,21.447935,20.91623,20.617533,21.037226,21.134607,20.564348,21.163343,21.477749,20.897305,20.8859,20.745245,21.183008,21.657492,21.558296,21.538452,22.265543,23.115433,23.472647,22.615627,20.420929,21.8629,22.873234,22.207273,22.421234,22.547878,22.304295,21.135744,21.521688,21.475302,22.131624,22.94852,22.37199,22.138474,22.552097,23.486183,23.158733,23.283703,23.664295,23.13316,23.417257,23.202198
28.75089,27.292164,27.347559,28.566221,28.25882,28.098783,29.605095,29.774721,28.89517,29.717443,29.571917,27.359762,29.23967,29.120901,28.239473,28.844454,29.16071,26.443386,29.309515,28.663363,28.204113,28.323195,29.1343,29.530636,26.986734,28.545723,28.328629,27.108868,28.938381,29.671484,29.082365,28.240309,28.08903,29.411633,28.729624,28.764847,29.80558,29.901484,29.054165,29.81267,29.733574,28.034172,29.757318,29.33788,28.520618,29.066498,29.4017,27.406548,29.228703,28.801847,28.569742,28.76244,29.398746,29.640356,27.79126,28.913288,28.417284,27.62222,28.531973,29.872581,29.36297,28.76404,28.24363,29.037794,29.004313,29.122229,29.74872,29.883778,29.177408,29.454845,29.321669,28.500858,29.459478,29.417736,29.042593,29.246464,29.605276,28.131525,29.289509,29.327747,29.0692,28.972322,29.543804,30.201414,28.360224,29.28224,29.093573,27.822855,29.275202,30.105743,29.703651,29.642626,29.230453,30.170612,29.892834,29.64202,30.333261,30.603117,30.179657,29.765789
18.24935,18.450329,19.709105,20.440874,20.844728,18.906061,18.531479,19.215801,19.987162,19.14263,19.300447,18.235079,18.364788,19.27088,18.218554,19.423147,18.713486,19.033512,19.459929,19.442972,18.606438,18.38446,17.979126,19.291237,20.281172,20.822523,20.059877,20.537107,20.221941,19.710415,18.124006,19.04387,19.837963,20.642084,21.047503,19.595013,19.172464,19.573874,20.201532,19.487469,19.311607,18.552652,19.008831,19.777077,18.616686,19.316555,18.83838,19.158573,19.41642,19.221827,18.733133,18.333553,18.455853,19.34688,20.138191,19.987444,19.33368,19.687796,19.683477,19.346779,18.659468,19.244446,19.427675,20.151836,19.87917,19.486591,19.046173,18.90958,19.398159,19.194822,18.695646,18.55674,18.931473,19.411352,18.896255,19.496166,19.332516,19.19702,19.177069,19.161667,19.349909,19.342508,19.339527,19.609299,20.023611,20.431475,19.549595,19.878647,19.643736,19.312216,19.030455,19.586477,19.768784,20.357151,20.382948,19.429802,19.452957,19.448689,19.849154,19.665007
24.200748,23.832947,22.747835,24.21774,23.613491,22.12949,23.191069,24.189224,24.217184,23.42293,23.70973,23.98487,24.026886,25.000004,21.107588,21.612455,22.848158,23.033674,21.099216,20.4404,20.705437,20.682812,21.481869,23.075665,21.58899,22.07255,23.024006,22.457508,22.820414,23.388365,23.549362,23.966097,23.075571,24.151348,22.868763,21.855608,22.941463,22.952335,23.52405,22.770798,22.917564,23.172897,23.532553,23.919079,20.42751,21.61096,22.1531,21.954296,20.303959,19.843708,20.190763,20.178518,20.48116,22.049849,21.01327,21.069715,21.858175,21.38752,21.947645,21.786343,22.32276,22.611155,22.105963,22.224005,22.275257,21.499004,21.811077,22.2096,22.215246,22.002277,21.645521,22.061472,22.372295,22.805698,20.747856,21.097391,21.390373,21.31562,19.96627,20.330612,20.59707,20.016535,20.478584,21.684114,20.809956,20.915049,21.577158,21.445253,22.09375,21.660753,22.295849,22.373394,21.979757,22.679554,22.07845,21.572775,21.825699,22.223019,22.208681,21.936987
24.188807,25.04922,26.513847,24.459913,22.537352,23.160362,24.969782,24.352419,23.426361,23.627453,23.02045,22.775774,23.257734,23.280567,23.366117,24.86077,24.35955,23.761408,23.63169,23.634125,25.183811,25.29281,24.856663,24.546532,25.224455,25.85732,26.260538,26.197077,27.855835,27.061857,26.582863,27.816793,29.084435,26.263031,26.107489,26.799902,28.261265,27.562998,26.68396,26.713482,26.513647,26.91753,27.442875,27.04211,26.857777,28.352896,28.003492,27.374777,27.012312,26.985727,28.263271,28.598871,28.842772,29.338682,29.524942,29.193962,29.302488,29.156038,29.585775,30.140629,29.951778,29.922224,30.690678,29.788286,29.739468,30.467764,31.002054,30.693832,30.26964,30.142822,29.708439,30.143187,30.522549,30.489555,30.607288,31.22742,31.060486,30.843443,30.590355,30.756987,30.969059,30.637884,31.279968,31.512299,31.616676,31.717958,31.621695,31.627962,31.969934,31.950117,32.137917,32.71305,33.387894,32.69685,32.468563,32.674526,33.468243,33.359863,32.821724,32.864487
27.753628,27.256535,29.144285,28.66785,28.361916,29.042519,28.52617,28.929007,28.355013,26.176949,28.025948,28.27838,27.754665,27.343918,27.661821,28.222158,29.484777,29.591848,29.517027,29.54528,27.658016,27.510038,27.675081,29.119135,29.837908,26.5547,28.219727,29.32966,28.568394,26.824469,28.244724,27.347507,28.929932,28.66778,28.380978,28.742687,28.361639,28.319382,28.118069,26.725088,27.881111,27.950245,27.551756,27.468594,27.67839,27.749613,28.563671,28.921022,28.698278,28.576485,27.54564,27.583199,27.536024,28.535933,28.277998,26.355011,27.263546,28.24952,27.707993,26.524214,27.50082,27.172913,27.699327,27.793478,27.61564,27.70857,27.314041,27.349815,27.400099,26.634787,27.406103,27.481707,27.235289,27.188107,27.308987,27.562048,27.699286,28.148478,27.930174,28.226982,27.36841,27.253534,27.243906,27.806448,27.994184,26.372787,27.127714,27.758879,27.477402,26.391726,27.27323,27.041471,27.483522,27.947718,27.723774,27.685516,27.460327,27.489002,27.703566,26.561716
14.328715,14.975382,15.7583685,14.637942,13.285927,12.174731,15.685015,14.816739,14.917398,15.017758,16.983707,17.881027,18.15402,17.725363,17.784685,16.822268,17.401676,18.844576,19.347479,18.86433,17.9128,17.202902,18.671106,18.856613,24.749481,23.944141,21.981071,19.498024,12.4615555,18.310324,16.36279,16.57429,17.841185,17.076149,17.135073,15.482183,17.358835,16.65442,16.029861,16.050251,18.356602,19.077625,19.056742,18.687424,18.33811,16.596027,16.913237,18.31806,18.245935,18.228142,17.79221,17.146763,18.218626,18.750805,21.507008,22.528648,19.689669,18.9121,14.056031,18.40856,16.265848,16.315508,17.115297,17.459435,16.313965,16.072462,16.725677,17.078953,16.879028,17.257215,18.065437,19.04963,18.992626,18.925169,18.601885,17.90157,18.146029,18.488085,19.09142,18.574316,18.636112,18.59202,18.982775,19.007984,21.918467,21.229107,19.473959,18.689493,14.416684,17.972385,17.468563,17.784039,17.93838,17.688694,18.18168,17.15124,17.347288,17.512451,17.900503,18.230806
19.43898,18.086906,17.623545,18.011024,16.765732,17.223326,19.237188,17.608593,18.493195,18.047495,17.909925,18.806866,18.771881,19.344526,20.202694,19.945272,18.667194,19.354975,19.332111,20.037865,19.388363,18.784487,20.479965,20.887848,19.516811,19.934406,19.28957,19.058125,19.532906,18.973825,19.420292,18.115381,17.66659,17.972372,17.210405,17.743557,19.409042,17.509933,18.067665,17.55587,17.5682,18.199299,18.303694,19.00165,18.895607,19.04507,17.918335,18.533276,18.316132,18.692144,18.113607,17.90825,18.612982,19.018187,18.369072,18.38342,17.833368,17.772161,18.346958,17.77172,17.948008,17.18137,16.859354,16.958153,16.418415,16.74508,17.26125,16.428343,16.864798,16.648943,16.634453,17.07047,17.043,17.582775,18.22083,17.570528,17.047976,17.599285,17.415518,17.79462,17.585764,17.488789,18.213657,18.313528,17.754427,18.073406,17.506687,17.358028,17.846893,17.225576,17.612242,17.009808,16.855549,17.18106,16.936556,17.271753,17.673138,16.763138,17.268589,17.232954
21.884916,20.048033,20.728767,22.641748,20.0481,20.27086,20.823734,20.242434,21.221735,22.42581,22.935759,22.361017,22.148071,21.67969,22.649073,20.128698,20.69554,21.933794,22.48733,22.402405,22.719444,21.547699,23.291763,21.682991,20.514122,21.980913,22.27108,23.700642,21.037933,21.35726,21.852573,20.280954,21.019505,22.612446,20.57693,20.560656,20.811226,20.521383,21.59379,22.548767,22.747494,22.32878,22.05921,21.25547,22.29819,20.703138,21.035011,22.077215,22.111506,21.97096,22.32459,21.563253,22.630344,21.724096,20.840136,22.10903,22.201616,22.6532,21.590935,21.431868,21.771955,20.478043,21.0527,21.80745,20.900743,21.083427,20.951788,20.717535,21.276579,22.091448,22.49484,22.248262,22.126944,21.808704,22.242275,21.330576,21.527435,21.932945,22.20914,22.306488,22.57185,22.039005,22.574917,22.06688,21.201624,22.030159,22.269445,23.262688,21.588564,21.897997,22.252913,21.529549,21.843737,22.555418,21.776003,21.65524,21.715845,21.508759,22.248735,22.771559
10.895406,11.798475,10.070427,13.102051,12.775164,10.289444,11.420826,10.304736,9.741444,10.651919,10.594297,10.030879,10.6552725,12.520516,13.139055,12.628318,13.806902,12.40426,13.5002365,15.182613,12.614167,12.458242,14.433246,14.339335,14.118399,15.279337,16.044886,17.476276,16.386583,13.060253,13.671927,14.111391,13.032863,14.618569,13.696767,12.641798,14.211721,13.717676,13.121837,12.552067,11.880719,12.320565,12.247276,13.814103,14.087673,13.142663,13.044504,12.492696,13.202936,13.868747,12.552493,12.22615,14.445005,14.582424,13.296243,14.569888,14.282577,16.11544,14.948561,14.658569,13.242,13.760361,13.15502,13.835541,14.464853,13.655615,14.327466,14.069946,13.465332,12.607108,13.295462,13.969991,14.239987,14.1651945,14.471054,14.031075,14.318111,14.055959,14.210269,14.497689,13.369623,14.118274,14.777295,15.148217,15.210443,13.6888485,14.449308,15.164289,15.250794,14.605618,14.82976,15.081379,14.906671,15.376508,15.452002,14.987277,15.441109,14.431728,13.588473,13.443201
25.320864,24.622229,25.174286,25.293005,25.278536,25.648624,24.019066,24.900427,24.030043,24.746725,25.379309,25.078527,25.710798,25.32225,24.588266,24.973387,23.59652,22.92919,23.911446,24.811666,24.823757,25.42116,23.779018,24.169415,23.693329,23.335106,23.924622,24.913202,24.842003,24.457056,24.758614,23.993805,24.806349,24.522379,24.380896,24.72295,23.317556,24.057962,23.57356,24.041254,24.439957,24.225878,24.845346,24.207664,23.550747,23.88735,22.775225,22.502558,23.195387,23.724709,24.131897,24.39463,23.086077,23.495771,23.307163,22.815863,22.78698,23.61126,23.669838,23.014263,23.554106,23.340675,23.487925,23.667454,23.555202,23.72106,22.58205,22.599085,22.378832,23.16736,23.3662,23.135006,23.722298,23.42186,22.700785,23.186083,22.517582,21.836744,22.214258,23.09034,23.12585,23.107672,22.263273,22.752783,22.048958,22.252151,22.299665,22.919601,22.983086,22.55208,22.857334,22.58792,22.67081,23.013834,22.775013,22.765568,22.001945,22.389477,22.547773,22.678478
31.846977,31.448397,31.894526,31.289865,31.946072,32.31301,32.094166,32.09606,31.396917,31.01978,31.50001,31.895933,31.802261,31.540525,31.361002,30.88842,31.46397,32.056377,32.566284,31.816366,30.93568,31.867647,31.082312,30.569128,31.402786,30.375582,31.111683,31.22915,31.979097,32.675007,32.385433,32.27989,33.049828,32.364483,32.90767,33.22978,32.586746,32.585052,31.996588,31.977783,32.59535,32.61522,32.644253,32.35267,31.988419,31.935516,32.321857,32.539177,32.748875,32.017197,32.098267,32.793533,32.245102,32.387325,32.844357,31.949192,31.590832,31.736238,32.60897,33.421963,33.288906,32.86889,33.28363,32.739243,33.10705,33.3181,32.83695,32.851448,32.5276,32.76001,32.73719,33.03278,33.337856,33.112873,33.308002,32.82897,33.32429,33.729794,33.814354,33.357,33.201748,33.26374,33.177155,33.30068,33.335064,33.205204,33.15655,33.03547,33.17114,33.647533,33.74937,33.866486,34.236958,34.122757,34.26155,33.9761,34.150116,34.002502,33.968616,34.128918
14.325152,14.6448555,12.709747,14.859449,13.475299,12.893002,13.618957,13.866614,15.413749,14.232986,12.65478,13.708307,15.712992,16.098116,14.552699,15.509603,17.089857,17.214582,18.389164,18.091991,15.548714,16.99457,17.579136,17.632273,15.551962,14.478281,14.416906,14.568747,15.470168,17.316122,17.584538,16.788826,15.869254,16.896738,15.271634,15.10956,15.658245,15.979595,16.00489,14.891534,14.772039,16.113422,16.74676,17.327862,15.555575,15.516958,16.76295,16.889952,17.424955,17.387684,16.445923,17.052303,17.992247,18.34793,15.101416,15.238595,15.552561,15.774929,16.34383,16.984097,17.08179,16.906183,15.690612,17.013887,16.217213,15.6630335,15.951716,16.412548,16.535837,16.218199,15.380908,16.520245,17.998705,17.963184,16.778328,17.011566,17.374939,17.635574,18.294134,18.511848,16.962814,17.36279,17.660763,18.499203,16.592653,15.618301,15.7204485,15.892377,16.13712,17.421011,17.914415,17.787525,16.231617,17.878286,18.14036,17.520958,17.47412,17.899605,17.96092,17.557161
5.4951525,5.780271,6.059784,5.802758,6.0827394,7.9246855,6.9179373,6.0701456,6.561819,7.3777833,6.8052893,7.1028185,9.005619,7.838645,7.640836,9.708137,11.163226,13.842152,11.666075,11.439656,11.04365,10.937433,7.177875,7.5309396,9.869674,7.7690263,7.8180504,9.488655,10.434629,11.982643,9.900618,9.066228,10.691091,9.699721,8.259276,9.656751,10.26608,8.717993,8.409503,10.303776,7.760734,9.334784,10.151698,9.932127,9.497696,8.90586,9.743074,11.723919,11.348215,10.434895,10.091216,10.193128,10.398085,8.856003,10.757867,10.334611,8.952609,9.806229,10.36238,10.890884,10.039026,9.879866,10.660157,10.892036,10.325643,10.812386,9.63607,9.580469,9.741793,9.802295,9.467432,11.059882,11.681246,11.333363,10.842063,11.066962,11.830983,12.323218,11.727954,11.500908,10.877047,11.785056,11.833473,10.418184,11.592669,10.105315,9.853274,10.670304,10.899501,10.243114,10.878884,11.073667,10.435112,11.014608,10.128355,11.64796,11.015911,11.073304,11.2816925,11.236134
17.986807,16.084183,17.968616,18.48341,18.111683,16.530397,16.17078,17.542042,18.296555,17.857862,18.136244,18.114103,17.322521,17.642195,16.481167,16.243982,16.782196,17.121887,18.246342,17.000439,15.943402,16.385174,16.06469,17.774824,19.122396,19.211061,18.752491,18.346277,18.814886,19.06662,18.007055,17.267015,18.771914,18.825333,18.648964,17.900454,17.393457,18.193464,18.743214,18.176802,18.317284,18.315073,18.183401,18.463327,17.1683,16.719011,17.043089,17.177994,18.050995,17.241905,16.023148,16.933409,16.517168,17.630045,18.559626,18.712667,18.201656,18.106642,18.740671,18.539972,18.034048,17.344624,18.26375,18.24029,18.013166,17.56778,17.228321,17.71549,17.985512,17.920301,17.697784,17.943495,17.89583,18.319387,17.961435,17.324837,17.714243,17.767605,18.235397,17.554642,17.528894,18.201487,17.78351,18.35847,19.096592,19.176123,18.577932,18.40442,18.786036,19.101011,18.549936,18.318151,18.901848,18.989082,18.81289,18.497143,18.631344,18.6965,18.926125,18.685472
8.806487,8.2092705,8.75535,12.394384,10.451419,10.501851,11.502202,9.632631,8.978045,10.595973,11.406043,10.246848,9.413324,9.497925,9.649277,12.403975,12.570482,13.086449,13.810783,14.093272,13.131814,15.479635,14.568266,11.144863,13.704682,12.587558,12.689069,11.938692,12.702312,13.141192,11.988098,11.822092,11.449817,13.834582,11.776827,11.898645,12.719265,12.030241,12.976723,11.27897,11.843089,11.883468,12.1130295,11.699171,12.411992,12.004154,12.308456,12.242504,13.180518,13.552239,12.653046,13.730044,13.60328,13.126472,13.290811,13.914576,12.315644,12.292264,12.647783,13.085572,11.453824,11.683623,11.372276,13.495475,12.819622,12.702271,12.468802,12.861302,12.205578,11.770745,12.818791,13.40678,13.009298,12.57368,12.364423,13.66903,13.291018,13.672337,13.703475,13.46655,13.418103,14.431458,13.914593,13.766834,14.027386,12.814918,12.716604,12.82977,12.873312,12.82108,12.593481,12.700509,12.87976,14.217413,13.582931,13.629089,13.876571,13.356466,12.98181,13.128342
16.536808,17.4836,18.289818,18.050726,16.748777,16.705696,16.27018,16.97006,16.917984,15.6135435,17.306934,18.713367,18.100105,17.377193,15.71695,16.434593,17.089659,17.819029,18.276794,15.254374,14.635744,15.494297,15.127963,17.164042,15.358372,15.511478,15.407648,16.872057,15.039485,15.01989,17.305233,18.132942,18.247332,18.44761,17.505995,17.44614,16.960974,17.021456,16.899569,15.694901,18.127825,18.247065,17.800568,17.14165,15.652223,16.088276,16.64156,17.710161,17.8814,14.842614,14.535627,14.899658,14.561762,16.205448,15.335128,14.981446,14.055078,15.509742,14.624869,14.598106,16.173807,16.334455,16.90411,16.45899,16.114222,16.170334,15.54075,15.629572,15.600514,14.781116,15.671888,16.331614,16.05257,15.742608,15.219028,15.0021105,15.516123,16.671371,16.315075,14.128817,14.166516,15.045949,14.684529,15.807772,15.132476,15.186797,14.671578,15.21459,14.534701,14.91711,15.846985,16.431675,16.785206,16.80089,16.653067,16.512957,15.931395,16.31173,16.129648,15.25593
11.998367,13.515335,13.930362,14.4826355,12.800452,12.879183,15.1397295,14.595592,13.190698,13.404596,12.263201,11.708071,12.443616,13.283906,13.912388,14.425438,15.272052,16.547497,14.588168,14.77774,13.470394,13.583803,14.454269,13.091978,15.31947,16.245996,15.739544,16.052279,16.978765,15.892262,14.956379,15.607153,16.689943,16.701063,14.5778885,14.826401,15.932788,16.386726,14.58553,13.969659,13.596003,14.49002,14.806603,14.936736,15.339504,14.440336,15.1110935,16.329075,13.963173,14.104526,14.43672,14.202873,14.070374,14.37639,15.303915,16.462967,15.531979,16.223362,17.006153,15.971189,15.107003,15.210197,15.534125,16.26733,15.746799,15.212288,15.616225,16.807974,15.994781,15.620861,15.407022,15.242834,16.352612,16.533531,16.496363,16.68595,16.456165,16.669954,15.701682,15.7075615,15.076736,15.350927,14.940009,15.528509,17.14794,16.348162,16.359478,16.37256,16.747242,16.74873,16.876467,16.708597,16.861164,17.908138,17.430061,16.923689,17.394142,17.860353,17.35047,17.293768
17.858603,17.008158,17.132158,18.643776,19.313194,18.307274,17.506702,18.40913,20.509954,17.87206,18.536842,19.660477,18.79719,19.936207,19.384125,19.131567,19.699696,18.613558,20.596256,20.298527,20.385685,19.4163,20.361372,20.113413,20.383482,18.938957,20.31888,20.898672,21.439787,19.140865,18.185175,17.697012,18.257309,19.128307,19.365427,18.960854,18.167866,18.161404,19.683922,18.45776,18.849823,19.615753,19.062151,19.827665,19.469034,19.391302,19.661552,18.974997,20.207449,19.856936,20.066715,19.145054,19.767607,19.675411,20.189672,18.706398,19.981733,20.112537,20.594257,19.660803,18.289871,17.924599,18.458115,18.74759,18.872871,18.534918,17.947338,18.124231,19.143255,18.72999,18.850288,19.213943,18.761625,19.346617,19.381788,19.292402,19.161688,18.859589,19.51349,19.555601,20.120192,19.587448,20.013374,19.889803,20.072973,19.229048,19.96136,19.89821,20.778025,19.526478,18.985844,18.826605,18.938047,19.76408,19.610567,19.237675,18.90154,18.93446,19.476038,19.543097
24.684454,26.899557,27.86947,26.026121,26.746473,26.18698,27.103075,28.236567,27.331842,25.742514,25.874018,23.897755,22.96618,26.364235,27.929203,25.20154,26.607656,27.734156,28.21055,28.05733,27.522673,26.669418,26.918013,27.04399,26.835148,27.640621,27.009771,27.24232,28.059149,27.160664,24.46969,27.274208,27.969099,26.25252,26.80601,26.37304,26.897436,27.629635,26.891298,25.855696,25.85923,25.909113,24.592628,26.857086,27.27264,24.886602,26.266752,27.402332,27.547686,27.20816,27.223679,26.925627,26.63531,26.694878,26.506908,27.041374,26.42425,26.616594,26.720333,26.95773,24.789675,26.40016,27.003616,26.009695,26.372236,25.961056,26.30574,26.612356,26.476948,25.560974,25.762472,25.034466,25.087301,25.982494,26.904762,25.255405,25.589586,26.90636,27.45139,26.955772,27.167389,26.4433,26.541483,26.656086,26.394762,26.70975,26.235178,26.597946,27.123346,26.668795,25.14599,26.57268,27.520878,26.805826,26.91922,26.319546,26.891243,27.47155,26.92706,26.099695
29.162125,27.924322,26.937012,28.06939,25.769608,28.003498,27.338478,24.117117,28.031754,26.52724,25.455545,25.6294,27.705273,28.304522,28.583738,27.759468,29.318815,30.026243,30.11738,29.608284,28.605375,27.988588,28.752974,29.01565,30.10878,31.451157,33.406258,30.961363,29.070608,30.097403,29.81563,29.211132,28.458694,29.035482,28.133324,30.379354,28.399763,27.27759,29.273964,28.317204,28.694736,28.456623,30.5845,29.502117,29.398455,29.194729,30.161598,30.86786,30.365929,30.070034,29.890816,29.808905,30.379124,30.55151,31.495068,32.65614,32.920326,30.72771,30.05357,31.174559,30.955606,30.510473,29.87794,30.041035,29.827715,30.939856,30.255548,29.54192,30.740427,29.796852,29.473541,29.693285,31.759577,30.930193,31.243198,30.802402,31.82966,32.593445,32.382996,31.899105,30.954308,30.7487,31.062515,31.579952,32.034187,32.81447,33.627193,32.162235,31.022121,31.724712,31.764465,31.639133,31.634438,31.943762,30.908815,32.029617,31.68922,30.195488,31.749945,30.66101
24.49314,24.027338,23.36708,23.525084,23.382345,22.140076,23.161966,24.354118,24.251558,21.383018,22.157192,23.410776,21.627975,18.779053,19.935024,21.71297,22.408867,21.991837,22.481724,24.64202,24.60715,24.445318,24.810808,24.16428,23.57929,24.592825,22.927671,23.303936,21.779737,21.792774,23.298737,24.05116,23.570612,23.557755,22.721586,22.121325,23.994303,23.512335,23.393335,21.452045,21.83453,22.742619,21.650763,19.02259,19.596087,20.487669,21.432856,21.138147,21.47297,22.998203,23.27244,23.410357,23.498953,23.04793,22.265316,23.645712,21.950737,22.128567,21.417408,21.468155,22.400084,23.037718,22.670904,22.75505,22.48907,22.159557,22.7818,23.53315,23.190414,21.794699,22.047491,22.708965,21.852373,21.486704,21.017935,21.60328,22.243341,22.180227,22.316668,22.99337,23.262888,23.524876,23.611288,23.204718,22.732243,23.164402,22.05203,22.242785,21.573078,21.62081,22.156199,22.775692,22.624025,22.856186,22.511011,22.098984,22.63142,23.193327,23.125582,21.511583
24.218746,24.478683,23.62312,21.412151,22.418465,22.579771,23.927217,25.18639,24.793573,23.151203,22.827032,21.963358,21.69581,22.891989,21.360218,23.412983,23.34294,24.336636,22.961458,22.94159,23.16438,23.432487,24.502176,24.4509,24.984133,24.366007,24.150726,24.482603,23.92064,24.12535,23.567114,24.346767,23.527246,21.539927,22.16184,22.620243,23.772274,24.467342,24.14113,22.647413,22.573727,22.166592,21.669172,22.44584,21.244362,23.039679,22.907274,23.599276,22.449734,22.371357,22.559067,22.700903,23.381058,23.627064,23.808052,23.693348,23.217222,23.693937,23.411503,23.256298,23.171667,23.592258,22.674095,21.468933,22.140306,22.638138,23.312437,23.83763,23.651337,22.907057,22.617922,22.343658,22.481016,22.867386,22.232664,23.108307,23.162495,23.692661,22.807041,23.159586,23.063421,22.908094,23.386757,23.677485,23.69098,23.33745,23.240244,23.535135,23.27224,23.352484,23.378897,23.54849,22.80785,21.961933,22.604649,22.688633,23.23799,23.455332,23.62764,22.782978
12.658826,16.103725,17.34496,16.819855,18.043924,17.217731,17.077229,17.400581,18.625057,16.349327,17.617722,17.676573,17.03357,17.284021,16.216658,15.0119095,14.631081,16.589417,17.44641,16.671892,17.298466,16.306456,16.620975,14.903119,15.094409,16.402382,16.129795,17.34548,14.578477,14.386802,14.215772,16.595644,17.438095,17.325468,17.596806,17.635384,17.198004,17.108133,17.441338,16.259502,17.47318,17.673868,17.192114,17.080978,16.104874,15.380893,14.506325,16.047148,16.78816,16.13702,16.28834,15.621749,15.977041,14.4066925,15.160238,15.600621,14.852204,15.754409,13.812206,13.391019,13.91285,15.477318,15.874011,15.573128,16.307943,16.266218,15.6963215,15.620945,16.075216,15.066706,16.017513,16.139093,15.882678,16.012186,15.426626,14.469486,13.941472,15.52815,15.571751,15.187151,15.731405,15.643804,16.216991,14.74193,15.294332,15.741553,15.041328,15.540133,14.184275,14.085427,14.935188,15.838462,16.288666,16.568146,16.372465,16.774918,16.721125,16.47318,16.643007,16.269154
11.199755,9.236147,8.867,9.548051,11.67057,12.777113,11.066984,9.149311,11.248011,9.865936,9.795534,10.877719,11.934529,12.25358,10.805855,12.543597,13.734768,13.449856,12.198359,12.602895,13.02651,13.117118,12.921983,12.015953,10.835514,10.355916,11.762154,12.598216,12.735895,13.159614,12.704471,11.677103,11.797797,11.868839,12.214699,13.14029,11.995002,12.165214,12.556919,12.310707,10.851934,11.9472475,13.067195,13.056145,12.262381,13.420335,13.1726055,12.979453,12.767284,13.23146,13.767102,13.306058,13.726421,13.300791,12.238162,11.802296,12.373401,13.317888,13.649438,13.56818,12.995802,12.468482,12.600401,11.820072,14.012282,14.0165615,12.398563,12.321224,13.95987,12.201238,12.0835495,13.476179,13.998284,13.853194,13.25276,14.042194,14.570253,13.918349,13.357511,13.236015,13.5471115,13.667343,14.113121,13.96682,12.766304,12.2069025,12.59212,13.566322,13.242159,13.429933,13.912493,13.744625,12.627901,13.39883,14.373456,14.58147,14.573677,14.000308,14.118495,12.941236
17.665993,15.931948,14.961174,14.671591,15.15954,14.60749,15.650804,17.66139,17.36139,15.957808,15.54653,16.653534,17.042793,17.238562,18.427996,17.360096,17.270172,18.47782,17.909807,18.048546,18.356483,18.838898,19.635303,20.059301,18.983374,19.201813,20.05489,20.09248,20.963867,19.369802,20.109127,18.105158,18.00868,17.879602,17.848143,17.948395,18.092209,19.892126,19.658253,18.940514,18.956717,19.782322,20.025951,20.031544,20.616722,19.951134,19.664886,20.548128,20.29716,20.042454,20.29263,20.751995,21.196402,21.561714,21.101336,21.23523,20.774036,21.751791,21.660341,21.706024,21.29877,20.817669,20.322794,20.546183,20.92071,20.512524,21.149479,22.022837,22.495882,22.199375,22.055256,22.240503,23.263355,22.996847,23.092867,22.961645,22.638435,22.876232,23.22984,23.278177,23.540136,23.920536,24.223633,24.552053,23.793478,23.650345,24.145945,24.872213,24.477345,24.363876,24.267853,23.69966,23.402706,23.852388,23.931223,23.918951,24.507639,25.179852,25.440468,25.221474
12.179262,13.183384,14.643235,13.532546,14.516478,14.036055,16.038113,14.643457,14.0492525,13.855619,14.407244,12.839447,13.399242,13.721979,13.9667,15.90148,17.297594,17.205706,17.551268,17.041534,16.985073,16.8888,15.79125,15.833509,16.306158,18.15669,17.99062,17.36446,18.538422,17.385677,16.166727,15.970529,17.629364,16.105356,16.679543,16.20371,17.404799,16.673529,15.140986,14.46779,15.650775,16.193632,15.899574,15.67945,15.713613,16.181776,16.831356,16.874468,16.497211,16.39822,16.657831,16.904016,16.12827,16.450476,15.90766,16.868095,16.752678,16.668388,17.20042,18.13202,16.211525,15.968803,16.198498,16.659431,16.883942,16.39394,16.487215,17.155687,16.676594,16.519442,17.130419,17.123428,17.08847,17.282705,17.61606,17.44065,17.91126,17.560905,17.731754,17.4062,17.520428,17.567776,17.501898,17.598637,18.00513,17.306778,17.835989,17.736158,16.711006,17.792614,17.649637,17.487612,17.518337,17.76492,18.07233,18.123606,17.855595,18.271673,17.74108,17.550692
30.272066,28.047096,28.177055,29.105394,27.352152,28.282486,26.435762,27.020557,26.804123,28.784101,27.321146,27.9301,29.11523,29.966839,30.140568,29.521635,29.551329,25.57692,27.770182,29.557093,28.222271,28.970846,29.914766,29.901495,29.649223,29.450174,30.0526,30.442348,30.277445,29.582806,30.29491,29.092596,29.363962,29.599401,28.182308,29.398657,27.70377,27.721571,27.70617,29.240444,28.628237,29.19519,29.880695,30.407751,30.60373,29.925955,30.129574,26.931953,28.771076,29.621851,29.10382,29.899574,30.467142,30.578915,30.391527,30.503998,30.171047,30.225203,30.605997,30.246107,30.78574,30.007202,29.79574,29.998814,29.535086,30.27622,29.093306,29.11886,29.061563,30.210827,29.764482,29.996828,30.593605,30.528727,31.131191,30.73575,30.923748,29.5587,29.789232,30.75976,30.154156,30.58436,31.048275,31.248077,30.809822,30.953665,31.43466,31.05721,31.366922,30.693111,31.137093,31.116182,31.260763,31.47066,30.63704,30.977482,30.550323,30.406998,30.624043,31.005192
18.631792,19.435753,19.845783,19.024343,18.21453,19.144648,19.259287,18.953154,19.59784,20.292131,19.721882,19.883055,20.504545,21.168917,21.441076,21.695227,22.467428,19.412868,20.788404,20.44899,20.526596,20.91443,20.73132,19.781763,19.338766,19.563814,20.044516,20.102205,19.38244,19.904299,18.986137,20.123617,20.368158,19.664528,19.097113,19.8402,19.78616,19.419483,19.924164,20.831205,20.222195,20.010048,20.73886,21.014618,21.33644,21.171074,21.643793,19.825527,21.09142,20.30366,20.410095,20.707819,20.661194,20.118097,19.7539,19.78675,20.148285,20.143286,19.503344,20.102512,19.291742,19.892168,20.335365,19.89102,19.256311,19.759127,19.609545,19.441864,19.892817,20.390434,19.92337,20.05162,20.682907,20.841494,21.273462,21.26677,21.78487,19.701275,20.620977,20.48193,20.946625,20.978062,20.887672,20.341196,20.19272,20.540245,20.629557,20.432009,20.11143,20.742815,20.133823,20.586044,20.773762,20.923088,20.481464,20.81851,20.81637,20.660622,21.086163,21.45348
25.078178,27.189245,27.802166,26.172852,27.734331,29.25587,28.298983,29.497948,24.807005,25.47852,25.540773,26.134308,26.709633,28.510883,26.051115,26.027779,27.131998,28.96155,29.573933,28.031382,27.04643,26.314102,28.385553,29.441908,24.022346,26.302292,29.0595,29.82663,30.128576,29.862005,24.70822,28.003426,27.577923,26.792362,28.209127,29.562338,28.31086,28.861023,25.16851,26.329315,26.174496,26.06018,26.43652,28.569126,25.923746,26.198923,27.425325,28.741648,29.040298,27.263643,27.39973,26.578186,28.075087,29.102304,23.555803,26.627457,27.999847,29.436079,28.894539,29.155018,25.762932,27.565163,26.934336,26.423992,27.562864,28.605291,27.868593,28.62725,25.07905,26.410404,26.689997,26.384375,26.802414,27.992592,26.999437,26.857058,27.735783,28.413876,29.184443,27.548243,27.967712,27.05858,28.365797,29.571438,24.474041,26.461636,28.70023,29.324707,29.398827,29.469027,26.361689,27.59657,27.232044,27.055601,28.356474,28.713972,28.174936,28.867395,25.055325,25.594
10.365268,10.346149,11.935494,10.5833,12.467114,12.864613,13.301005,12.2178135,11.17368,10.637051,11.618722,10.3818865,12.279467,12.667031,11.5617485,13.925013,14.752559,14.715033,14.427637,13.108421,12.169113,12.740724,12.145098,11.770411,13.849715,14.093944,15.232156,14.893028,15.893646,13.445466,12.452145,12.520575,14.84957,13.628943,13.926896,14.091508,14.518581,13.784459,12.703165,13.406405,11.777032,12.082332,13.755178,13.83245,12.791232,13.821893,14.152385,14.661899,14.252407,13.439047,12.96191,12.986074,12.1489,13.424074,13.742548,14.112947,14.259471,15.208656,15.607033,14.076024,12.935204,13.156377,13.794156,13.69956,14.405455,14.699894,14.311075,14.650311,13.335898,13.383819,13.940348,14.345787,15.459173,15.417046,14.50288,15.639346,15.848851,15.581821,15.109691,14.6212845,14.004597,13.582404,13.907725,14.233059,15.295948,14.998747,14.973425,15.206853,15.5266,15.2848625,14.6482315,14.916112,15.2205105,15.70442,16.53054,16.248344,16.249489,16.36439,14.7798,14.576464
32.24676,31.755964,31.84679,32.099648,31.608847,32.18097,32.17342,32.250618,31.993237,31.803259,31.657082,26.24884,29.500832,30.896477,31.952604,32.099186,31.747488,31.172497,29.02325,31.588327,29.669014,31.270325,32.469093,29.895844,31.697958,27.518381,31.213726,33.4623,33.19134,33.035423,33.382744,32.996952,32.94301,33.26575,32.494358,33.24796,32.816906,33.080204,32.671806,32.546303,32.613358,28.414684,31.243395,31.690523,32.568253,32.899166,32.616985,31.972149,30.232437,32.237064,30.835415,32.48404,33.363052,31.570494,32.87709,28.341871,31.440847,33.15517,33.121494,33.59346,33.43636,33.268044,32.87324,33.15666,33.14249,33.631462,32.96386,33.27865,32.64991,33.162746,32.94429,30.282555,32.1582,32.45456,33.23059,33.301807,33.386242,33.05475,31.474754,33.10663,32.184284,32.846855,33.810345,32.463566,32.971016,30.684439,32.471355,34.218872,34.166954,33.73482,34.33298,34.13941,34.186,34.781784,33.803047,33.789516,33.97254,34.263042,33.892075,34.157677
11.60334,10.699976,10.942675,12.185142,11.012245,11.207805,11.488979,10.653362,11.220683,11.310591,13.457287,10.823045,10.533869,11.313695,11.936251,13.27574,14.9602,14.947926,15.399505,16.11347,13.942738,14.041167,15.117485,13.244287,13.415083,14.2281685,14.638452,14.846263,14.24369,15.1108465,13.614991,12.781838,13.43631,14.207236,12.579005,13.415312,13.175178,12.597404,13.396458,12.533555,13.321065,12.238047,14.671436,13.419064,13.192353,13.253183,14.429148,14.066093,14.400868,15.139024,14.435987,14.632775,14.557323,14.663053,14.21929,14.749773,14.338194,15.106921,14.644836,15.1441555,13.246588,13.496282,13.392326,14.088836,14.100939,14.3332405,13.53566,13.529789,13.717663,13.208365,13.839445,14.407472,14.752508,14.010149,14.880592,15.001292,15.544771,14.685663,14.719292,15.251333,14.4111185,14.73802,14.965308,15.313177,15.565712,14.790762,14.181536,14.936725,14.391729,14.965614,14.512787,14.682336,14.660255,15.598726,15.01063,15.469331,14.851992,14.660416,14.196961,14.400774
8.371117,10.178547,7.7951202,7.5449967,10.197421,11.722406,11.087454,8.073612,8.927565,9.587209,10.387919,9.697533,8.532305,8.264722,8.666157,11.144753,7.0953274,10.5642605,10.502128,10.018492,8.037704,9.912297,9.916611,9.769867,11.3317795,11.280158,10.3837185,11.155038,11.470456,12.146002,11.522702,11.926596,12.412277,10.867404,10.783337,11.356354,11.441729,10.657228,10.174293,10.409687,10.529293,10.76766,10.858113,10.67714,10.102028,10.687069,9.70242,10.519066,10.532448,10.074726,10.044129,9.388812,11.05586,11.342455,12.382473,11.773763,10.529174,11.125534,11.530611,11.652417,11.857305,11.687844,10.528406,10.8391075,11.660795,13.132109,12.069133,11.524111,11.968407,11.004386,11.88137,12.724441,12.005672,11.571029,11.801775,12.395025,11.390723,12.274889,12.153775,11.718135,11.270203,11.545923,12.376282,11.89798,12.387454,12.281535,11.319331,11.80662,12.482192,12.785273,13.144003,12.675663,12.080291,12.914822,13.348751,12.987354,14.132802,13.303857,13.027092,13.418991
7.0173907,6.7936273,7.126778,8.053916,7.238107,7.4487095,8.773809,7.7071457,6.7426233,6.511177,5.337747,6.276064,7.2406526,7.156717,6.890716,8.146157,9.083018,7.872033,7.6870317,7.940624,6.7102594,6.979888,9.533675,8.641549,8.970145,10.544601,9.462279,8.726991,9.365807,10.045312,9.270818,9.15285,9.7200775,10.938149,9.021047,9.59902,10.310712,10.414128,8.282469,8.432661,8.165255,8.745274,9.205148,9.349266,9.158688,9.468442,9.7317705,8.272236,8.801928,8.168206,9.016571,8.601107,9.561801,10.316046,10.056276,11.139462,9.426689,9.860952,9.140935,10.885883,9.779706,9.94054,9.706316,10.097038,10.973035,11.08452,9.889175,10.825499,10.234877,9.38742,10.17377,10.834604,11.538549,11.489278,11.067895,11.324929,11.392384,11.075723,11.098033,11.0315895,10.609608,10.588176,10.976747,11.9756565,11.148524,10.867517,10.916348,11.262034,10.918065,11.279595,11.666949,11.326121,11.4874325,12.838714,12.844781,12.143404,12.292695,12.791144,12.452785,12.527714
6.6621256,5.231063,6.7613306,8.083394,7.770086,8.406185,7.981969,8.558068,8.234545,9.498155,8.484181,8.223959,9.751135,9.96508,10.344918,10.768339,9.9470215,8.25115,8.772669,8.165145,7.498228,7.5043316,9.174778,8.409596,9.246741,9.305746,10.405705,10.932101,11.11935,11.404334,9.809275,9.707422,12.244908,11.662966,10.608448,11.803498,11.243664,12.160313,10.933813,11.6861,11.523761,10.888433,12.17031,12.265095,11.969647,12.15398,11.66439,10.093133,10.322872,10.437553,10.21335,10.84697,11.37597,11.29218,11.387717,12.22569,11.852326,12.313305,12.470985,12.915835,10.967325,11.381888,11.84429,12.2843275,12.512114,13.321692,11.93827,12.330294,12.943976,12.681139,12.746521,13.421387,14.388511,14.8286705,14.032084,14.057605,13.57908,12.709095,12.542849,12.660742,12.429613,12.789688,12.881217,12.422536,12.442846,12.587419,12.221075,13.017759,12.931269,12.891453,12.475212,13.071339,13.422023,14.358253,14.358827,14.591722,14.72819,14.806301,14.532265,14.726121
21.923077,22.18382,21.846775,21.676546,20.894436,20.561312,21.948206,21.845602,22.649282,20.433283,19.30591,20.366991,20.992558,19.17422,20.075191,19.533907,18.523129,19.915741,19.994482,19.534548,18.605364,18.569109,18.173433,20.395554,21.298227,21.591244,21.163391,20.128368,20.584166,20.743927,21.51413,22.036657,21.477324,21.476255,20.686785,20.517056,21.24421,21.211546,21.768852,20.475224,19.122412,20.028831,20.963358,19.55636,19.718586,19.321169,17.831736,19.406118,19.400642,18.662611,17.85017,17.868896,17.96311,19.823448,20.58095,20.240932,19.842348,19.026358,19.604673,19.360157,20.179264,20.371983,20.190771,20.202227,19.588867,19.681278,20.226702,19.41566,19.729687,19.456465,18.400314,18.913372,19.939726,19.332314,19.517265,19.101553,18.2592,19.127428,19.074677,18.604628,18.397184,18.756222,18.86036,19.515772,20.183823,20.398796,19.708923,19.301311,19.525385,19.30086,19.900736,20.191444,20.072792,20.162165,19.79586,19.5352,19.668713,19.520832,20.08785,19.5322
25.238384,25.42716,24.755573,22.006886,19.993542,23.605299,26.314425,22.93317,24.706684,26.270742,24.225096,25.13704,24.295168,22.132256,21.80322,21.78355,23.443266,23.39401,23.177801,24.40347,25.996613,26.156519,26.356428,25.78792,25.302732,25.76916,24.674234,24.801252,23.980198,22.368935,24.2149,25.255375,24.63604,22.222761,20.941381,23.31715,26.334736,22.433783,24.863995,25.300318,23.511852,24.33902,23.376823,22.099188,21.412039,21.633324,22.589119,22.717724,22.691975,23.744835,24.567816,24.845583,24.64294,25.041824,24.837074,25.537663,23.909784,23.839298,23.31365,21.97882,23.576029,24.244154,23.909286,23.314602,21.912615,23.107353,24.594805,22.3838,23.772758,24.91378,23.464958,24.450184,23.298286,22.40468,22.139761,22.204464,22.913542,22.854546,22.669615,23.303072,24.08082,24.309772,24.797436,24.771069,24.015137,25.217869,23.582933,23.65193,22.996668,21.913006,23.58995,24.032667,23.59448,21.131983,20.76093,22.086515,23.880898,21.67563,23.095926,23.209585
14.542376,14.132893,15.482966,15.272827,15.70828,15.559075,16.33544,15.432341,16.145021,15.286523,14.813553,15.06055,16.011337,16.844044,16.232716,17.65988,16.645893,16.843922,17.106943,16.52974,14.650624,15.263828,17.674751,15.684531,15.040865,14.724153,13.862563,15.425896,16.467464,17.070557,17.955847,17.347015,19.332083,18.468668,17.986357,17.754478,18.416668,17.504522,17.662909,16.868084,16.86288,17.82905,18.532745,18.268263,17.739712,18.293055,18.19542,17.717047,17.846636,17.740816,16.640831,15.3864765,19.15932,17.310005,17.63568,16.44281,15.023211,17.156542,17.5489,17.979614,18.165306,17.701206,18.689457,18.88239,18.8438,18.756731,19.067904,19.161808,18.394953,17.912008,18.269386,18.587433,19.54102,19.568678,19.147388,19.280994,18.970865,19.05137,19.001019,19.0837,18.263823,18.12368,19.162228,18.775267,17.321093,17.429274,16.747278,16.757893,17.947914,19.619867,20.02227,19.90959,20.287388,21.320137,21.113386,20.728096,20.846136,20.984798,20.489458,20.210756
28.49191,28.52655,28.633232,28.86699,28.077402,26.852135,28.166353,28.20968,27.550129,28.996437,29.453379,26.756596,28.031391,29.074453,27.78823,29.289648,29.607882,29.587448,29.405064,29.776255,29.134207,29.26141,29.659702,29.095783,27.357517,28.61793,28.69185,29.708906,29.554882,29.787952,28.50882,29.004507,29.282059,29.540009,28.643345,27.84787,28.942667,28.640947,27.968401,29.269335,29.581448,27.950266,28.78121,29.3345,28.138098,29.528429,29.817457,29.866726,29.599516,29.523407,29.430992,29.598616,29.684109,29.389162,28.35864,29.06155,28.868391,29.406626,29.507702,30.012812,28.970638,29.249447,29.188648,29.323273,29.03023,28.765415,28.954235,28.903223,28.53325,29.294724,29.469358,28.730402,29.110605,29.484463,28.933367,29.692642,30.066519,30.110073,29.96416,30.031937,29.864532,29.815264,30.03708,29.790943,28.884829,29.501993,29.640789,29.971766,30.01845,30.141619,29.492983,29.960829,30.16587,30.345133,29.705635,29.035776,29.690817,29.65882,29.581799,30.107504
21.51744,20.74997,20.73624,20.342636,21.538712,21.078415,22.147425,19.94788,20.366903,21.104805,21.839231,21.627705,22.520397,21.810467,20.608349,20.93089,22.21143,22.740156,22.073677,21.829264,21.892525,22.119047,21.810156,21.776104,22.444143,22.541636,22.001411,21.175524,22.967848,23.13586,21.837215,21.317835,21.626339,21.263018,22.119694,21.603836,22.02368,20.521975,20.847895,21.255281,21.681248,21.504652,22.595423,21.717957,20.92142,21.076365,22.064392,22.504515,21.762995,21.651855,21.82742,21.888262,21.652092,21.418808,21.820652,21.80765,21.632399,21.141163,22.17294,22.546043,21.760317,21.425827,21.6395,21.236958,21.360958,21.070362,21.60307,20.696867,20.958225,21.063343,21.557547,21.658878,22.234127,21.932394,21.455894,21.353508,21.745808,22.246563,21.88065,21.706377,22.172956,22.134153,21.928541,22.052029,21.7347,21.660854,21.676884,21.245918,21.966526,22.713392,21.980352,21.761957,21.740969,22.016031,21.865784,21.583324,21.911549,21.41344,21.261482,21.41875
9.929515,10.376038,10.015934,9.077284,11.821483,9.900678,11.831808,10.24758,9.910253,9.94848,12.280855,10.092228,11.805438,11.096094,10.75817,12.921953,14.475904,14.152578,15.193778,13.942829,11.7176485,10.978541,11.686127,11.645306,12.481237,13.305315,14.22735,14.150905,13.797177,12.266812,11.745374,12.46093,12.310001,12.916136,12.918165,11.452278,13.947637,12.600134,11.806242,11.5622635,12.856211,11.532211,13.175696,12.281823,11.740178,12.052181,14.521646,13.510362,14.678909,14.078699,12.493935,12.443692,12.779721,13.325791,14.130806,14.515171,13.54957,14.823948,13.829221,12.965608,11.990778,13.019779,12.534343,13.144631,13.881357,12.978979,13.308088,13.253802,12.937311,12.125344,14.160201,13.732468,14.401867,14.07357,13.612425,15.3867655,15.101694,14.839241,15.1692505,14.478874,13.452706,13.69057,13.635303,14.095199,14.501419,14.793561,13.970529,15.307997,14.990388,13.953635,13.751111,14.537979,14.540329,14.407272,15.390524,14.696241,15.596258,14.987873,14.263002,14.037424
16.792353,17.869028,17.658884,18.963427,17.717875,18.189323,18.215542,18.617271,18.63273,16.35627,18.823292,19.441212,19.143803,17.80307,17.17071,15.967915,15.697422,17.388313,18.581007,16.998272,15.992627,16.065634,17.496437,18.751205,17.256773,15.680518,17.763535,16.05173,16.612629,17.001818,17.689568,18.723097,18.177963,19.022419,18.666925,18.749554,18.674055,18.461367,18.676632,17.028238,18.363964,19.266167,19.164684,18.057312,17.087166,16.026794,16.020458,17.489483,18.258772,16.73402,15.561747,15.080239,16.70742,17.86643,17.300594,15.513604,16.67937,15.649221,16.197174,16.630318,17.148201,17.63888,17.585556,17.601807,17.71471,17.791666,17.56281,17.423407,17.81084,16.9854,17.062534,17.753733,17.761324,17.151905,16.994226,16.046871,16.081488,17.035019,17.366995,16.289675,16.245565,16.28031,17.007166,17.899303,16.981295,16.18979,16.98164,16.219545,16.722464,16.755068,17.22307,18.127855,18.15397,18.66409,18.461199,18.237022,18.067846,18.083239,18.083733,17.393183
22.206896,22.012844,21.589396,22.127876,21.458097,21.462345,22.09328,22.496527,21.273966,21.46336,21.066408,20.595045,21.342745,22.38449,22.091427,23.281204,22.85848,22.158798,22.28389,22.786596,23.182978,22.94955,22.40793,22.020262,22.507364,23.50233,24.070288,23.712273,24.014717,25.27377,24.893995,24.979057,25.557611,25.16154,25.396294,25.21699,25.3417,25.517696,25.028097,24.8723,25.067453,25.29197,25.907137,26.257524,25.966291,26.730925,26.452097,25.66612,26.000774,26.055815,26.307388,26.254156,26.297163,26.414581,26.671608,27.42218,27.134464,26.859892,26.961313,27.398033,27.939732,27.417498,28.35911,28.16132,28.365026,28.047138,28.178162,28.442049,28.44641,28.374245,27.806124,28.106228,28.688875,28.952284,29.108881,29.21095,29.683588,28.902617,29.128378,29.607822,29.170988,28.981218,29.227623,29.206312,29.29715,29.679628,29.944195,29.759428,29.990114,30.513351,30.814747,30.749807,31.419678,31.972448,31.476955,31.43408,31.709438,31.696148,31.300657,31.306728
19.1144,19.827866,19.014519,20.601053,18.634531,19.102823,20.648441,20.161354,20.600384,20.220652,19.760614,17.933113,20.334866,21.647799,21.543182,20.332687,20.981932,20.793474,18.70901,18.940666,17.49269,19.325407,18.295538,21.30535,19.921656,20.048128,21.774517,21.29407,19.866436,20.101072,19.029648,20.17778,19.62054,20.761633,19.228258,19.455181,20.738577,20.125854,20.237999,20.072319,19.927517,18.410646,20.512423,21.298763,21.18666,20.49685,20.906733,20.179739,18.897892,18.889606,17.566193,18.843567,18.313297,19.796305,19.776297,19.816954,20.296247,20.569637,19.757944,19.622997,18.84299,19.466265,19.343157,19.982347,18.859652,18.907534,19.623981,19.714304,19.802738,19.815159,19.619629,18.833242,20.056786,20.73079,20.77025,19.975142,20.366629,19.86378,18.94074,18.981411,18.957664,19.538254,19.230934,20.013195,20.099907,20.142109,21.356201,20.416779,19.923462,19.99483,19.682562,19.852457,19.695349,20.40025,19.571821,19.444511,20.125893,20.43429,20.396576,20.325539
21.666876,22.836641,25.264475,23.549612,21.928577,22.20601,23.587158,21.529438,21.21117,20.906677,21.826252,18.528715,18.248554,20.469507,22.87359,19.866526,20.50895,17.768763,19.471346,20.628515,22.567469,25.031664,27.229088,21.707762,22.118227,20.667557,19.913326,18.394995,21.4069,23.148762,24.135168,25.044785,27.572762,25.638176,24.089056,23.860725,24.656704,23.05514,23.359367,22.89928,23.316998,23.175304,22.698666,22.848673,23.19157,21.718447,22.937332,21.149675,20.860443,21.19389,22.640856,23.747482,24.65657,22.595951,22.601006,21.998941,21.716162,20.8055,21.56235,23.216228,23.197945,24.302752,26.341167,25.309166,25.11202,23.895407,23.977993,25.05289,25.189762,24.77032,24.335506,24.349005,24.231865,24.418806,24.892897,24.85853,24.714052,25.461864,24.283651,25.164436,25.767796,25.389612,26.068972,25.419739,24.445583,25.126217,24.630503,23.52798,23.182312,24.645426,25.305864,26.254442,27.076363,27.207596,26.68371,26.119463,25.34371,26.45686,25.920443,25.935278
16.11073,14.925489,13.851818,15.600306,15.157759,14.553092,15.349171,17.623562,16.470373,16.45059,16.7105,14.529173,16.84776,17.116812,16.938694,16.127525,15.924414,15.705191,14.514009,15.704601,16.456293,17.032026,17.47535,17.780828,16.726688,17.27149,14.325681,19.614674,21.41178,19.225813,18.59582,17.16838,16.930906,18.078138,17.342861,17.02112,17.42082,17.97493,17.45868,17.400417,17.906887,16.675898,17.33298,17.795895,16.94239,15.807764,16.544333,16.05406,15.128293,15.171314,16.067995,16.181389,16.861643,17.455956,16.466648,17.20639,15.89637,17.817444,19.730816,18.093374,17.844809,16.891113,17.115162,17.539127,17.905363,17.70744,17.18189,18.53396,18.1702,18.227726,18.561798,18.18014,18.484337,18.998444,18.641893,17.874683,17.661734,18.284883,18.087246,17.676916,18.579933,18.416128,18.6664,18.68815,18.17689,17.985582,18.302174,17.222092,19.913322,20.01278,19.734583,18.838463,18.586893,19.248253,19.579884,19.333406,19.1412,19.893894,19.412745,19.6178
32.58617,31.081799,33.072876,33.227688,32.829407,33.24964,34.05538,33.028477,32.219078,32.02328,32.946213,33.42656,33.97415,33.592876,33.20692,35.1111,34.94057,34.825703,35.457962,35.831516,35.099785,35.130013,35.312576,34.07084,34.618664,33.51659,34.217484,34.01358,34.86409,33.446056,33.51151,33.771538,34.72268,35.458473,33.88831,34.236,34.550995,34.03301,33.010166,32.707405,34.07165,34.381153,34.278065,34.535545,33.873444,34.362335,34.40472,33.895287,34.089035,34.6432,33.98037,34.479454,34.54905,34.605,34.525,34.13475,33.214993,33.108025,33.283413,33.83518,33.572643,33.86709,34.1783,34.563725,34.931606,35.16141,34.788242,34.81383,34.326252,34.230743,34.830853,34.809593,35.149105,35.049797,34.925797,35.26916,35.08568,35.3209,35.573635,35.427532,34.880936,34.345917,35.2784,35.329037,34.952896,35.2808,35.24013,34.18379,34.18771,34.11061,34.205166,35.005478,35.056644,35.881424,35.628105,35.179855,35.612015,35.72924,35.23431,35.425434
14.596495,14.445674,14.615012,14.982202,14.656089,16.631878,15.393372,14.907062,15.102336,14.492085,14.450783,16.455406,17.636738,16.820955,17.008648,16.771866,18.15657,18.102621,18.061403,17.470991,16.663683,17.136786,18.481901,19.409151,18.722486,19.14481,20.509453,20.375126,21.232632,16.575407,16.969053,16.925198,17.782831,17.762094,16.545395,18.489075,17.049252,16.961063,17.403425,16.915396,16.576395,18.292639,19.236975,18.326534,18.095928,17.447123,18.239315,18.41511,17.979223,17.370937,17.02553,17.283134,18.732597,19.023226,18.229113,18.599297,19.079403,19.776632,19.744032,18.329891,17.520702,17.620255,17.929167,18.17346,17.882515,18.08539,18.244017,18.158531,17.783758,17.807802,18.28917,18.848293,19.431921,19.380846,19.275919,19.123007,19.247427,19.64138,19.47854,18.77132,18.929016,19.389545,19.694962,20.426983,19.962246,18.986244,19.879234,19.9138,19.711533,19.455547,19.444374,19.399023,19.489964,20.196476,19.794626,19.94422,19.478872,19.56871,18.785461,18.924862
17.361118,18.641645,21.686216,22.205954,19.587315,12.546526,21.81356,13.298508,15.265182,17.39024,18.66733,20.743729,22.502234,18.497948,15.830101,15.716471,16.615292,18.529446,20.225124,20.807924,16.29372,15.666469,15.903901,15.998705,19.041124,19.771387,17.412743,17.089155,19.206783,19.876923,15.758542,19.433403,21.7601,22.76947,19.817522,14.8330765,18.720406,16.53691,17.876001,18.408627,18.811197,20.220438,22.67828,19.660776,17.264029,16.81152,16.252703,17.376394,18.922295,18.8491,15.910518,16.24253,16.324936,16.137943,18.160147,17.990046,17.564625,17.64621,19.003736,18.397598,15.026881,17.31085,18.964035,19.491512,18.640656,15.79168,16.59746,16.071905,15.84443,16.452734,17.262072,18.767908,20.836086,18.116356,16.734213,15.838186,15.379303,15.688398,16.750816,17.591633,15.5462,14.765485,14.512242,15.952625,17.677727,16.645967,16.209137,16.14093,17.6371,17.025915,14.309089,15.029162,17.018267,18.212618,17.498384,15.163009,16.549416,15.715734,16.085512,16.990253
15.978253,17.07579,16.732075,15.019336,16.140602,15.714993,14.67127,15.515851,16.060553,16.656832,16.664782,17.095106,17.135967,18.434788,16.247929,16.593243,17.014488,17.977224,18.226288,16.126827,15.747413,16.783186,16.704456,16.793093,16.568066,16.368069,17.95237,18.578981,18.435322,18.455568,19.349146,18.949167,19.377024,17.77036,18.255537,17.92372,16.984426,17.889507,17.907276,18.244335,19.11571,18.9422,18.955359,18.977901,17.659765,17.702566,17.998217,18.15147,18.437382,16.935825,16.603664,17.209595,17.287064,17.685593,17.404665,17.063242,17.754076,19.484484,19.56234,19.797295,19.485737,18.110582,19.41922,19.138948,19.30203,18.54527,18.428253,19.052038,18.99908,19.37026,19.78023,19.797438,19.913193,20.64116,19.889433,19.773436,19.754038,19.46311,19.891281,19.25067,19.32674,19.060091,19.11183,19.599886,19.63226,18.958763,19.802263,20.49457,20.37878,20.880302,21.097076,21.074186,21.005459,21.145716,21.54284,21.117868,21.026558,21.489443,21.285955,21.409882
32.775696,31.184454,32.46484,30.293447,31.057308,32.04646,32.089706,31.393827,30.766115,30.988976,30.9329,30.64255,31.099426,33.310238,32.915455,34.33565,34.271847,31.428804,30.932251,29.307755,29.97681,31.718863,32.5131,32.563263,33.242516,32.47712,32.13528,32.040466,31.719053,31.269344,33.14787,33.489315,34.02307,32.626194,32.226803,33.07228,33.158005,32.475098,31.467276,31.173473,32.18724,32.244236,32.479027,33.821075,33.011402,33.25791,33.694702,30.686382,30.540005,28.219873,29.420195,31.651043,32.638847,32.92131,33.809902,32.888107,31.911285,31.495548,31.336588,31.711237,32.69916,32.870102,33.46691,32.766083,33.328636,34.04939,33.576065,33.20778,32.637093,32.707394,33.093254,33.077488,33.175472,33.869816,33.9385,34.108845,33.843716,32.70999,32.36522,32.48706,31.46492,32.237335,33.251446,33.782944,33.81558,33.813442,33.371777,32.692818,32.518707,32.28442,32.886593,34.17638,34.75716,34.604275,34.45384,34.423546,34.852615,34.498,34.299038,34.49131
8.23832,9.362973,9.22328,12.670088,15.548399,12.767969,9.215403,11.613083,11.372458,12.827831,9.757725,10.448268,12.542733,12.242527,13.342481,14.13727,12.966382,12.306945,14.078144,15.528221,13.454851,12.494792,13.665002,10.231576,10.554061,10.893261,13.080053,13.371806,13.103695,11.510788,11.107732,11.386038,12.927914,14.067326,15.111608,14.032414,13.555359,14.168277,13.14928,14.106983,11.930458,12.478833,14.100497,13.433661,14.710565,14.811003,14.131897,13.801395,14.785118,15.411908,15.333332,13.954647,14.876121,13.505444,12.881121,13.765282,13.911532,14.810735,14.7193985,13.432983,12.053938,13.010786,13.129975,14.046973,15.570737,14.58403,13.118101,15.0448675,14.553022,14.0697775,13.553848,14.377599,15.581459,14.906662,15.375843,16.666447,15.606434,14.6132145,15.171149,16.21679,15.37123,14.618049,15.3938,13.681217,13.317455,13.357815,14.496117,14.76109,14.405531,13.002659,13.500627,14.736594,13.630708,15.389147,16.28716,15.821047,15.739166,16.597769,15.851931,15.709124
25.295725,24.27082,22.832798,23.381529,24.137823,23.133944,24.02199,24.26864,24.391954,23.711924,24.546898,24.918058,24.117369,23.653515,24.389366,23.431356,24.205011,24.294315,24.469627,24.915834,23.966179,24.129725,24.852924,24.285128,24.151121,23.31046,23.869541,23.942545,24.799921,25.007423,24.248558,23.695478,23.058064,23.068546,23.258318,22.970955,23.567627,23.346113,23.731432,23.026783,23.768717,24.265366,23.416134,22.998169,23.687,23.025757,23.519476,23.568722,23.554985,23.931772,23.237703,23.74051,23.79589,23.626442,23.677217,22.87275,23.186682,23.493227,23.964235,23.94503,23.461668,22.6052,22.482374,22.713873,22.915829,22.451624,22.980278,22.657038,23.105497,22.880375,22.97853,23.242117,23.268198,23.104313,23.30988,23.325722,23.117395,23.188957,23.167835,23.703424,23.219654,23.241322,23.678413,23.40019,23.366661,22.58072,23.020212,23.36501,23.634207,23.570028,23.352636,22.785,23.095783,23.114447,22.908556,22.780676,22.857681,22.760218,23.248755,22.815483
24.39669,24.599836,24.962536,24.406128,24.125816,24.248938,24.385366,23.791126,24.118454,23.839783,24.23877,23.233152,24.087664,24.505922,25.313923,24.244184,24.108562,23.972206,24.4764,24.794176,24.180172,24.418398,24.863668,24.30991,24.706898,24.566957,24.531935,24.295578,24.27985,23.793524,24.391188,24.594145,24.87291,24.097504,23.838402,24.046669,23.874117,23.59517,23.860983,23.56894,23.754467,23.355112,23.889128,24.039118,25.410715,23.437012,23.855904,23.619972,23.724556,23.884348,23.955261,24.065586,24.136286,23.766619,24.141973,23.98118,23.845705,23.919409,23.914564,23.24542,23.837877,23.749977,24.032228,23.59323,23.615294,23.767332,23.545801,23.259703,23.643177,23.231264,23.696226,23.234867,23.923285,24.025867,24.788631,23.736727,23.789312,23.547262,23.837425,23.820656,23.945263,23.865274,23.962866,24.030499,24.009726,23.679382,23.52602,23.72576,23.766315,23.389349,23.842983,23.97851,24.321396,23.949604,23.718,23.747753,23.8061,23.547316,23.936487,23.668049
11.0915,11.902636,11.917044,13.597403,16.350021,12.921857,11.381246,13.841977,12.9193945,15.142175,15.946255,14.392984,15.610969,13.033829,13.560991,16.541996,15.179259,15.488665,15.821094,16.491001,15.985425,15.080154,16.190067,12.671654,12.601175,13.376297,14.654543,15.07101,15.741816,13.937279,13.346927,13.354547,13.83585,15.171433,16.499344,14.752726,14.296542,16.130495,14.450154,15.452272,16.308657,15.71955,16.88131,14.472748,14.7280245,16.54457,16.72803,16.338274,16.40752,16.854061,17.296999,16.049849,16.801641,15.225565,14.138628,16.106268,15.325104,16.01373,16.4132,15.513216,14.199487,14.196813,14.469925,15.252231,16.506792,16.295483,14.447564,15.896712,14.982997,15.618492,16.396223,16.660349,17.224981,15.362899,17.357426,18.000961,16.815357,16.17155,16.320787,16.52985,16.355303,16.313358,16.849474,15.156468,14.948251,15.268524,15.793884,15.730028,16.00057,14.494217,14.892908,15.453835,15.387475,16.672472,17.848944,16.805977,16.659443,17.568666,16.57442,16.53961
14.9646225,16.521088,16.118572,16.170912,14.533576,16.301958,17.58266,17.303602,17.48914,15.868924,17.144243,17.460503,17.435274,16.649193,15.781465,15.053173,17.354574,18.03708,15.141084,14.473465,16.675894,16.286764,14.694615,15.005444,16.529211,15.524366,14.3654995,15.205691,17.354668,16.923433,16.915861,17.755606,17.703173,17.063889,16.17632,17.781519,18.241205,18.181084,17.946774,16.646412,17.476055,18.153212,18.158031,17.253832,16.349737,15.567346,17.80524,17.956488,15.612604,15.357324,17.221592,16.861944,15.958743,16.003529,16.74902,16.57941,15.328369,16.238323,18.119219,17.374973,17.039637,17.11959,17.462664,17.141556,16.652826,17.254383,17.397043,17.74385,17.490297,16.714544,17.36417,17.793562,17.809982,17.371845,16.999151,16.659813,17.876852,17.697777,16.22419,16.04195,17.237928,17.130547,16.714554,16.674976,17.268839,16.454233,16.367874,16.596876,17.47462,17.344141,17.852953,17.786564,18.11691,18.759317,18.492542,18.427677,18.52689,18.747456,18.536787,18.746014
13.492379,14.256815,15.720938,16.0462,14.121133,15.733869,16.841005,14.855799,16.248917,15.426092,12.592084,12.529244,14.016063,14.862161,16.115307,14.007772,15.456389,15.815,16.32439,16.256643,13.781957,15.44488,15.501489,14.362209,13.942019,14.996995,14.373712,14.967704,13.339278,13.156953,13.735404,15.043769,16.491785,16.04688,14.402897,15.896103,16.644308,15.391373,16.373219,15.131996,13.192966,13.171465,14.7592945,15.034305,15.775068,14.166345,15.325695,15.616457,15.603422,15.937175,14.483535,15.69369,15.364219,14.529236,13.861613,14.629011,14.235223,15.258497,14.116142,13.580176,13.549517,14.232823,15.280533,14.661361,14.624847,15.391285,15.462279,15.070763,15.120897,14.1483135,13.65501,14.055488,14.899628,15.333315,15.439266,14.555446,14.954313,14.95394,14.532346,14.721008,13.950782,14.618292,14.873071,14.513213,14.149936,14.142444,13.922211,14.636664,13.634225,13.998747,13.982501,14.154121,14.855006,15.113176,14.227162,14.441761,15.29463,14.780593,15.116124,14.878459
12.251295,15.002945,15.276023,12.0514765,13.192135,15.768096,16.735798,12.00658,12.233807,14.670326,12.804743,12.635655,13.710804,12.638702,12.87645,13.368842,15.398966,17.390833,17.605404,17.930368,17.394424,18.162981,13.734545,14.762542,17.047655,15.997646,16.275497,17.414839,18.448132,19.290915,18.83491,18.50191,18.419592,16.788073,16.924923,17.346945,18.005638,14.915076,14.786699,16.498486,14.791203,16.800688,18.57629,17.189705,16.154556,15.635689,17.121298,17.362198,17.649948,17.527327,18.782965,18.61838,14.859049,15.16055,17.016037,15.512312,14.841706,17.26652,17.715012,18.034742,17.81465,16.72398,16.054214,16.236847,17.850538,17.587952,16.638586,16.836016,16.439104,18.720333,17.608385,18.116661,18.726643,18.430548,17.53526,17.828032,18.964052,17.914818,17.958744,17.976662,17.216314,17.451117,16.706139,15.777409,16.823572,15.886225,14.046511,15.285192,14.251212,15.16155,16.971025,15.691512,16.235353,16.513498,16.887835,15.700323,16.230505,14.680464,14.284308,13.820101
25.981222,22.228333,22.775467,24.041883,23.319569,24.278849,24.48718,23.070608,22.123306,22.479431,23.979246,25.01804,25.813217,26.69887,27.461544,25.700323,26.101816,24.7671,23.246565,23.190134,23.522673,25.004812,25.452215,26.587954,26.892427,27.142553,26.776081,26.513876,26.64956,26.862959,26.818377,24.178335,24.454033,25.594645,25.333868,25.904118,25.766829,24.696545,25.037363,24.472338,25.652216,26.567232,27.210373,27.55951,27.669716,26.650229,26.967798,26.444044,24.913372,25.317173,25.321533,26.287647,27.046217,27.417953,27.521252,27.29351,27.820053,27.537966,27.030735,27.479914,26.977568,25.745872,26.00536,26.53896,26.351631,26.749826,26.796597,26.292276,26.05264,26.232244,26.711353,27.48466,27.993696,28.531618,28.419685,27.841763,28.164274,27.810783,26.787617,26.8441,26.944979,27.152527,27.698503,28.40824,28.564783,28.517023,28.461023,28.40538,28.309902,28.106764,28.291443,26.550846,27.257109,28.156507,27.884884,28.007345,28.184158,27.5165,27.38898,27.52707
27.462542,27.548231,26.572218,26.343212,25.33304,26.841106,28.061203,27.52161,28.770702,28.09147,27.442148,28.718649,28.295252,26.797815,28.420822,29.249512,26.978722,27.928524,27.901918,28.927322,28.774729,28.741852,29.644775,28.008995,27.930723,27.898958,28.356169,29.013031,28.498627,28.299599,27.348999,27.596489,27.060389,27.16683,26.05888,27.30141,28.097357,27.560396,28.603449,28.115637,27.649384,28.584538,28.136942,27.015705,28.146555,28.737427,27.348244,28.022831,27.638887,28.22941,28.478754,28.501022,28.927206,28.364368,28.11306,27.77705,28.097761,28.524258,28.078827,28.174297,27.556501,27.444891,26.907047,26.90398,26.65897,27.17683,27.679329,27.278414,27.791235,27.970055,27.346617,27.935354,28.104677,27.37638,28.09768,28.311378,27.640223,27.984722,27.653418,28.16103,28.406555,28.128826,28.32597,28.517561,28.243626,27.930468,28.165337,28.34673,28.116768,28.109644,27.979794,27.772085,27.812078,28.007011,27.517843,27.51764,28.05984,27.858185,28.262331,28.161587
22.020432,22.516844,21.401386,21.881582,21.76311,21.282873,21.041382,21.594902,22.259144,21.480896,21.60037,17.913248,20.433311,21.340042,21.29902,21.788239,22.016533,21.584675,22.282688,21.973679,21.700117,22.107462,22.775839,22.397346,22.271395,22.295898,22.885693,21.955671,21.666946,22.259317,22.121962,23.077667,22.078255,22.585428,22.60506,22.147808,21.79817,22.361666,22.959139,22.210585,22.330973,20.538635,21.588802,21.995699,22.092255,22.435175,22.740944,22.387905,22.648396,22.209047,22.30967,22.48651,22.996847,23.043886,22.885141,22.925024,23.26152,22.806528,22.388237,22.944939,22.864498,23.267536,22.959394,22.956266,22.911913,23.032099,22.781694,22.836744,23.210884,22.999697,23.211245,21.76057,22.208412,23.198614,23.190989,23.532768,23.464092,23.03858,23.306623,23.106686,23.379335,23.331045,23.660078,23.64442,23.76305,23.76716,24.088327,23.516693,23.281021,23.656096,23.517916,23.951595,23.699152,24.157146,23.818615,23.79228,23.655216,23.85865,24.041077,24.03212
23.836184,23.486282,23.22715,20.965788,21.498428,22.260801,21.104177,22.62655,23.313005,22.080378,19.909079,21.544426,22.673868,23.663906,21.657896,22.258091,20.754095,21.770042,23.56438,24.049774,21.832464,22.53979,22.222647,23.02055,22.16862,21.642561,21.815306,23.807493,22.948198,23.475677,23.33011,23.377144,23.004904,21.142273,21.415365,21.915798,21.108704,22.024677,22.282974,21.367842,20.0061,21.606236,21.906975,22.701406,21.321835,21.758694,20.68838,21.210686,22.337255,22.489243,21.230633,21.7425,21.444725,21.906551,21.821232,21.22336,21.156801,22.704802,22.31148,22.488308,22.511038,22.20237,21.954811,20.871838,21.39176,21.492641,21.189207,21.71483,21.863056,21.72325,20.835241,21.437847,21.79036,22.593311,21.714762,21.929688,21.199972,21.586002,22.113873,22.792976,21.69362,21.927029,22.098156,22.225725,21.532822,21.478342,21.383986,22.688698,22.293015,22.256523,22.353825,22.26717,21.792961,21.599308,21.648277,21.478674,21.409311,21.847216,21.955582,21.3641
22.393154,18.845282,20.535122,21.20203,20.798456,21.547438,18.441881,16.97515,19.088001,21.237707,20.50545,20.509218,20.593544,22.147661,26.731873,22.315207,21.46695,21.955065,22.2818,23.687733,20.984154,21.765076,22.0094,21.821396,22.470457,34.661037,23.06568,23.896656,24.23121,26.724178,24.767994,23.37783,24.796417,25.940847,24.978394,25.673206,23.71244,22.802473,23.290987,25.016455,25.342121,26.003698,25.463873,25.112637,30.14181,25.151016,25.622334,25.677189,25.283587,26.879234,22.407076,24.561886,25.714687,25.884634,26.25766,37.180435,26.019741,26.75468,26.09558,29.107365,27.918327,26.726618,28.153036,28.877459,28.235363,29.065357,28.393515,26.958431,26.888098,28.324331,28.532248,28.693487,28.986584,29.809137,32.27838,29.263287,28.793343,29.555159,29.330887,30.130598,25.71904,28.242052,29.173018,29.655256,29.484463,38.54702,30.388937,29.878801,30.684269,32.466137,31.469446,30.077568,31.62117,32.91461,31.863392,32.43153,30.949697,30.539175,29.882914,31.042255
8.6693735,8.691777,9.615512,10.6883335,10.200752,9.696572,9.847802,9.51237,9.9770775,9.251117,8.734961,8.920197,9.991398,9.433444,8.201089,8.673763,10.395972,10.628305,10.312014,9.10256,8.678853,9.412448,11.48736,10.180889,10.377159,9.622797,8.4887495,10.385582,11.732053,10.373505,10.81472,10.476831,12.058445,12.142947,11.941475,11.618649,11.678568,11.923678,11.025816,10.435265,10.324486,10.76181,11.540623,10.751655,10.272807,10.097149,11.269031,11.177366,11.10159,10.822221,10.513573,10.92339,11.749779,12.2888,12.051665,12.020742,10.135451,11.293848,11.912099,11.523522,11.172733,11.194943,11.356136,12.370577,13.070651,12.83377,11.689876,12.176869,12.2067795,11.275091,11.870081,12.357279,13.172198,12.577755,11.862305,12.074783,12.488904,12.227331,12.642714,11.9973955,11.459069,12.099033,13.488162,13.434522,12.867782,12.216229,11.240216,11.877546,12.519585,12.137535,12.316291,12.394893,12.761908,13.648807,14.031423,13.692632,13.839306,13.95306,13.487383,13.475548
25.786394,26.296642,25.227818,25.732824,25.985184,25.422636,26.303925,25.473824,26.024042,25.974327,26.13878,25.41951,26.123028,26.014544,26.156649,26.183895,26.660154,24.770147,26.560276,26.16171,25.342611,25.70059,25.681335,25.48621,26.184368,25.551025,26.406336,25.973404,25.631203,24.861778,25.81478,26.489468,25.880436,26.144478,26.024889,25.930794,26.415873,25.511616,26.067265,26.111427,26.009043,25.890375,26.480343,25.97753,26.054987,26.22093,26.604565,25.23907,26.247437,26.072361,25.681814,26.00095,25.854803,25.915203,26.184738,25.704405,26.1918,26.205791,26.010574,25.39815,25.851692,26.177267,25.787815,26.117237,26.012918,26.135921,26.154495,25.570948,26.014746,25.93009,26.066036,26.1459,26.594263,26.37087,26.42349,26.440796,26.679306,25.73102,26.273535,26.526121,26.480532,26.406944,26.295507,26.482138,26.51533,25.90909,26.460766,26.40982,26.214436,25.782665,26.342741,26.562433,26.709785,26.95458,26.757372,26.734825,26.91687,26.667974,26.854649,26.829414
18.509092,19.143505,20.87902,20.972181,18.55442,17.982277,17.391779,13.268147,15.296525,17.70476,18.297276,18.248241,18.210222,19.581419,21.386002,19.009012,18.966995,18.267717,18.020233,18.29553,19.045168,14.670489,20.583029,21.217913,18.32265,18.285248,18.787216,18.769455,19.88999,21.5372,22.046688,21.72881,23.65951,23.857283,21.132324,21.11655,20.371109,17.620825,19.179258,20.34962,21.262383,21.361454,21.55813,22.024939,21.90731,21.523647,21.233929,20.495066,19.75959,20.10408,20.752737,16.941189,20.636427,22.4246,21.037834,19.893223,20.427256,20.729685,21.795876,21.2077,22.946274,22.062073,23.35171,23.604843,23.267008,22.755266,22.999222,21.849998,21.19761,22.93569,23.208696,23.450369,23.701902,24.367376,23.385887,23.755272,23.556847,23.263256,23.054722,22.826061,23.511217,21.717749,24.078327,24.883755,22.769901,22.725843,22.991707,22.931564,23.907322,24.242346,25.500402,25.10289,25.506592,26.359566,25.942696,26.06508,25.934635,24.499634,24.393442,25.440308
15.77747,15.46558,14.1532135,15.541326,15.316662,13.209511,14.8614,17.234531,16.866003,16.039127,14.578817,14.797338,16.323195,17.457943,17.588818,16.959797,17.471996,16.335114,16.153944,16.438421,16.506554,16.780394,16.823324,17.943832,19.491936,18.464064,24.190006,22.31236,22.72687,19.876095,19.550697,17.349365,17.787655,18.295513,17.82533,17.053425,17.368834,19.166613,19.072933,18.692356,17.834269,18.12914,19.694105,19.92909,19.717073,19.708344,19.601574,19.229877,18.672964,18.448261,18.27067,18.309114,18.6553,19.377897,20.693419,19.580008,23.945538,23.096884,23.906504,22.282906,21.043428,19.889687,20.118551,20.2775,20.430557,20.846989,20.579723,21.369543,21.919006,21.647144,21.349298,21.168287,22.832169,23.15154,22.081621,22.798864,22.560658,22.44834,22.077309,21.93191,22.0725,22.581366,22.6932,22.947605,23.543364,22.55471,25.115189,24.926682,25.507988,24.470623,24.053373,23.065521,23.027958,23.66074,23.628305,23.263979,24.127195,24.689873,25.16836,24.903385
6.3379393,5.3696823,5.5385084,6.214774,7.874076,9.658512,8.178543,7.8956923,7.939927,8.185548,7.4979835,7.475664,8.273564,6.909496,6.5693016,7.272569,7.8402586,7.3329916,9.370104,7.725814,7.4458704,9.599562,8.870312,8.510051,9.004149,11.317077,10.31916,10.337963,10.890394,11.054784,9.20665,9.488574,10.669594,10.044493,9.232805,12.442942,11.877236,11.580536,10.339469,9.844979,10.762725,10.461326,10.839521,9.934714,9.254551,9.034087,9.538599,9.619061,10.714786,9.311004,9.522983,10.94755,10.832162,11.334655,11.165674,12.3101015,11.327439,11.57188,11.986739,12.176471,10.931667,11.158398,11.144568,11.430601,11.610094,12.991087,12.482205,12.511529,11.357323,11.202164,11.887114,12.8810835,13.447573,12.900684,12.048941,12.1497555,12.087692,11.761347,12.626873,12.14006,11.855303,12.382698,12.958549,12.145622,11.142041,12.333967,11.935655,12.080362,12.508036,12.401915,12.97508,13.149171,12.917366,13.3670225,13.170037,13.680145,14.711459,14.006874,13.608484,12.819807
9.682251,8.994635,9.651425,9.72826,9.371127,8.748351,10.5900345,0.6139331,9.025836,9.684822,8.967468,9.591138,9.123327,9.688901,9.927598,12.322563,13.384386,13.3707695,14.070806,14.470673,14.795253,14.457393,14.321384,11.958394,12.1062565,11.330981,12.81899,13.120833,13.544182,14.788556,12.211037,12.00496,12.632064,11.952105,11.07003,11.875704,12.131037,5.01033,10.2648325,11.424322,11.047831,10.716919,13.02022,11.350191,11.203091,12.347633,12.348738,11.828268,13.86398,13.336893,13.292911,13.734776,12.538408,13.643665,12.697377,13.515934,11.425783,13.715427,12.944569,14.122753,12.871082,12.016729,11.752351,12.535564,12.568025,12.702777,12.3491955,8.111029,12.198444,11.481846,12.705301,12.863112,13.643003,12.864668,13.293623,13.400779,14.483822,13.284517,14.07349,13.353843,13.187826,14.469678,13.664028,13.762374,13.525536,12.704226,12.504407,13.7157345,13.015912,13.351359,13.371494,13.044022,12.664423,13.5903015,13.680803,12.995508,13.922503,10.813824,12.37929,12.982559
24.496399,25.19755,24.96891,25.573982,24.9027,25.545189,26.83607,26.043652,26.303862,26.878927,26.247776,26.050589,24.381151,24.802097,26.41642,26.850735,26.988764,28.096237,28.576492,28.388702,28.189627,28.244837,28.181944,26.883568,27.138721,27.707561,27.719158,25.996727,26.027422,25.691898,25.770412,27.077229,27.129448,28.22386,26.603043,26.491444,28.169329,27.330555,27.863861,27.781878,27.159948,27.046614,26.361572,26.607233,27.427494,27.561432,27.258352,27.208439,28.11373,28.266743,28.07926,28.497576,27.588411,28.067661,27.686954,27.847612,27.893179,26.900879,26.431812,26.995169,26.373724,26.791983,27.671991,28.224995,27.825401,27.774727,28.600746,29.004372,28.893549,29.38489,28.635538,28.992401,28.343065,28.092577,29.339046,29.868893,30.06608,30.44212,30.471424,30.22807,29.86405,29.774845,29.47571,30.48303,29.969906,30.07999,30.26042,28.328228,27.966475,28.19149,27.7802,29.217768,29.868359,30.735233,30.05059,30.136383,31.20522,31.669006,31.45235,31.716822
-7.339929,-7.2933755,5.444097,6.9904265,-0.40098286,5.9439435,8.882721,10.07549,10.262827,11.402905,12.3600645,9.5864315,9.08679,8.037998,8.901126,9.527545,9.950732,8.280502,8.286749,7.8901787,8.424702,9.130256,8.507638,7.933022,11.259096,10.418624,9.878364,9.480916,10.6619,11.192537,-3.9492137,-0.7940886,11.190578,10.130522,5.5995474,9.246029,12.381815,13.7306385,11.517992,11.958925,13.761353,11.887437,11.88008,10.804259,11.1979265,10.973582,10.811529,9.666098,9.634932,10.586651,10.721184,10.378452,10.1585865,11.236684,13.025578,12.695953,11.678432,10.766528,12.050799,12.399666,0.661361,4.4259243,11.602293,11.481261,9.864716,11.747614,12.540019,13.416603,12.472866,12.445698,13.933354,14.148454,14.152992,13.45342,13.2863,13.254012,12.552467,12.417515,12.273382,12.512648,12.425161,12.620939,12.806822,12.764074,13.89998,13.112693,12.013342,11.489686,12.544479,12.785405,4.950371,7.462409,12.4569435,13.30869,12.519527,12.62547,13.972528,14.568724,14.250433,12.564482
27.842043,26.498184,26.860659,27.592003,27.637455,26.967009,27.789154,25.410946,23.61723,26.24582,26.47622,25.25207,27.237507,26.33852,26.829124,26.780561,27.544224,28.02643,28.313848,26.813143,26.94339,27.627136,27.30511,27.816233,27.960484,26.590128,27.842026,27.695894,27.937197,27.4443,27.20256,26.448364,27.32491,27.83281,27.519617,26.835913,27.269056,25.356663,24.944868,26.216656,26.197355,25.35833,27.051586,26.031507,26.258743,26.306772,26.793142,27.513273,27.618534,26.268696,26.492928,27.06883,26.540216,26.700161,27.379063,26.51466,26.902554,26.81302,27.103645,26.808353,26.965343,26.2928,26.483881,26.84962,26.884085,26.546272,26.66432,25.695171,25.1545,26.063917,26.317736,25.858326,26.714071,26.261316,26.581257,26.68441,26.95735,27.329615,27.350332,26.368805,26.75007,26.914888,26.58872,27.198923,27.000528,26.406883,26.663197,26.700594,27.006779,26.713999,26.50538,26.417336,26.540075,27.027308,26.651213,26.412485,26.435898,25.774958,24.973343,25.897324
19.60626,21.494457,23.30601,20.92886,21.74155,23.462904,23.173975,23.27766,22.823904,22.631336,23.468431,23.055761,22.934828,24.198618,23.936068,22.249376,23.026634,24.354116,22.387455,17.264563,20.656116,22.417934,23.164764,22.80418,22.250824,23.258173,18.030205,23.307936,24.970846,15.668382,22.064299,24.007076,25.492388,24.188494,23.028194,24.543379,23.955973,24.23532,24.377502,23.667885,24.204557,24.893042,23.784618,24.666235,23.948467,23.330484,23.81355,23.393309,21.660929,18.850784,21.575844,22.67097,23.227272,23.053009,22.957891,22.050694,18.269892,21.790459,21.683762,18.308193,22.9311,22.199509,23.414005,23.567427,23.475458,23.008848,23.441174,24.212555,24.351313,24.315086,24.277348,24.673132,23.11937,23.940235,23.957195,22.815887,23.495312,23.917034,23.256292,22.147528,22.440912,22.160091,22.974518,23.329384,23.338829,22.616243,20.36649,22.125992,22.5875,20.487488,23.191021,24.207901,24.314138,24.349958,24.28742,24.68013,24.25804,24.469557,24.043125,23.685543
16.59366,15.5350485,16.255938,15.829375,15.571307,14.698422,15.484498,17.166609,18.005442,15.692959,15.717609,17.647253,18.226576,17.667376,18.031633,17.325548,17.108591,17.153002,17.297012,17.898857,19.01485,19.57349,18.843775,19.221138,19.683098,19.269234,19.4873,21.66682,20.874111,19.639591,17.914751,17.720116,18.418148,18.048683,17.730083,17.578787,17.404772,18.534191,19.467447,17.718157,17.737495,19.309935,19.775501,19.362316,19.560253,18.488766,18.249142,18.219374,18.363922,18.468578,19.273249,19.943943,19.908043,20.188108,20.195774,19.40726,19.930689,21.31608,21.12278,20.578861,19.523735,18.931803,19.37785,19.508907,19.328455,19.365623,19.732153,20.573425,21.090837,20.172035,20.262104,20.78659,21.66418,21.66082,21.90665,21.470825,20.80116,20.653566,20.706062,21.346802,22.064022,22.554358,22.153734,22.348036,22.472225,22.275204,22.276865,22.71256,23.129398,22.84949,22.099403,21.575079,21.960882,21.912737,21.988167,21.907555,22.644016,22.928808,23.207237,22.40123
23.570822,23.58894,23.691381,23.874395,23.751516,23.263626,23.36807,22.525679,23.12243,23.515911,23.372965,22.632181,23.454844,22.671694,22.727705,22.996033,22.475014,23.553368,22.681875,23.717897,23.24034,23.520416,22.906424,23.731838,24.623241,22.67304,23.53126,23.300425,23.140041,23.809435,23.24682,23.505924,23.472092,23.39445,23.16014,22.953737,22.857311,22.243326,22.819681,22.99007,22.880947,22.481535,23.02008,22.18668,22.463621,22.661701,22.372414,23.094385,22.417513,22.977924,22.801125,22.959156,22.502552,23.073101,23.742178,22.424147,22.860332,22.967089,22.827894,23.023153,22.848139,22.691523,22.796818,22.785465,22.848143,22.846748,22.779032,22.14723,22.547916,22.849064,22.689827,22.417513,22.976614,22.648722,22.554579,22.865976,22.5062,22.793154,22.40588,22.96719,23.025354,22.871473,22.846304,23.182379,23.258799,22.512615,22.815535,22.949026,22.796926,23.059864,22.939342,23.040724,22.966768,23.070414,22.94129,22.7851,22.748209,22.351831,22.864809,22.773352
22.360748,24.32649,24.613111,22.119635,23.712828,24.896816,18.315346,22.225876,25.227287,22.509487,23.474314,23.07948,21.602407,21.321312,19.138233,20.329485,23.179525,23.891924,20.128603,20.616837,23.078297,19.286737,21.693834,22.595991,22.109547,22.734629,23.790066,24.58331,24.447575,21.179611,23.099798,24.398968,24.530859,22.122272,23.884487,24.502653,19.308784,22.471035,24.54793,21.808798,23.281105,23.183163,21.478872,20.73354,19.089113,20.464664,22.749367,23.14405,20.061253,20.226484,21.78564,19.260828,21.300417,22.317387,21.956038,22.382948,22.711472,23.629974,23.954594,20.898476,22.202145,23.770023,23.477482,22.099995,23.217953,23.679682,20.582157,22.277735,23.814318,22.44372,23.490652,22.984734,21.596874,21.372852,20.661625,20.932268,22.683336,23.227573,21.364838,20.561749,23.210108,20.495918,21.35675,22.531916,21.867615,22.074076,22.87448,23.190393,23.894245,21.117659,22.417456,23.497864,22.94922,22.1431,22.749557,22.824926,20.352818,21.978977,23.625074,21.934898
28.930178,28.455336,28.476948,28.899786,28.954319,29.148647,29.108175,29.25182,29.113916,29.07648,28.205833,28.900593,29.145334,28.16347,28.723356,29.215662,29.208965,29.238703,29.297024,29.397797,28.706863,28.905937,29.224596,29.234343,29.228556,28.734472,29.12055,29.151056,29.32008,29.049534,29.178753,29.061476,29.142815,29.535599,29.274857,29.552671,29.307217,29.318012,29.180723,29.347733,28.488472,29.098341,29.41142,28.488613,28.813053,29.281448,29.358435,29.512447,29.243551,29.28567,28.8858,29.19927,29.32736,29.585602,29.472328,28.938087,29.0428,29.01051,29.266935,29.409082,29.315516,29.233675,29.023052,29.224628,29.326523,29.571218,29.327948,29.157412,29.21064,29.339325,28.694693,29.195873,29.600264,28.894226,29.50744,29.605984,29.76166,29.83625,29.584192,29.716587,29.400253,29.448671,29.681356,29.882143,29.678867,29.57387,29.630123,29.421352,29.583458,29.599104,29.764875,29.871754,29.879482,30.006927,29.982374,29.769867,29.91842,29.783352,29.93137,29.885292
10.121155,9.688909,10.062392,10.586603,11.586987,10.952028,12.3371105,10.661722,7.4743004,9.894199,11.835556,10.647219,10.81818,11.176545,15.948983,13.404599,14.147013,15.537567,16.97477,13.17716,10.775215,12.119185,15.400784,12.309193,12.370636,12.464664,10.4288845,10.725081,13.5286,14.582065,12.896802,13.114062,14.323993,14.939568,13.096207,12.800004,14.158818,13.732743,14.179373,12.416223,14.216885,13.73766,14.077375,15.997532,17.282927,15.424508,14.878145,16.07782,15.736256,13.484255,13.922085,14.1282625,14.184413,13.67451,13.262052,13.810435,13.85438,14.295446,14.989841,14.87227,13.563263,13.3295765,12.948294,14.2428,14.671178,14.324093,14.034671,14.611316,14.216415,14.61829,15.726495,15.603761,15.263487,16.345926,17.332563,17.214018,15.544376,15.46088,16.29797,14.735756,14.103288,14.153548,14.587492,14.028499,13.673403,13.751946,12.366663,12.098733,12.841593,14.64055,14.783282,14.257807,14.258876,15.990947,15.301737,14.958643,15.779422,16.359642,14.961487,14.1694
11.41065,13.553928,12.208455,12.6084385,12.175436,13.183958,14.812254,12.764769,12.303784,13.431741,12.327167,12.089752,13.962951,14.833537,14.856123,14.058354,15.056918,15.872536,15.706035,15.2397785,14.326008,14.082234,13.32959,13.984894,15.129662,14.058875,13.964914,16.110525,16.13296,15.835515,15.057682,15.909958,15.001237,15.024667,13.765975,14.896598,15.924364,14.897321,13.57931,14.027799,13.800885,14.267742,15.48186,15.959827,15.758824,14.003144,14.337392,15.187817,16.035074,15.277069,14.959629,14.389782,14.729668,15.453671,15.795887,15.145054,14.405482,16.81143,15.870566,16.97706,15.135302,15.198567,14.7836895,15.349007,15.502193,16.123442,16.044447,15.0950365,14.628951,15.141054,15.533395,15.924538,16.818287,16.997307,16.775568,16.1641,15.979345,15.840215,16.341267,15.811944,16.006542,15.456496,15.770759,16.06383,16.4988,15.21424,15.281902,16.491264,16.401855,16.736052,16.72526,16.830576,16.384464,16.897326,16.856852,17.423225,17.699072,16.266945,15.834287,15.9882
16.791914,15.155722,14.082147,12.878094,11.731784,12.810788,14.685948,16.860052,17.645172,18.105293,17.766409,17.634403,17.02333,15.00203,16.641722,15.437929,14.516162,15.475738,16.846014,14.1301775,11.516869,12.684762,15.308844,13.42455,14.120654,16.164036,19.055529,17.253647,14.080004,14.836013,17.529856,15.01361,14.6287,13.8238125,14.013628,13.230676,14.715991,16.375042,16.760958,16.761707,17.246382,16.985828,16.69146,14.55272,15.92929,15.134123,14.025131,14.747295,15.815902,14.247674,12.829613,13.305325,14.995733,13.63591,13.962698,15.688665,16.01339,15.687889,14.113756,13.635793,14.789508,13.818111,13.699329,12.962786,12.708578,13.4656315,13.867389,14.772919,14.287638,14.696775,15.077842,14.922311,14.515287,14.097345,14.32233,13.867402,12.874457,13.212548,13.8797455,12.784502,12.504646,12.220407,13.785142,12.768115,13.107963,14.498537,15.436956,14.581012,12.464033,13.104836,13.718665,12.742717,12.915939,12.657644,12.881674,12.775775,13.556934,14.32232,14.420487,14.156043
18.518152,18.705662,17.880127,17.477364,16.951418,17.079912,17.417238,17.85218,18.991905,19.317991,19.760485,19.568134,20.7117,20.80487,20.95185,21.123201,20.83955,20.759705,21.103966,20.731426,20.458715,20.37875,19.827333,18.946405,19.289,19.239779,19.208475,19.669771,20.59069,18.883717,19.58749,20.307575,19.596176,19.321377,18.656136,18.697563,18.597467,18.719664,19.541216,20.250572,20.549494,19.893213,20.639803,21.092213,21.319656,20.797243,20.68418,21.269646,20.959831,20.316366,20.180935,20.064783,19.822622,19.448584,19.6237,19.395031,18.908363,19.606928,20.585896,19.415825,19.694107,20.162445,19.735004,19.635317,19.390879,19.595913,19.59103,19.87724,20.455767,20.64418,21.011656,20.927004,21.72856,22.044281,21.883995,21.70808,21.491844,21.591019,21.663546,21.454857,21.495256,21.402586,21.138466,20.905615,20.958103,20.759626,20.440243,20.650227,21.432535,20.821075,21.167253,21.643757,21.424934,22.09593,21.737185,21.409489,21.56875,21.867977,22.468035,22.869848
28.458433,28.225138,28.894316,29.447987,28.277481,28.655308,28.760275,28.313534,28.236246,27.980509,28.854574,28.977737,29.25512,28.80034,28.259869,28.656897,27.850998,28.008602,27.611948,27.389938,27.974102,27.89418,28.559408,27.635159,28.23143,27.754084,27.930826,28.258852,29.809134,28.298298,28.051779,28.018528,28.98931,29.34773,28.059704,28.426426,28.207047,27.84988,27.575932,27.584276,28.217966,28.585464,28.501146,28.131996,27.578217,27.733835,27.240883,27.809183,27.479284,27.127161,27.543697,27.675148,27.90832,27.246817,27.69464,27.4803,27.064886,27.289822,27.990484,27.448318,27.707975,27.642778,27.9723,28.01051,27.668692,27.74574,27.61221,27.315874,27.278181,27.681429,28.057037,27.675875,27.637455,27.27213,27.249954,27.134768,27.195995,27.467566,26.923252,26.929035,27.172028,26.941084,27.338463,27.11761,27.010603,27.367718,27.0226,27.00887,27.643543,27.094233,27.200157,27.120375,27.290344,27.75759,27.611973,27.452005,27.339663,27.09192,27.261805,27.210629
32.154648,34.13722,33.642612,33.262844,33.665653,33.97825,33.819176,32.516552,31.910736,34.78028,34.172424,31.920639,34.164787,34.239326,34.141426,34.48115,32.429672,33.56781,34.41257,35.53344,35.26802,35.530434,32.632923,34.752163,32.219303,34.049305,35.634724,35.769703,34.523613,33.081097,35.131115,36.51565,35.583794,35.299763,35.11305,35.705666,35.051556,34.479843,33.41755,35.841736,36.371227,33.74177,35.586147,35.479115,35.486744,35.933548,34.158737,35.056087,35.64539,35.956676,36.066174,36.67552,34.613834,35.942673,34.266983,35.495453,35.619213,35.58588,35.427883,34.734287,35.98498,35.978794,35.939907,35.547855,36.321198,36.375885,35.559284,35.208073,34.374493,35.774582,36.557053,35.1166,35.971066,36.09561,36.474854,36.41318,35.333397,36.08448,36.439735,36.535732,36.2958,36.291855,35.605637,36.416004,34.708694,35.61643,37.27672,36.42506,36.411274,35.62267,36.63517,37.564423,37.31744,37.47751,37.303665,37.12723,37.22568,36.939487,36.49637,36.921577
7.6795726,6.551253,6.3951044,8.779945,10.301927,9.702601,8.808542,8.199236,8.502892,7.873628,9.002165,8.808949,8.930241,8.624505,9.738844,10.497117,10.051538,10.168013,10.107521,9.218515,8.200375,9.877257,9.607178,8.731201,9.34873,8.497567,8.051492,9.288248,10.024901,10.183838,9.531729,9.108597,9.533316,10.784259,9.954441,11.255059,10.327985,10.208282,9.535304,9.076278,10.1757765,10.08031,10.154617,10.114747,10.863378,11.047656,10.587045,10.377612,10.697092,10.268363,10.26957,10.665321,11.023369,10.9890785,10.89876,10.917542,9.723973,10.825848,11.275148,11.089712,10.335184,10.042641,10.143483,11.095616,11.654317,12.433767,11.022634,11.421581,11.075725,9.779029,11.055444,11.641468,11.856671,11.868237,11.617203,11.995425,11.434921,11.31083,11.540762,11.047967,11.075356,11.469444,11.884583,12.058069,11.6342945,11.189675,10.447701,11.06873,11.424085,11.561224,11.460315,11.202393,11.700149,12.830724,12.482412,13.098381,12.927843,13.332096,12.855333,12.823317
17.147467,17.012745,16.40895,17.012774,16.425997,17.172548,18.017382,18.342636,18.156168,18.022709,17.175879,17.471327,15.931123,15.02045,15.883972,17.805374,18.127954,16.00358,16.039085,17.037104,16.380848,16.974056,18.299871,18.886124,17.363857,16.247892,17.347347,18.799126,18.442066,18.983818,17.970675,17.70996,17.12865,17.395266,17.473606,18.159681,18.419281,18.336056,17.988617,17.866219,17.268671,17.43847,16.698387,15.551552,15.81951,17.363886,17.726746,16.058434,16.151518,17.069733,16.003222,16.221914,17.678087,17.949371,17.16512,16.026613,15.945367,16.888056,17.508816,17.552519,17.23431,16.745884,16.39072,16.02025,16.316183,17.035978,16.981462,16.381474,16.871384,16.444752,15.862919,16.481764,16.282112,15.641992,16.16048,16.712452,17.126461,16.403994,15.770408,16.202154,16.462158,16.609808,17.382614,17.734552,16.719687,16.34322,16.330204,17.047749,17.154835,17.207926,17.352253,17.022184,17.109623,16.81671,16.811672,17.269844,16.812086,16.741274,16.794039,16.648542
22.195202,19.705902,20.168053,23.644083,22.685133,23.508152,26.662672,23.425386,19.745476,20.08626,23.84938,21.325443,20.036625,19.9279,21.180143,21.339052,20.657692,19.774078,12.56722,22.836832,24.25175,23.361362,23.528952,24.401915,20.353996,19.98042,20.723328,21.007128,21.64148,24.236586,25.309372,22.260841,22.990574,25.949371,24.55891,25.86548,28.094732,24.628841,22.43348,23.57585,25.208916,24.428682,23.4856,23.179056,22.768913,23.646765,23.40542,22.306824,14.718711,22.943605,24.715485,24.09122,24.322481,24.57642,21.89858,21.845701,22.243933,23.464325,22.451405,23.482433,25.446812,24.486345,24.0713,26.585186,26.618683,26.237192,27.7834,27.02056,25.767357,25.13398,26.393555,26.317696,26.04984,25.559196,25.670115,26.221478,26.08896,25.718204,21.85156,25.721813,27.454483,26.183163,26.430618,26.470297,25.30184,24.939955,24.959366,24.76748,25.168194,25.578873,27.611082,27.238636,26.608902,28.527971,28.440676,27.61112,28.446533,28.153809,27.284357,26.084856
14.463352,14.641726,12.802008,12.35132,12.797314,15.496622,12.70357,14.822665,17.957996,16.529783,16.274082,18.306063,18.146973,15.7851715,12.752585,15.893295,18.97811,22.446762,19.445427,20.554548,28.037663,22.635466,21.988197,20.473902,16.684612,14.924223,15.507388,16.683683,16.31894,18.632208,17.360334,16.286818,15.682833,14.886859,15.513678,17.256065,15.488803,16.225525,17.136374,17.681011,17.49646,18.657803,18.961542,17.212502,14.794673,16.015938,18.61956,21.071741,18.723442,19.732964,27.09757,22.847609,21.216991,20.2563,17.525137,16.369984,15.765424,16.725592,17.04199,17.94925,17.948374,16.86433,17.270325,15.77465,16.455118,17.045385,16.790684,16.227896,18.749773,18.016092,17.92457,18.609964,19.0104,17.692764,17.246477,17.189875,18.662663,21.736649,19.99155,19.91875,25.498602,23.311329,21.20149,20.735735,19.011187,17.29209,16.659554,17.031229,17.73681,18.892118,19.08187,18.316408,17.005957,17.284546,17.453232,18.628172,17.190655,17.644213,18.707645,19.51752
9.536557,12.879849,10.232826,11.548525,13.543705,16.427586,17.260904,18.034225,17.58249,17.822573,19.478098,17.902359,17.304167,14.106915,12.696095,14.054539,17.048313,14.721651,13.608135,12.325854,12.773983,13.89134,16.027828,15.928782,16.83951,20.111574,16.473501,15.101559,15.199285,16.353857,10.110208,13.60815,12.00316,12.841242,13.7729,16.768744,17.096317,17.253553,17.385159,16.872364,17.723345,17.64587,16.756176,14.162157,13.197165,13.395838,16.193691,14.218184,13.404953,12.444899,13.198602,13.842861,15.820792,15.552063,15.944498,17.885061,14.585239,14.4095,14.168938,14.847128,10.851774,13.159267,12.836882,12.237982,13.289457,14.803041,15.177993,15.625927,14.457225,14.128283,15.584446,15.318273,14.900244,13.858738,12.69907,12.817994,14.067082,12.74118,12.29834,11.8692665,11.989356,12.742477,14.480125,14.299183,14.889425,15.722071,13.964613,13.401231,12.929773,14.144504,11.531153,11.58655,11.17856,11.946914,12.421192,13.931085,14.227821,14.017292,14.055015,13.917824
17.447691,20.383127,20.73722,19.788294,19.591455,17.597315,19.534472,19.557947,22.231882,20.464575,18.402441,17.465786,19.284494,19.72696,18.56982,21.139622,14.117964,15.497187,9.767638,13.383146,14.514611,19.831394,20.776165,22.295586,21.50617,21.76889,19.153051,20.039505,21.08456,19.966778,21.451899,22.306227,22.59263,22.119287,21.436544,19.819098,20.626556,20.77872,22.278797,21.471836,19.828922,20.03659,21.165829,21.682682,20.350887,21.850403,15.962015,17.269081,10.779957,14.745544,16.122198,19.104776,19.260227,20.147327,20.367878,20.266035,19.21203,19.425804,20.01817,19.573574,20.4961,20.46117,19.803556,21.188993,20.854576,19.408316,20.706768,21.522297,22.401083,21.790092,21.154827,20.567438,21.027233,22.21815,21.724604,22.767876,18.90527,19.328093,15.100341,18.830132,19.427816,20.193737,20.330198,21.550293,22.045498,21.054739,20.106806,20.035288,20.125208,19.9467,20.675072,21.73911,21.675154,21.986567,21.79013,21.157797,20.840021,21.992588,21.601196,21.563274
17.007744,17.701984,16.484108,15.419699,14.604958,15.857121,17.323631,18.129068,17.697073,17.199244,17.280003,19.542135,18.5686,18.616241,18.923918,18.812378,19.499084,17.929098,18.67672,19.891989,18.800892,19.912336,20.507782,19.876478,20.542295,20.529016,21.961205,21.171278,19.630373,18.792164,18.488895,20.062735,19.011272,19.423645,18.093138,17.885662,19.206707,19.073467,18.998331,18.971132,19.618837,21.599407,20.137133,20.055403,20.30066,20.00014,20.495514,18.815924,19.433939,19.852858,19.388466,19.938807,20.821413,20.62713,20.571154,20.14887,21.096682,21.87239,21.097775,19.990831,19.582611,20.369644,19.650436,19.925566,20.107828,19.737913,21.359016,20.617054,20.69224,20.993002,21.43111,22.767996,22.420963,21.998888,22.554102,22.20223,22.252604,21.429138,21.478653,22.252611,22.017462,22.38127,22.936321,22.905912,22.710318,22.675434,22.364737,23.281849,22.739258,22.46403,21.962553,22.449097,21.82058,21.795406,21.42971,21.859064,23.666365,23.283714,23.435335,23.261646
25.860153,25.22577,25.664862,26.211983,24.880783,23.740963,24.021994,25.298075,26.25367,26.74053,25.839035,24.969448,25.420643,24.6571,25.831215,25.824186,24.825218,26.010084,25.20858,24.617496,24.31008,23.780062,25.833515,26.185308,25.559278,26.16816,26.551052,27.289253,26.777176,26.785809,25.581205,25.810953,26.8294,26.625673,25.147293,24.379807,24.136955,24.913853,25.527763,25.592226,25.140465,25.201199,25.286573,24.47525,24.531376,24.317017,23.670765,24.670326,23.979002,23.44643,23.245918,23.401312,24.436605,25.52717,25.243685,25.651192,24.923107,25.389442,25.231136,26.188334,25.52677,25.39563,25.63851,25.61193,25.279133,24.743916,24.691807,24.95617,25.249655,25.272573,25.315975,25.600677,25.629753,24.890545,25.030243,25.005997,24.77487,25.04221,25.075008,24.564629,24.314936,24.09016,25.387527,25.731628,25.29379,25.198881,25.665668,26.045296,25.85555,25.998138,25.481565,25.727234,25.899048,26.062124,25.34227,25.048685,25.393085,25.334377,25.735682,25.69264
25.411161,24.421814,24.855284,25.369564,25.3976,25.506733,25.480053,25.495462,25.48088,26.03696,25.53904,25.597603,25.738499,26.150494,25.931395,25.991753,26.466482,26.692003,26.89444,26.618315,27.054764,27.29063,26.794678,26.560488,26.721405,27.021399,27.0753,26.338303,26.916779,26.596695,26.631296,26.89171,27.202412,27.382814,26.992105,27.34684,27.399576,27.31722,27.346603,27.302837,27.427944,27.675732,27.953386,27.91082,27.397314,27.385798,27.652054,27.711288,27.667997,27.595436,27.853518,28.31813,28.276545,28.290985,28.423576,28.432293,28.12685,27.853298,28.118635,28.038593,28.257479,28.117214,28.228489,28.526394,28.68734,28.785994,28.711472,28.839842,28.908821,28.686615,28.916613,29.137772,29.205317,29.160194,29.459177,29.443151,29.615946,29.654713,29.64348,29.798683,29.620651,29.258368,29.788408,29.997425,29.99511,29.907192,30.087076,29.727732,29.951988,29.840088,29.922056,30.214396,30.639076,30.73971,30.589544,30.606352,30.948586,31.010836,30.674791,30.805618
18.803772,19.044943,18.13039,17.081888,18.454384,19.63766,19.877176,19.180517,18.365952,18.42954,19.013674,18.819746,15.6452,16.718649,18.58989,18.9038,16.324512,15.534897,15.376356,17.911188,18.621792,17.930382,19.055056,17.687532,17.684132,16.199139,17.696333,19.406555,17.85881,19.346634,18.418503,19.635647,18.247137,17.160683,18.691269,19.552914,19.902548,18.857311,18.070017,17.970728,18.634335,18.42208,16.321217,17.038544,18.138233,17.866869,15.780582,15.04917,15.505896,16.99353,17.737411,17.2216,17.960657,16.655201,17.172796,15.362487,16.625202,17.776451,17.373552,17.466911,17.41158,17.521965,17.389647,16.00679,16.934097,17.840744,17.549982,17.298954,17.18527,16.964731,17.281008,17.305365,15.65412,16.770098,17.627949,17.327984,15.780268,15.994452,15.638679,16.351366,17.29468,17.525797,17.8644,16.92224,17.2403,16.008158,16.670485,17.764868,17.285372,17.656502,17.420301,17.715666,17.460981,16.17912,17.013971,17.918535,17.815742,17.171133,17.086267,16.939283
27.9344,26.956907,27.423557,28.15593,24.048347,22.184675,23.279684,25.213522,26.686157,27.328243,28.53513,27.162504,29.636053,29.379265,27.817854,27.451174,27.277256,27.848063,27.056433,26.548588,26.245707,26.254263,27.470324,28.851694,27.249565,28.469248,34.095158,31.185423,29.798988,28.901186,27.808592,28.202932,28.920992,28.843443,25.227922,24.397203,24.870028,25.630632,27.216782,27.512247,28.611723,27.141253,28.944923,28.619642,27.301289,26.616085,26.454441,26.724527,26.183954,25.476534,25.720264,25.460701,26.79767,28.370316,27.839354,27.959227,30.317068,29.56683,28.48064,29.156454,28.112041,27.945763,28.062016,28.364399,28.006433,26.94795,26.514233,26.928402,27.58864,28.171982,28.529736,27.831707,29.302711,29.613117,28.926727,28.301199,28.240225,28.725302,28.138607,28.158678,27.370932,27.07892,27.975113,29.489962,28.824413,28.744955,29.454079,30.447151,29.769535,29.661041,29.00254,29.129002,29.543682,29.65188,27.85296,27.445522,27.956072,28.735048,29.027243,29.942902
30.40957,29.920353,30.25561,30.19159,30.191227,30.424475,31.296366,30.488241,30.42209,30.757868,30.962652,31.017382,31.466639,31.319443,31.17899,29.990934,31.009773,30.531933,31.273743,31.181368,29.358547,28.73158,28.230812,29.232815,29.57534,29.926641,31.223894,31.987768,30.811573,30.773462,30.904545,30.633165,31.208593,31.019173,30.952425,31.055481,31.687244,30.703686,30.604694,31.092207,31.44347,31.55907,31.705029,31.352432,31.177607,30.465616,31.359524,31.176897,31.572113,31.097775,29.925114,29.568869,29.497234,30.186832,30.620848,30.68929,30.982346,31.572361,31.090641,31.201508,31.034336,31.02482,31.069496,30.968565,31.149574,31.080765,31.39316,30.970776,30.899412,31.226366,31.31099,31.413681,31.525864,31.257866,31.526627,30.909927,31.30032,31.741814,31.834898,31.468264,30.414341,30.294348,29.969265,30.584772,30.903767,31.237715,31.790854,32.06342,31.482466,31.287487,31.541624,31.558245,31.649473,31.878069,31.902327,31.532688,31.947172,31.729738,31.854427,31.827742
28.756317,28.624725,27.884825,28.060947,27.951262,28.424597,28.383816,28.554281,29.254072,28.957981,28.943636,28.187614,28.755928,28.82972,28.163837,28.593002,28.740917,29.027218,28.978941,28.69816,28.586441,29.014442,28.752144,28.559587,29.096363,27.671614,28.342546,29.33708,28.87939,27.872913,28.221565,28.720057,28.489498,28.51992,28.285448,28.716606,28.32021,28.37013,28.91429,28.907867,28.793808,28.351307,28.95704,28.64587,27.821804,28.338852,28.575815,28.877943,28.681889,28.307718,28.41934,28.881338,28.48622,28.5081,28.95972,28.08267,28.022863,28.507568,28.362062,28.102095,28.364529,28.44528,28.031097,28.156605,28.245062,28.6017,28.357204,28.303137,28.671295,28.688347,28.430096,28.271875,28.76513,28.501263,28.437454,28.546635,28.612978,28.923153,28.721518,28.53226,28.514986,28.614841,28.639093,28.671005,28.773535,28.29247,28.250431,28.591854,28.320837,27.993044,28.393692,28.634445,28.550116,28.771917,28.510267,28.571178,28.713486,28.573278,28.916843,28.657259
14.725719,16.382374,17.190987,16.171928,17.244545,15.7256565,14.551781,15.822464,16.271484,16.67941,17.486471,18.251007,18.260153,19.00606,17.88188,18.771168,17.746527,17.63175,18.91487,18.88084,17.528833,18.588972,19.555313,19.775843,20.019781,18.772257,21.590607,22.722467,19.007595,17.626192,17.549883,18.35399,19.557882,17.881052,19.33363,18.07959,18.707052,18.143932,17.597105,17.91499,18.46049,19.727316,19.586597,19.195412,18.879547,18.176338,17.728544,17.683517,17.862986,18.228552,17.780533,18.180681,18.901339,19.696651,19.166742,18.942522,19.655397,21.00764,19.588566,17.939177,17.201118,17.7525,19.214108,18.38386,19.152079,17.51699,17.812443,18.515017,18.448807,18.725368,19.36891,19.844316,20.12782,20.141361,19.933456,19.353378,18.840807,18.985302,19.100197,19.03881,18.808592,19.15156,19.83481,20.306072,20.484652,19.660446,19.239828,19.66439,19.383875,18.224005,18.364677,19.112144,19.706,19.805077,20.186813,18.8371,18.421225,19.03639,19.110106,19.206463
17.007137,19.099655,19.903957,21.86729,19.348003,12.222517,18.07911,21.295776,20.352404,20.582815,19.500204,19.705847,19.332901,19.063425,18.479612,15.556091,16.63203,18.496311,12.165344,16.988657,18.638784,21.233868,22.037485,21.811924,22.097904,22.082243,19.248148,19.040142,21.230965,22.107988,22.594492,22.670975,23.063734,24.059326,21.848469,17.364573,19.387712,22.185154,22.118286,22.13265,22.128149,22.110168,22.375013,21.880041,20.661646,18.54052,18.688242,19.97679,13.29415,17.660034,19.465721,20.834879,19.92641,20.07867,20.664476,21.15254,19.071983,18.671356,21.244825,20.627645,21.036503,20.353397,20.342068,21.39523,21.515545,18.901447,20.075882,21.837532,21.585686,22.141708,21.978228,21.946617,22.307869,22.34533,22.184925,22.52776,21.85892,20.806723,16.413723,20.933634,20.757786,20.675032,20.970284,21.461498,21.643929,21.676615,19.650162,19.314428,19.871624,20.181515,21.401142,21.670404,20.418037,21.996096,21.343191,18.922476,19.839733,21.596197,20.520311,18.716307
6.881011,8.558514,9.47802,10.607508,10.679841,8.869631,7.7032857,7.249145,9.374673,8.904383,10.434752,8.981169,9.202698,8.839935,7.9528904,10.133082,10.798058,10.172539,11.662113,10.72473,10.422807,10.842765,10.65779,10.672068,10.180837,10.638901,13.855977,11.324563,11.582901,10.696831,9.896037,11.226572,13.126563,13.041958,10.732015,11.149004,10.897726,10.253986,10.68663,10.229582,10.887851,10.98191,11.140603,10.951649,10.317947,11.079279,11.161807,10.923174,11.418786,11.801204,11.946861,12.052463,11.450454,12.046513,12.12252,12.4886675,12.605852,12.210481,12.789499,11.15009,10.40959,11.612658,11.475689,12.348293,12.690143,12.786728,11.330824,11.7673025,12.111785,11.262439,11.939038,12.802653,13.211914,13.083727,12.50813,13.10225,12.769798,12.200241,12.363856,12.399567,12.517253,12.73921,12.909758,13.5243025,13.28451,11.88639,12.688723,13.278531,12.833852,11.833298,12.04394,12.538875,13.37698,14.393074,13.922004,13.603252,13.259265,13.798449,13.543801,13.484503
24.59676,23.81135,24.634697,24.953993,22.565847,25.470081,25.584293,25.067719,24.521597,25.142126,25.351418,24.937147,19.181097,19.351992,22.39689,23.332266,23.23502,19.980835,20.16004,22.530724,22.744606,24.622402,25.856543,25.948162,27.290945,28.518757,26.99406,25.857565,27.435368,28.883162,24.996078,25.224228,26.176487,26.32364,24.402767,27.027239,26.946268,26.75594,26.10796,26.221088,26.619408,26.95492,23.09283,22.05115,24.2952,24.777134,25.115364,21.420816,21.378819,23.267984,24.142517,25.910248,26.740461,27.15132,28.005955,28.725132,27.086884,27.035198,27.165249,28.451418,26.272408,26.226454,26.66614,27.093311,26.1707,26.804512,27.38956,27.387714,27.286444,27.115498,27.226927,27.680067,25.904205,25.683964,26.11989,27.257412,27.430023,25.414175,25.574417,26.495556,26.35358,26.81666,27.676226,28.824112,29.268143,29.188435,28.175327,27.920956,28.502228,29.272175,27.783592,27.714968,28.192652,28.699427,27.263361,27.99889,28.83063,28.758846,28.2227,27.924822
14.572863,12.974899,13.006554,13.331668,12.716351,14.051342,14.930273,14.020424,14.900961,13.6690855,14.572304,12.955968,13.3119955,14.126147,14.983684,16.380373,16.008871,14.427753,14.646008,14.396721,13.717866,14.221742,14.517066,14.657189,14.156153,14.182999,15.888485,16.209269,16.694065,17.407646,17.073305,14.924767,15.778424,15.507832,14.567343,15.742179,16.624062,16.385002,16.289856,13.882234,14.951265,15.273523,15.562186,15.988072,15.946634,15.922149,15.633403,14.434943,14.246488,14.376567,14.309917,14.296187,14.855295,15.404317,14.708492,14.877973,15.4655695,16.015062,16.475153,16.78553,16.10212,15.213007,15.428377,15.92424,15.702157,15.740753,15.792038,16.844706,16.467232,15.362474,16.03348,16.434048,16.626482,16.898067,17.16526,17.248919,16.617197,15.795199,15.879625,15.369652,14.801558,15.874469,16.337545,16.602158,15.657619,15.177578,16.21334,16.730284,16.917482,17.360031,17.820393,16.925652,16.836275,17.342894,17.365446,17.47629,17.665611,18.24129,17.759108,16.650444
25.356365,23.116009,21.548418,21.735895,23.156548,22.882484,22.611614,22.021917,22.081028,21.456417,22.037264,22.470984,23.288599,23.510199,23.682583,23.467886,23.687155,24.23347,23.763664,23.821268,24.440187,24.540243,24.532852,25.095972,26.130482,26.28993,26.459175,26.489868,27.910852,27.930466,27.257036,26.236767,25.129827,25.52755,26.541092,26.491158,25.891802,25.696178,25.823895,25.72993,25.597925,26.552795,27.06622,27.133862,26.616316,26.071428,26.351465,26.377794,26.23868,25.873205,25.89982,26.386007,27.040665,27.124884,28.904057,28.102835,28.399157,27.221493,28.822582,28.965929,29.335566,28.77266,28.05884,28.10415,28.798897,29.595161,29.303762,29.11382,29.149847,28.621023,28.537146,29.499622,29.883322,29.873566,30.180824,29.876839,29.920498,30.109844,30.34866,30.18731,29.541658,28.98939,30.527798,31.230835,31.111717,30.741993,31.128113,30.44109,31.590246,30.96296,31.514708,31.586266,31.476023,31.959476,31.81039,32.195854,32.17837,32.136135,31.801794,31.134851
25.476925,24.144733,24.41405,24.724169,24.505428,25.028746,25.25558,24.002256,24.50483,24.042881,24.69811,24.204165,24.51951,24.109943,24.837837,24.603888,24.272066,25.393723,24.748346,24.600912,24.275288,24.17674,24.740303,24.815544,24.913095,25.071392,24.381666,24.610794,24.794111,24.52648,25.615177,24.807402,25.011942,25.272978,24.841124,25.389194,25.553982,24.58023,25.144978,24.536005,25.140944,24.85888,25.256536,24.914665,25.411125,25.141445,25.043602,25.869541,25.246582,24.913475,25.063137,24.956976,25.407671,25.55432,25.383656,25.517113,25.237577,25.547789,25.531553,25.12779,25.657349,25.392801,25.273508,25.510471,25.496494,25.910759,25.933798,25.330566,25.531065,25.292337,25.846104,25.623407,25.90816,25.995924,26.002632,26.084002,26.021156,26.311518,26.023462,25.923046,26.000525,25.648287,26.128101,26.370613,26.141132,26.11997,25.95312,26.249178,26.017159,25.930077,26.519539,26.335186,26.419695,26.667675,26.449808,26.602985,26.790182,26.445477,26.564747,26.462751
31.822247,31.049232,30.840359,31.313612,31.149862,31.311443,32.288166,30.717154,31.036812,31.773394,31.285011,30.292273,31.732296,32.66183,32.73032,34.143135,34.077137,32.96319,32.84109,33.24245,33.38314,32.102543,31.259954,31.293472,30.586279,30.426224,32.017033,32.52287,31.547487,31.515306,32.087673,32.505173,32.52587,33.066,31.784645,31.951365,32.16611,31.126005,31.284035,31.538843,31.74754,30.72997,31.392254,32.19525,32.658127,32.60753,32.45658,31.945627,31.835123,32.083324,31.927404,31.291061,30.549767,30.654488,30.784721,30.908644,30.93897,30.960909,30.784386,30.963348,31.515635,31.870737,31.664116,31.598217,32.136623,32.24671,32.24289,31.611319,31.556396,32.022396,32.205387,31.380411,31.555426,32.05871,32.89641,32.79228,32.848595,33.059147,32.57972,32.42969,32.460094,31.85976,31.577505,31.74546,31.166845,31.416492,32.28996,31.514887,31.29714,31.233395,31.48437,32.28779,32.54006,32.67835,32.66111,32.33858,32.603027,32.201202,32.1538,32.34078
6.148209,5.3142943,5.234628,7.052581,7.9795036,5.1308274,4.7048526,3.0019639,3.7870097,6.509936,2.1062856,4.369029,6.4650955,6.0000215,5.9550786,7.177031,6.1544814,5.8171186,6.482491,6.4953136,6.036051,7.961831,7.962703,5.9187984,7.8297906,5.8049245,7.2659616,7.384765,6.758644,7.0200863,7.0150123,7.9323835,8.193781,8.48364,8.125088,8.132763,7.7334504,7.7090263,8.191667,8.083108,7.605695,7.0325565,8.416036,8.04981,7.9536424,8.377479,7.642886,7.1687484,7.479636,7.8402677,8.181906,8.793661,9.154493,8.750439,9.361327,9.420676,8.344792,8.2391405,8.784488,8.645456,8.039263,9.111625,8.6010275,9.308141,9.484852,10.577554,9.113579,9.136876,8.442139,8.725133,8.941771,10.057825,10.633739,10.823345,10.02337,10.624045,9.801559,9.536156,9.934917,10.018419,10.167682,10.5060215,10.926225,11.375797,10.042572,9.850961,10.398006,10.284943,10.091518,9.790368,10.127954,10.820976,10.625416,11.577216,11.024682,12.225389,12.218172,12.436866,10.809618,11.912524
18.603466,18.315266,19.589828,19.604588,19.626143,18.911545,19.351547,18.25284,19.920269,20.46336,19.697859,18.297089,19.94108,19.46553,20.04235,21.133404,20.103706,20.86457,21.236574,19.747972,19.461735,19.771738,20.5475,20.975742,19.30029,20.284306,18.371908,20.17915,21.59458,21.029495,17.848204,18.445,20.158943,19.72211,19.40093,18.98137,19.182484,18.124903,19.559235,19.720737,19.04531,18.086323,19.581068,19.027903,19.06296,19.987717,19.041267,19.69616,19.57612,18.581022,18.560722,18.732233,19.29111,19.413774,18.20014,18.87379,17.206503,18.492008,19.54126,19.215845,16.837292,17.500906,18.206375,18.072977,18.08287,17.81365,17.875536,17.3161,17.963322,18.199615,18.169159,17.707253,18.307398,18.237389,18.544361,18.847769,18.165926,18.481583,18.48424,18.2173,18.19072,18.316805,18.714016,19.083014,17.93546,18.334637,16.979929,18.197548,18.83975,18.93528,17.115414,16.92109,17.678402,17.849361,18.086515,17.631065,17.813017,17.003794,17.741238,18.185389
23.88698,21.928755,21.853136,22.619638,21.11781,22.135103,22.860472,22.928253,23.144033,22.816828,22.327862,22.518051,22.91981,21.363363,21.818619,21.376421,22.280205,21.247757,22.191893,22.38988,22.330797,22.878227,22.44523,22.727226,22.298094,22.33054,22.261295,22.348984,22.709736,22.828953,23.197903,21.685152,21.503452,22.148296,20.86898,21.78189,22.141483,22.367468,22.557459,22.27798,21.641157,21.973793,22.607107,21.0197,21.067154,21.012323,21.888964,20.733913,21.338493,21.721739,21.487856,21.961945,21.499563,21.927282,21.56817,21.455425,21.398663,21.45786,21.903915,21.820147,22.125093,20.92508,20.898998,21.263641,20.435534,21.286695,21.428488,21.42255,21.706182,21.788668,21.131569,21.389256,22.231857,21.101307,21.117258,20.913519,21.379356,20.759151,21.327879,21.581945,21.563171,21.649906,21.599264,21.731678,21.388811,21.47394,21.436527,21.545122,21.663689,21.942526,22.332043,21.319567,21.056007,21.638363,20.851555,21.428308,21.40552,21.674885,22.012133,21.548517
8.5548935,9.497031,9.906029,12.110885,13.272969,9.875817,8.506468,9.582329,10.176573,11.667851,10.202286,8.328835,8.497823,10.357443,11.963675,12.736341,12.227774,11.398888,11.354399,11.437109,10.638733,11.815271,12.862045,11.484226,12.358746,12.196104,12.606846,12.850856,12.689921,12.610327,11.552264,12.184986,12.547987,13.7644415,13.002516,11.734743,13.217257,11.945023,11.770081,11.973316,11.595362,12.534216,11.643711,12.706331,12.7763,12.494722,12.027261,12.01648,11.511467,12.475018,11.514457,12.725481,13.848082,12.817126,13.274946,13.630847,12.5613,13.427861,12.7811,13.70866,12.294529,12.369745,12.280326,12.265213,14.209532,13.12344,12.2065,12.872069,13.15265,12.729445,12.841868,13.969303,12.986003,14.235119,14.276433,14.706921,13.969759,12.9450245,12.85186,13.166183,13.008975,13.476022,14.264953,14.575158,14.392312,13.343859,13.234159,13.846525,14.055085,14.05831,13.971306,14.118188,13.9961605,14.126624,15.241404,14.587223,13.8757515,14.730492,14.378008,13.961564
24.499605,23.24478,22.50662,21.98475,22.4027,23.477457,23.434816,23.494364,23.581442,23.87623,23.106718,23.019197,23.727936,23.153566,22.500135,21.847874,22.703362,22.351435,23.201193,23.15753,23.455303,24.104588,23.666899,23.309658,23.156502,22.924767,22.653599,23.482351,23.751732,24.170113,23.981194,23.022854,22.7479,21.92155,22.17271,23.020344,22.989935,23.071123,23.23024,23.457886,22.922918,22.997572,23.514832,22.77375,22.660778,21.923544,22.759064,22.047926,23.026493,22.775015,23.136747,23.620893,23.223206,23.00555,23.016193,22.723055,22.572384,23.258987,23.324337,23.336433,23.346323,22.68837,22.611837,22.07441,22.573586,23.093899,23.149408,22.920248,22.958944,23.279215,22.863167,23.053247,23.467936,23.147585,22.944744,22.720764,23.084198,22.294947,22.995909,23.11976,23.35118,23.754534,23.559448,23.190916,22.969442,22.913555,22.79401,23.372837,23.543007,23.508242,23.632368,23.226746,23.09943,22.88983,22.978176,23.289227,23.152903,23.086014,23.312584,23.414377
30.583439,28.820774,29.816826,30.289343,27.394192,29.033737,30.334032,28.079418,29.903236,30.19172,30.154652,29.819784,30.242485,30.414215,29.703596,29.815128,29.959282,28.3875,29.683254,28.01698,30.33722,29.87407,29.183626,28.461298,30.326838,30.578293,30.662708,30.40882,31.378471,30.08942,30.757273,28.815712,30.24215,30.751606,28.416046,29.546331,29.956131,28.515202,30.117598,30.270903,30.196386,30.044899,30.054441,30.16829,29.576183,29.495026,29.981434,28.837505,29.573517,28.11337,29.599567,29.96199,29.219728,28.827696,29.844782,30.129173,29.526333,29.544924,30.193027,29.813826,29.961643,28.776173,29.504038,29.995028,28.220419,28.88907,29.581135,28.49114,29.20565,30.012182,29.89889,29.71223,29.637934,29.719849,29.668722,29.298512,29.695993,29.179235,29.519724,28.675802,30.525,29.61449,29.334126,28.939228,29.85333,30.237305,29.482908,29.321432,29.942228,29.633944,29.85417,28.797668,29.39709,29.976912,27.756392,29.032728,29.554892,28.582043,29.209576,29.603928
5.57693,6.6333146,5.2178574,7.9297786,5.07757,6.029915,4.8033905,4.566223,7.0629234,8.95968,7.446603,4.8363733,6.1277685,8.351208,7.8482656,8.734286,7.8143845,3.8661861,7.446333,9.67465,10.379726,7.5994883,9.673128,7.61189,7.4571123,8.839955,8.733015,9.624505,8.678879,8.499583,8.558855,9.10004,8.954436,10.240627,9.348179,7.765479,10.106466,8.142325,7.6436186,9.487608,8.474206,8.397293,8.45257,9.968063,9.026198,8.549012,8.008968,6.7315493,9.120243,9.543831,9.874651,9.38364,9.337608,9.41198,8.693916,9.987898,8.053422,8.693142,9.383913,9.36878,9.467889,9.733729,8.561705,9.177149,11.093005,10.244732,10.539129,9.533104,10.429777,10.081199,10.246649,10.87076,10.960068,11.298854,11.099739,11.68721,10.499567,11.038504,10.140465,11.516415,10.773545,10.909545,10.853097,11.597624,11.469888,9.851096,8.996307,10.335749,8.561478,8.424167,10.725708,11.006387,10.848528,12.028025,11.023384,11.533297,11.735679,12.112285,11.823466,11.52756
26.588276,24.121132,25.11198,26.799618,27.283747,25.678661,26.057552,27.573109,27.868484,28.818537,27.936821,26.799334,26.908089,25.66699,26.134743,27.538267,27.225801,25.409624,26.867842,26.719028,28.781475,29.4027,28.918032,28.68006,29.22253,29.429659,30.20492,29.901382,29.359543,30.266914,27.282358,28.427261,27.302303,28.730759,28.492,28.731314,27.437113,28.259735,28.93129,28.61431,29.14672,28.87554,28.661753,27.451345,26.958584,27.96075,27.155815,26.186876,26.555187,25.934881,28.095287,28.90892,28.536797,28.422447,29.368992,29.006348,29.101418,28.746405,28.227093,29.262608,28.230923,28.860727,27.27884,28.091078,29.166212,29.383806,28.495266,29.432312,29.45765,29.824974,30.049627,29.89929,30.125736,29.42883,29.176058,29.448097,29.674683,29.858793,28.909464,28.801334,29.558937,29.467697,29.850304,29.906954,30.994692,29.53677,30.47937,30.304897,30.459543,30.503721,29.014122,29.093933,29.325312,30.674614,30.164503,28.956182,30.170195,30.914972,30.238176,30.884544
19.123346,18.062046,27.212013,21.81559,20.553907,21.044489,21.942776,20.2962,19.84554,19.783306,26.31999,20.257347,20.14919,19.895222,20.236723,20.599562,21.11894,20.553751,21.098513,20.630749,21.053858,21.921513,21.291344,20.607214,20.468864,20.49773,20.746069,20.185059,19.507462,19.674995,20.423975,19.92694,27.724686,22.18237,21.761702,22.308264,23.0925,21.981337,21.640707,21.435928,24.965244,21.763248,21.741047,21.5661,21.665304,22.05028,22.713999,22.466059,22.634686,22.035053,22.242325,22.956898,22.764378,22.263319,22.000362,21.746078,22.420685,22.245129,21.80909,21.564362,21.993004,21.616385,25.55939,23.34321,22.821188,23.015549,23.569153,23.025852,22.669832,22.605467,23.843002,23.223948,23.307314,23.642124,23.381174,23.628902,23.923273,23.61782,23.601599,23.28755,23.966646,24.512175,23.935394,24.10724,23.30418,23.147903,23.714317,23.304958,23.063055,23.517933,23.858011,23.721567,25.24201,25.392324,24.74786,24.912294,25.315735,24.775326,24.894888,24.731339
8.214394,8.567689,10.206991,9.847846,11.143309,12.659408,8.428267,10.297841,11.110761,11.9424305,12.955365,8.965421,11.52235,12.45673,10.84481,11.563262,13.743978,15.44742,14.009431,11.237778,9.354042,11.310466,10.745918,10.591299,8.686644,11.402708,14.123203,11.832057,6.901386,8.53553,10.445915,10.484089,12.229866,11.169933,12.013307,13.545586,10.883213,12.104648,11.872787,11.887108,13.220991,11.88415,12.274666,13.619549,12.173063,12.469627,13.886349,14.404469,14.568175,12.07463,11.199178,12.293953,11.276187,12.890103,10.826052,13.300584,14.268354,13.1108055,9.69353,10.082565,11.091537,11.19806,12.479796,12.197941,12.4553585,13.98673,12.07564,12.393781,12.286487,12.470417,13.690656,12.570828,12.663881,13.639791,12.478107,12.569675,14.825009,14.549625,14.02549,12.523445,11.439459,12.407669,12.119164,12.710039,11.740274,12.057013,14.340612,12.851948,10.259426,10.401028,11.286417,11.8839035,12.693454,12.900088,13.642208,13.596129,13.178342,12.945018,13.914632,13.576714
14.023429,14.529389,14.666553,13.547685,14.287392,15.78239,15.685057,14.583317,15.919594,16.965347,16.86894,16.614239,14.552759,15.601477,16.235844,13.901382,13.890572,13.921821,15.931572,14.850652,14.414577,13.210535,15.016155,14.819953,13.588586,14.651175,14.126884,13.180288,13.800583,13.415071,14.815652,15.330167,15.539501,14.323738,15.004908,15.7702875,15.816529,15.234769,15.867995,16.01187,16.191742,16.611168,15.226197,16.015806,15.877609,14.316398,14.27158,14.281708,15.3071165,14.701028,14.483761,13.4299345,14.649209,14.493937,13.545424,14.553699,14.311216,13.650571,14.077082,13.600111,14.06566,14.59813,14.909692,14.101252,14.406325,15.060399,15.044617,14.796056,14.55112,14.556457,14.747314,15.351691,14.505116,14.989023,14.914569,13.671532,13.91465,14.37876,14.762027,14.1576605,14.251076,13.851121,14.511972,14.794983,13.636951,14.177534,14.333334,13.770375,14.104696,13.708153,14.448344,14.720201,15.212562,15.226933,15.358062,15.563876,15.717512,15.212743,15.534093,15.856442
4.9764566,5.5380836,5.5410166,9.045099,8.582186,7.081657,6.5481176,5.1478806,7.794629,7.9791517,1.5921392,3.8698373,6.1718707,6.719513,7.2270045,6.2933846,6.806281,6.8561797,6.266564,6.886285,7.1825747,9.131889,6.7752085,5.966091,8.478086,7.7440715,6.862912,7.7503204,7.184058,7.1529226,7.693843,8.849781,8.558498,10.713206,10.0328455,9.115239,8.819743,8.146797,8.740701,8.635745,8.078812,6.8359747,8.128338,8.299738,8.843752,7.6781273,7.159981,7.952011,7.3115454,8.288143,8.523605,9.348795,7.845923,7.5276647,9.741767,9.925367,8.918683,9.147188,8.982194,8.966503,8.801743,9.655851,8.993874,8.197319,10.858241,10.44654,9.475807,9.827045,9.981957,9.249765,10.153866,10.052226,11.040972,10.928762,10.57497,10.831021,9.81248,10.031711,10.48295,10.667587,10.326313,10.809995,10.715034,10.611051,11.351167,10.517935,10.050919,10.4780245,10.317175,10.13844,10.902224,11.379018,11.023096,10.92634,12.136628,12.450292,12.29899,12.715358,12.257126,12.614707
30.780502,28.659866,30.106287,28.875557,30.566513,28.98592,29.025734,29.483915,28.920372,30.005676,28.719555,29.480722,30.7289,31.239067,30.826841,28.263634,26.916763,26.986935,28.645864,27.437664,27.448967,29.248323,31.013647,30.89436,29.84667,28.375296,30.038576,31.018444,30.678127,31.547558,31.745739,29.161722,31.121323,29.747236,31.231909,29.981285,29.580402,29.54587,29.222538,30.348648,29.313604,30.248953,30.913244,31.175997,30.78272,28.766687,27.889723,28.056978,29.618292,27.925285,28.157211,29.983976,31.032614,31.027542,30.570082,28.937296,29.854717,30.667105,30.79532,32.266533,31.480928,29.770996,30.48997,29.874754,30.952984,30.500235,29.842728,29.756712,29.495033,30.430977,29.749184,30.208834,31.217,31.375715,31.09154,29.189081,28.897335,29.21461,30.145458,28.987043,29.364786,30.383852,31.046558,31.565899,30.631853,29.592571,30.398834,31.013163,31.164248,31.632616,31.47,30.529516,31.10236,30.872179,31.527344,30.865042,30.729307,30.606083,30.484941,30.82647
15.844225,16.609894,17.0264,17.956587,17.678911,16.468056,14.499294,13.493809,13.758507,14.312425,13.805125,13.460094,12.377584,14.674505,14.698426,18.399256,21.975376,19.592634,19.54086,16.880438,17.871208,19.393312,19.775648,17.43547,17.786064,15.227472,17.029488,18.685253,17.239733,17.806452,18.616879,17.987112,18.316978,18.729122,18.291107,17.5942,16.262398,15.451404,14.861826,15.0768,15.368016,15.915148,15.099269,15.807492,15.544043,17.704397,20.03492,18.571962,18.757042,16.58886,17.637505,19.315098,19.20007,17.963087,17.178013,15.597006,15.937635,18.49562,17.741737,17.594667,17.746487,16.988642,17.569618,17.543327,17.154306,16.853546,15.573705,15.4774885,15.418103,15.530712,15.456856,16.026814,15.344219,16.086073,16.664486,17.724545,20.053913,18.693481,19.124348,16.601318,17.76335,18.812668,19.126162,17.587734,17.387728,15.441158,16.004831,17.445635,16.948706,17.537981,18.091051,17.595785,17.716417,18.382845,17.592329,17.201046,16.079079,15.24715,15.648179,16.0062
9.041902,11.360139,11.339448,12.13532,10.634804,8.004981,9.525868,10.373833,12.290497,11.67106,10.282245,9.819112,10.712174,11.367309,12.495232,13.079605,13.170511,13.4892235,15.035987,14.5986185,12.440242,12.254456,12.181496,11.214138,11.649331,11.672875,12.891186,12.654224,12.095582,11.955174,12.037609,13.423138,13.815365,13.648116,11.20443,12.00427,11.478764,12.565414,12.520053,11.814725,11.666766,11.730983,11.905609,12.57756,13.652001,13.341422,13.593318,13.747742,14.805714,14.999801,13.45485,12.865261,12.680198,12.865776,12.48012,14.156379,12.860919,13.798956,12.672372,12.709569,12.531613,13.629857,13.235716,13.293534,13.1470585,13.238136,12.081198,12.980349,13.273564,12.655916,12.916113,13.808361,13.860653,14.593423,14.910124,14.672639,14.799011,13.564901,14.008858,14.243307,13.237827,13.333352,13.398416,13.423307,12.970378,13.102862,13.165096,14.297522,13.237815,13.265206,14.169881,14.603152,14.223574,14.65466,14.465887,13.697289,14.066443,14.791499,14.563782,14.439096
22.136467,20.751097,20.086823,18.77697,18.199543,18.346462,19.026756,19.548637,19.97259,19.854794,19.05101,18.024261,19.932898,20.221092,18.799923,20.031878,20.28898,20.828117,21.090794,21.620358,22.406559,20.941244,22.13263,22.790407,22.00989,22.586895,23.815731,23.717487,24.414955,24.763437,24.366795,24.835945,24.505093,23.428474,22.902067,23.113756,23.493645,24.099672,24.248447,23.95415,24.213335,23.80649,25.25991,25.268139,24.122784,24.772284,25.038715,25.29992,25.709318,25.583029,25.649904,25.127636,26.031359,27.218792,26.826853,26.82353,27.052364,26.18874,27.450045,27.288408,27.80584,27.732023,28.052046,27.261017,27.195076,27.255938,27.648611,27.769321,28.428942,28.255848,27.694887,27.817223,28.490025,28.863527,28.137094,28.370499,29.162003,29.2132,29.626282,29.678057,29.32771,28.619272,28.986866,30.18955,29.76982,29.417253,30.328632,29.786867,30.785091,31.25381,31.249615,31.084501,31.589266,31.608986,30.916718,31.187868,31.603868,32.00231,32.044365,31.525152
13.083057,13.476725,14.392142,15.515988,13.815748,11.190313,14.585661,13.545265,13.63166,13.724765,15.341681,16.285809,17.4597,17.019932,15.6511965,17.551735,16.06499,16.849102,14.71958,13.8483515,13.893015,14.7907295,14.922292,16.679731,16.66438,16.543852,16.950857,18.275494,18.266342,18.004156,17.347483,16.605536,17.601479,17.89378,14.88243,14.897754,16.640448,15.194131,14.944277,15.10257,16.764751,17.57551,18.331795,17.411816,16.777218,16.874233,16.19488,16.697407,15.074968,14.642024,14.95756,14.87719,15.073518,16.229843,16.580946,17.066647,15.797169,17.831417,18.401299,17.935162,17.166227,16.46698,16.495909,17.258604,16.10984,16.116486,16.561255,16.359497,16.030613,16.220797,17.248308,17.411198,18.882483,18.163797,17.881443,17.84799,17.016024,17.778353,17.205927,15.847784,16.192907,16.255812,16.599308,17.449602,18.089209,17.81423,17.251604,17.839506,18.359686,18.552849,18.768179,18.246027,18.125261,19.2359,18.451426,17.056425,18.238094,18.24802,18.173748,18.271269
12.432109,13.902003,12.765076,12.344419,13.312051,11.889903,12.890341,14.224693,12.869121,12.634111,14.000272,14.675683,15.221581,14.809446,14.856676,16.043447,16.632378,14.381399,13.799571,12.390428,12.116539,12.895659,13.644612,14.87726,16.633053,16.056774,18.527494,17.277308,15.072249,16.19259,16.746075,16.729345,16.19559,15.127016,14.798538,14.624018,15.367396,16.113297,15.152485,13.821642,14.726601,15.906017,15.926691,15.6081705,15.526307,15.266117,15.908047,13.707119,13.852571,12.734656,12.841749,13.131121,14.74262,15.700268,15.595014,15.533755,16.350622,17.168602,15.658677,16.34337,15.835534,15.892017,15.741376,15.424656,15.799759,14.373515,14.856217,15.971146,15.127772,14.73677,15.530675,16.43452,16.74066,17.112719,16.695944,17.113472,17.320555,15.410917,15.321266,15.401384,15.002096,14.777336,15.532649,16.130375,17.013088,15.997446,16.173506,16.830566,15.353838,15.975474,17.294325,17.200993,17.064777,17.091541,17.502275,15.8376875,16.664518,17.395363,15.749604,16.68194
15.451737,14.981467,16.651693,17.988888,15.73906,14.678582,14.884078,15.098839,15.115773,16.796635,15.05388,15.3474,17.239672,18.909443,16.555653,18.50336,18.116241,18.423914,19.003906,19.345316,18.633247,18.899572,20.131435,18.85075,16.822102,17.670734,17.771734,17.2526,17.440636,17.797659,16.4397,16.490578,18.392197,19.407677,17.42976,17.087772,17.236847,16.532928,16.916687,18.664364,17.033829,17.478184,19.411419,19.84494,18.072872,19.10119,18.839066,19.023598,19.230091,19.92162,19.573189,19.771889,20.299284,19.356167,17.641932,18.410992,18.404789,18.00499,18.449518,18.84244,17.2764,17.631561,19.10187,19.845728,18.146387,18.01764,18.208723,17.949484,18.304546,19.454363,18.298655,18.68591,20.276423,20.262104,19.4789,20.68129,19.671911,19.489454,20.479664,20.948948,20.753536,21.2456,21.992308,20.05811,18.800974,19.264034,19.353184,18.584845,19.109087,20.100985,19.242886,19.370144,20.129402,21.103527,20.196936,19.694752,20.14373,19.360317,20.010674,20.559975
8.550216,9.639617,11.57565,14.610774,11.325067,12.912334,12.31646,8.478672,11.665031,14.132316,14.084763,11.786002,12.999755,13.484389,12.775805,14.835644,11.850475,12.97692,14.530216,14.2366295,14.100092,13.2425,11.690983,10.043079,13.325493,13.731108,13.716052,13.453353,11.222769,10.156732,11.295855,12.104675,14.594304,15.130773,12.358652,13.623508,13.204341,12.550257,12.511861,13.835266,14.749858,13.199978,14.155936,14.920972,14.085745,15.012051,12.756421,14.145,15.390075,15.481661,15.396543,14.458708,13.399749,12.733894,15.210709,15.498987,14.4390955,15.276646,13.942967,12.375873,12.459531,13.071524,14.449457,15.054186,13.911021,15.14451,13.903396,13.50662,13.919226,15.765458,16.145685,14.814055,15.98785,15.909896,15.058031,16.796755,14.400536,14.283066,15.647355,15.773968,15.190147,15.066728,14.632967,13.977881,15.107013,14.966659,14.580097,15.311678,13.62684,13.104366,14.305952,14.492462,15.873238,16.543314,15.543457,15.836354,16.239992,14.854896,15.289645,15.397157
31.08452,29.683304,30.30179,30.414595,29.671913,29.735247,31.380201,30.940681,31.404493,30.641232,30.269789,29.81847,30.72653,29.716993,31.078476,30.718435,31.42856,29.45908,30.292356,30.432228,31.583431,28.898367,30.365133,31.591248,30.953762,29.920599,30.415443,30.006138,30.974934,31.234118,31.30942,30.732306,31.466536,31.33212,30.627499,30.86102,32.262997,31.592916,31.88384,31.585344,31.357313,31.003304,31.762768,30.556532,31.341404,31.333239,31.93505,30.977129,31.253786,30.69904,32.03039,30.049799,31.581684,32.60246,31.964937,31.17961,30.805046,30.446394,31.226727,31.86443,31.608772,31.481407,31.486368,31.575544,31.589046,31.41194,31.974289,31.641954,31.930914,32.10604,31.821703,31.743538,32.320774,31.399673,32.145916,32.044262,32.44589,32.188503,32.218224,32.12419,33.008545,31.032284,32.174545,33.091434,32.345444,31.97823,32.05299,31.57403,32.19624,32.254433,32.297256,32.52267,32.816494,32.899464,32.30366,31.980125,32.63237,32.619236,32.82296,33.13471
16.321058,15.015433,8.250129,13.925321,13.190087,14.585992,15.877815,13.789049,15.416724,15.494032,16.420002,17.84228,17.63575,17.520931,16.910837,16.616219,15.418962,14.411249,12.973395,12.791321,13.332262,10.8392105,13.831697,13.12795,13.024923,14.414353,16.112396,16.115435,16.573446,17.383053,17.27949,15.4180155,10.407831,14.728638,14.195466,15.566878,16.523571,15.057961,15.716302,15.663203,16.297876,17.586918,17.629486,17.514942,17.299345,16.836367,16.024385,15.067716,14.430738,14.207626,15.413184,13.624937,15.2876215,14.50739,13.888041,15.097179,16.141333,16.994158,17.319635,16.738209,16.468374,15.25679,12.736493,15.361468,15.18749,15.790065,15.874544,15.375452,15.376112,15.31603,16.841988,17.175339,17.48416,17.249666,17.055899,16.8024,15.897469,14.998124,14.58901,14.794035,15.311446,14.595905,15.365192,15.279276,14.68682,15.043707,16.287743,16.689022,16.686932,16.835203,16.868452,15.7935095,14.738146,17.087534,16.361248,16.843006,17.405216,16.936981,17.023466,17.236061
33.5615,32.93609,32.96328,33.343494,33.565487,33.552036,33.872543,34.120117,34.450047,34.199615,33.27145,33.696125,33.8713,33.78285,34.410553,35.730576,35.886772,35.55036,35.79949,36.04767,36.04622,35.913284,34.587364,34.55489,32.79678,32.713886,33.3524,34.093983,33.745197,32.743927,33.564316,34.764763,34.726925,35.016876,34.23416,34.18735,34.201176,33.973976,34.430405,34.123688,34.345127,34.162556,33.917088,33.78259,34.329216,34.48615,34.5887,33.766266,34.69145,34.64208,34.50176,34.82956,34.212788,33.98438,33.5993,33.092087,32.086586,32.26391,32.767986,32.578262,33.077995,33.57462,34.128227,33.72138,34.55679,34.637638,34.04228,34.51815,34.675396,34.88442,34.767735,34.28267,34.38021,34.1915,34.399048,34.95922,34.653694,35.105827,35.28425,34.587765,35.134727,34.65691,34.553757,34.599964,33.673893,33.589386,33.571632,33.2291,33.079838,32.573566,33.36769,34.406372,34.511925,34.666294,34.85804,34.52034,34.423973,35.279587,35.130283,35.04937
25.131496,24.91712,25.190382,25.581726,25.017668,25.166065,25.583176,24.606762,24.713955,25.349361,24.958456,24.810465,25.508205,25.77802,26.054205,25.886341,24.91364,25.326519,25.577566,25.249346,25.048803,25.437346,25.542507,24.476585,25.135864,24.98403,25.031427,25.015089,24.654928,25.049404,25.109344,25.366148,25.411457,25.792051,25.16932,25.551733,25.39256,24.92613,24.932928,25.49499,25.028,25.292921,25.876091,25.678228,25.90737,25.859413,25.019604,25.344421,25.352085,25.189636,25.399689,25.624004,25.64014,25.05457,25.312916,25.278416,25.229303,25.456472,25.135862,25.292048,25.41137,25.333788,25.168837,25.554586,25.275108,25.622633,25.293814,24.904469,25.131708,25.35526,25.2963,25.526083,25.93287,25.83539,26.00835,25.9567,25.40343,25.433332,25.653864,25.504272,25.740353,25.517548,25.836159,25.537262,25.821575,25.522118,25.373304,25.643541,25.342596,25.725441,25.776161,25.905186,26.007004,26.241768,25.804892,25.879099,26.04643,25.926258,25.928324,26.140219
26.555178,26.593746,26.188911,26.072632,26.145111,26.091463,25.99832,26.672842,26.191877,26.480011,26.882723,26.147911,26.279472,26.237972,26.698126,25.999556,26.492535,26.722685,26.63689,26.814375,26.999895,26.577414,26.711264,26.563652,26.260883,26.678022,26.677788,25.172232,27.101826,26.945395,26.041069,26.512985,26.502102,26.368927,26.171427,26.214218,25.99096,26.31217,26.121159,26.329126,26.381151,26.144499,26.117495,25.978477,26.370033,25.915676,26.323568,26.552757,26.245811,26.42782,26.744226,26.589611,26.343374,26.470333,25.90574,26.194181,26.37165,25.1511,26.544115,26.443607,25.875654,26.16621,26.081656,26.012526,25.913393,25.990915,25.829235,25.906164,25.872465,26.004673,26.083727,26.084038,26.19858,26.069664,26.413622,26.092121,26.361164,26.468462,26.460873,26.509953,26.855343,26.64854,26.413944,26.757366,26.339102,26.141026,26.497202,25.486317,26.434038,26.437815,26.206495,26.478745,26.57612,26.641674,26.394724,26.344868,26.360548,26.570183,26.411266,26.318909
27.374638,26.566744,25.469023,25.075287,24.725924,25.388935,26.348755,25.911253,26.536821,25.629303,25.24704,25.50824,25.373169,26.149672,25.505136,26.995718,27.362871,26.750679,27.161726,26.819143,26.896458,27.165789,26.36403,25.079412,26.365967,26.03384,25.749874,26.451994,27.103565,26.86695,26.864922,25.868902,25.091957,24.947525,24.440985,24.93468,25.356514,25.296242,25.76112,25.019766,24.468895,24.8827,24.736029,25.176157,24.519655,25.770697,25.91225,25.52392,26.16891,25.60465,25.739763,26.187437,25.421005,24.45472,24.880186,24.776327,24.671986,25.125374,25.52454,24.927233,25.280918,24.803225,24.374811,24.426609,23.846495,24.046694,24.53472,23.978111,24.363958,24.485615,23.81409,24.345839,23.91558,24.420452,23.87134,24.35094,24.97892,24.376823,24.972578,24.421894,24.456938,24.843567,24.410252,23.923607,24.288517,24.442968,23.978758,24.418457,24.55374,24.539797,24.544966,23.926117,24.044632,24.254972,23.888132,24.023664,24.106081,24.065573,24.07557,24.042645
24.287304,24.319252,24.680403,24.328001,24.18407,24.227346,23.742249,24.482382,24.122133,23.661114,23.831135,23.921133,23.6616,24.293991,23.797909,24.738558,24.192568,23.508934,24.00475,23.919325,23.492718,23.962406,23.59622,23.948854,24.009125,23.350613,23.700981,23.143087,23.098303,23.451683,24.178541,24.478855,24.37982,24.184772,24.073397,24.151865,23.620274,24.198664,23.938446,23.33751,23.477228,23.71421,23.49725,23.880814,23.562824,24.346895,23.89314,23.438725,23.3693,23.4617,23.595097,23.789595,23.441343,23.740927,23.47328,23.050148,23.347261,23.187037,22.971966,23.130394,23.607414,23.733042,23.705,23.70023,23.596594,23.754292,23.562637,23.560678,23.38561,22.967512,23.449886,23.565983,23.564217,23.852661,23.455355,23.954374,23.774874,23.369946,23.72755,23.583775,23.704594,23.637983,23.556753,23.915205,23.677795,23.10301,23.34786,23.208998,23.12882,23.51066,23.734138,23.989826,23.966908,23.962759,23.823551,23.865047,23.824825,23.951115,23.88662,23.466028
15.326908,17.277185,15.458832,15.405622,15.200122,14.796885,16.208317,16.44962,16.1009,14.414563,15.290346,15.60188,17.821405,17.264494,16.483128,18.860355,18.744982,18.440872,18.722906,19.737818,19.640293,21.683386,19.349283,18.827673,19.25603,18.892414,19.905497,19.799467,19.434649,18.631437,18.149725,18.357397,17.824524,17.491219,17.124142,16.72129,17.846882,18.214561,16.967752,17.110239,16.445185,16.922651,19.193516,18.191133,17.014742,18.098082,18.473473,17.981966,18.02155,18.24292,19.042746,19.271397,18.772755,18.222586,18.097233,17.860048,18.426708,19.211544,19.050186,18.404694,17.484646,17.910873,17.6265,17.14318,17.689562,16.643276,17.667759,18.21051,17.49087,17.822893,17.139132,17.895397,18.556707,18.836235,18.20558,18.658424,18.864399,18.697813,18.599134,18.19162,19.388388,20.085922,19.665512,19.000673,18.921324,18.291882,18.71242,18.71526,18.580263,18.528507,19.3344,18.84341,17.787369,17.93113,17.66945,17.818012,18.444613,19.026438,17.947346,17.815634
26.222982,26.11556,23.789742,25.751049,27.126245,24.600622,26.351978,27.020452,26.87754,25.87911,25.992157,25.090656,25.649837,26.994158,26.913593,26.567696,27.279472,27.370947,27.523941,26.475348,27.153189,27.049856,26.551004,25.352268,25.932371,27.068691,25.495527,26.39176,25.234081,25.562132,26.4873,26.369556,24.836454,26.311214,27.149147,25.459702,26.96214,26.93054,26.817047,26.027256,26.008152,25.650517,25.866457,26.861343,26.832218,26.746689,27.18052,27.35789,27.21514,26.529293,27.040724,27.138926,26.583076,25.888506,26.117964,26.608345,25.568794,26.282019,25.66036,25.677721,26.25128,26.353212,25.108624,26.25557,26.608858,25.77135,26.435843,26.499245,26.5238,25.953993,26.206095,25.879986,26.060259,26.567493,26.874598,26.690662,27.156382,27.03775,27.139303,26.621525,26.995306,26.852503,26.681934,26.183784,26.546087,26.767616,25.990744,26.471767,25.850874,26.201588,26.641415,26.69401,25.829018,26.959097,27.33719,26.53086,27.118849,27.173801,27.037813,26.781008
12.276788,9.7348175,10.061032,10.881906,11.002451,11.088877,10.848861,11.03927,11.101782,12.498089,12.0164385,10.765937,11.687257,11.114973,10.940024,10.593339,10.373043,10.290057,9.152518,11.469807,9.498943,9.992601,11.121707,8.54403,10.909405,12.18638,12.153906,10.98644,11.593794,10.274773,13.26599,10.458249,10.750198,11.664085,11.157029,11.371245,11.309938,11.586982,11.403544,11.769331,12.073514,11.298723,11.711762,11.367977,10.991406,10.94022,10.677725,10.709707,10.072784,11.231698,10.654427,10.8508625,11.629076,9.617995,10.7813015,11.481211,11.44186,11.370285,11.50072,10.283782,11.050856,9.93096,10.326891,10.91614,11.054318,11.409465,11.210111,11.1307335,10.32998,10.8231,11.0545225,10.965774,11.261624,11.250697,10.877188,10.591976,10.254176,10.125848,9.199384,10.236992,9.933531,9.99814,10.778582,9.735399,10.570762,11.179809,10.811624,10.944274,11.3711605,10.170523,10.951024,9.753345,10.300661,11.206896,11.1936865,11.474166,11.575533,11.399159,11.38794,11.375996
25.616554,25.325825,27.231499,27.684374,24.995026,24.154228,26.206575,25.158815,21.926321,21.856186,21.486927,22.922504,23.678005,23.959688,23.247389,21.144682,22.575367,20.657255,26.253157,24.866375,24.796871,23.97989,22.522993,23.06633,23.144548,24.34498,26.804876,23.623772,25.420853,26.958612,27.157259,26.725481,27.936523,27.789587,26.283163,25.328981,26.300701,26.093847,24.313786,24.392183,24.060457,24.452091,24.832184,25.189444,23.284214,23.129795,23.699862,20.221441,23.172848,23.123623,24.30843,23.312817,20.559652,22.024904,23.385698,22.773256,23.75939,23.528767,23.376783,23.815563,25.033882,24.493439,25.214539,24.877947,25.162004,24.13154,24.338938,25.510872,24.780771,25.20176,24.162374,24.364815,25.107552,25.037142,24.300623,25.226236,24.075775,23.162474,25.104546,24.053967,24.658657,24.257332,21.470938,23.21463,24.108246,22.56754,23.966467,22.647745,23.013668,24.434116,24.979551,24.699842,24.389126,24.972507,24.723799,24.084126,23.413322,23.783653,22.675812,22.233086
22.82482,22.531652,23.06362,22.955519,22.44012,21.264141,21.94745,22.996565,22.378847,22.36155,22.874928,22.71483,22.616049,23.091019,22.468985,23.766573,23.995768,24.001993,23.447168,21.886538,22.835258,23.728859,21.85368,23.368927,23.166443,22.216528,22.685707,22.734571,23.536694,22.766123,23.345291,23.079542,23.461561,23.501522,22.873137,22.050835,22.486258,23.54447,23.126528,23.094316,23.229568,23.110952,23.264341,23.459251,22.92168,23.976728,24.433538,24.201181,23.841871,22.481867,23.289856,24.043123,22.718647,23.788263,23.47978,22.683752,23.01607,23.429308,23.723846,23.10248,23.561335,23.483349,23.48304,23.570774,23.140339,22.796503,23.274818,23.701462,23.453312,23.54401,23.686941,23.66202,23.822,23.953392,23.464554,24.42121,24.600811,24.446585,24.123238,23.399239,23.901342,24.341236,23.379946,24.128145,24.010479,23.42417,23.826523,24.090767,24.248543,23.951818,24.317686,24.35253,24.238098,24.673733,24.364363,23.953539,24.222898,24.703484,24.43968,24.510902
13.982997,14.009382,12.936784,12.571787,13.325486,15.589249,14.066715,13.121853,13.323006,14.566851,15.792542,15.425198,14.907055,16.084772,16.504915,17.653473,15.6085615,14.99997,15.132246,14.898903,16.160927,17.87001,17.319212,17.307444,17.282269,17.521112,16.96882,15.511912,17.54156,17.88123,17.969036,16.682817,15.92271,15.392111,15.332711,17.335272,16.346294,15.107297,15.053628,15.424236,16.774313,18.526506,16.972696,16.513874,16.780352,16.677687,15.234701,14.181306,14.421221,14.599486,16.578928,17.049372,17.546314,16.576685,17.0253,16.380592,16.02939,16.321543,17.378874,16.755535,16.907408,15.970711,15.141934,15.939969,16.396011,16.251217,16.313456,16.446072,14.810949,16.70912,17.557468,17.74777,17.979156,17.612818,17.833757,18.154139,15.883432,16.20746,15.81482,16.046553,16.489422,17.511427,17.793228,17.635191,17.075552,16.261648,16.75401,15.963128,16.621864,17.207855,17.714481,16.349306,16.699284,17.512514,17.654213,16.799812,17.255552,16.46678,15.869082,16.870573
16.292732,17.215952,18.143621,17.063465,17.40271,17.74379,18.037428,18.259548,18.631264,18.113405,20.929457,20.113369,16.902456,17.890022,17.649998,19.996267,18.1276,15.811283,15.140291,15.94609,15.917596,16.535425,17.213049,17.140636,16.94911,18.619745,17.781752,19.178968,18.18516,17.560379,19.21806,19.82811,20.644379,20.054537,19.282072,19.753286,19.111902,20.330185,19.650301,18.722866,20.128328,20.739872,18.72055,19.255905,19.14568,20.414541,18.399542,17.063549,15.962986,16.5793,17.089558,17.25103,17.194145,17.884861,17.736504,18.86684,17.722631,19.735779,19.512623,18.74775,19.344862,18.919521,19.751204,20.018166,19.465258,19.228329,19.399666,20.41129,20.355343,19.67261,20.282616,20.911823,19.233177,19.612494,20.20652,20.584068,18.628841,18.351267,17.919558,17.542946,17.969944,18.067434,18.3965,19.041277,18.777725,19.27709,19.007053,19.729895,19.655424,19.59215,20.656172,20.952988,21.16485,22.04426,22.224392,21.369762,21.261879,22.40401,21.377028,20.37498
19.392452,17.479782,17.60476,19.976072,19.711666,17.082561,18.011997,17.02125,18.444653,18.880981,17.932913,19.100744,19.886377,18.261478,19.008715,20.810982,20.172482,20.06906,19.017897,18.960009,17.832537,18.130358,18.747705,18.127712,18.337248,18.392467,19.075052,19.308891,20.31887,20.041157,19.520678,18.074284,18.212244,20.454992,20.126339,18.53807,19.011187,17.617872,18.934727,19.401186,18.341652,19.416487,20.142796,18.781588,19.380299,21.6325,20.023037,20.48703,19.395271,19.363403,18.753716,18.841644,19.363655,18.910727,18.702995,18.735895,19.333069,19.729342,20.311884,19.95983,19.62621,18.546015,18.601807,19.989544,19.811012,19.040098,18.915602,18.365261,19.151382,19.526463,18.874434,19.344297,20.026731,19.184196,19.564701,20.553568,19.741623,20.236574,19.637035,19.715883,19.472912,19.537329,19.768646,19.405218,19.45593,19.587349,19.8257,19.848398,20.457338,20.398178,20.294172,19.501585,19.42523,20.55458,20.890396,20.239601,20.038374,19.536518,20.274796,20.646488
20.128124,19.282278,19.562548,19.617876,20.020954,20.649902,19.800606,21.203121,21.61439,20.412941,20.64732,20.823965,21.643995,22.753822,23.906801,23.150629,22.772032,22.687338,21.055885,20.427134,21.011166,19.996876,20.590034,19.996567,20.713724,20.581898,21.21799,19.843699,20.338074,20.087814,20.589632,20.29702,20.366674,20.305496,20.752817,21.38387,20.357025,21.539135,21.890596,21.374296,21.163866,21.362085,21.827303,22.634068,23.764046,23.050732,22.830471,22.60853,21.384613,20.692314,21.275806,20.518465,20.961887,20.767889,21.441586,21.151234,21.631044,20.778664,20.991064,20.756275,21.057985,20.813599,20.884039,20.708918,21.138317,21.6459,20.99793,21.580624,22.067589,21.675646,21.525215,21.804247,22.179688,23.121735,23.43386,22.993685,22.398085,22.710854,21.703257,21.443846,22.020231,21.444801,22.036016,21.458586,21.928793,21.895819,22.173422,21.263163,21.852196,21.561026,22.082344,21.966505,21.978315,22.2687,22.311323,22.59571,22.448948,22.962908,23.311823,22.99563
25.072239,25.018772,25.68421,25.685097,24.990196,25.327589,25.400974,25.956488,25.61091,25.129383,25.563972,25.582014,25.570341,26.356888,26.225061,26.03911,26.035685,25.507399,25.284494,25.459648,25.183565,25.345783,26.144348,25.553747,26.256937,25.369041,25.916561,24.611767,25.551012,25.668995,25.069075,25.569542,26.070772,26.134985,25.595476,25.801489,25.666151,26.147312,25.913378,25.49785,25.97382,26.157236,26.111065,26.63971,26.375126,26.395853,26.486954,26.238115,25.625616,25.914713,25.750296,26.006447,26.615774,26.216532,26.48986,26.12637,26.260216,25.300863,25.928385,26.301516,25.96987,26.200542,26.264812,26.444107,26.239906,26.406658,26.27171,26.338455,26.314554,26.042828,26.402645,26.526985,26.544771,26.862732,26.781305,26.997883,26.956635,26.537115,26.695782,26.713667,26.643301,26.532507,27.144854,26.9566,27.015162,26.623234,26.917805,26.213074,26.733295,26.955915,26.658144,27.1216,27.276255,27.58972,27.35516,27.39233,27.449524,27.606287,27.567383,27.419672
25.23367,22.85415,24.049908,24.001678,23.015358,23.276695,24.239862,23.460337,23.317213,23.043331,23.75822,23.403767,24.537773,24.1316,23.8029,24.208918,23.40998,25.1846,25.94891,25.734936,25.025902,24.892733,24.80462,24.770191,25.261038,25.09592,25.51034,24.861387,25.129465,25.340563,24.646297,22.73258,23.856287,23.707249,22.93301,23.16899,23.740192,23.151854,23.121296,22.691063,23.26042,23.161304,24.013609,23.57706,23.451385,23.466984,22.828192,24.487022,24.51507,24.582357,24.410557,24.392918,24.019636,23.99539,24.536846,24.40785,24.344664,24.251657,24.534105,24.448135,23.780083,22.516685,23.133238,23.351706,22.828373,22.923811,23.524143,22.668652,22.85986,22.687553,23.194824,22.83739,23.692059,23.60886,23.39718,23.543936,22.898632,23.86268,24.420166,24.491743,24.243313,23.95734,23.82331,24.11697,24.266457,24.04007,24.219501,23.70275,24.240377,24.327625,23.747337,22.78911,23.573391,23.573824,23.141819,23.01805,23.52534,22.924023,23.367857,22.996008
24.534597,24.092518,24.209518,24.417889,24.034355,24.116901,24.030022,23.864796,24.065325,23.86324,23.213745,23.485758,24.748552,25.209497,22.762856,23.89072,23.629694,24.234621,23.398716,23.696264,23.373798,23.851084,23.422745,23.558378,24.039165,23.805988,23.666618,23.567753,23.446087,22.835657,24.664295,23.881939,23.964334,24.228256,23.948315,23.805443,23.570015,23.752796,23.732635,23.41476,22.882217,23.32628,24.308342,24.491585,22.811138,23.686314,23.3998,23.905117,23.181847,23.450361,23.380123,23.737225,23.374151,23.6797,23.715132,23.595425,23.387878,23.503006,23.148787,22.75291,23.810497,23.50718,23.587696,23.756746,23.55312,23.687695,23.54274,23.499739,23.46256,23.414316,23.161968,23.334347,23.940254,24.173664,23.08108,23.529749,23.511562,23.589434,23.294413,23.623774,23.48864,23.598564,23.305937,23.749159,23.682962,23.646929,23.491558,23.686758,23.425512,23.225855,23.833683,23.751646,23.823896,24.1103,24.12889,24.05938,23.975636,24.014442,23.986736,23.917013
14.78189,14.039885,13.956918,13.667528,14.80743,13.952521,16.09136,15.756781,15.864929,16.940098,17.193127,16.766438,16.467054,15.529488,15.778821,19.320637,19.02167,17.708502,18.103657,18.644102,19.019197,19.078127,19.286821,18.588518,18.986525,19.226767,18.796858,17.497656,18.351618,18.400362,17.102766,16.146801,17.56559,16.28176,16.583353,17.68747,18.301422,17.08137,16.551323,17.404285,17.72434,17.682228,17.349443,16.34994,16.924606,17.812244,17.49853,17.418201,17.15095,16.664368,18.429245,17.04065,18.640177,18.233772,17.917631,17.735596,17.347795,17.616545,17.728395,17.7119,16.87487,16.367107,17.174025,16.384289,17.468826,16.310242,17.464832,17.301428,17.282372,17.442081,17.974281,17.999617,17.73147,17.373934,17.52604,18.088968,18.829195,17.948668,17.891293,17.679558,18.514595,17.986322,18.736374,18.705896,18.327103,17.853657,18.001879,17.436047,17.379576,17.627823,17.75879,17.662859,16.778666,17.36618,18.518518,17.701052,17.880426,18.287107,18.290352,17.721207
24.57649,25.301044,25.332582,25.281029,25.510992,24.48142,25.129597,24.974995,24.629158,24.889818,25.46635,24.52483,24.271406,25.140392,25.395754,25.300432,24.72112,25.092438,24.565971,25.191626,24.810541,23.324238,25.087156,23.37277,24.702951,25.178755,25.163958,24.76967,24.908869,24.154127,24.94775,25.76956,25.903559,25.889889,25.857344,25.160255,25.514116,25.57842,25.603931,25.470028,26.15623,25.578201,25.43811,25.990036,25.980705,25.823673,25.440819,25.55822,25.016333,25.563229,25.641558,24.587845,25.671818,24.63855,25.268063,25.672573,25.748627,25.72984,25.801825,24.981537,25.509272,25.982023,25.890865,25.908623,25.981575,25.56789,25.896791,25.702236,25.574137,25.53553,26.070736,26.068033,25.83477,26.26059,26.25295,26.462915,26.073877,25.992199,25.853323,26.01828,26.234474,25.267115,26.025986,25.477947,25.998245,26.129337,26.469078,26.233406,26.166733,25.512608,26.290146,26.739567,26.791342,26.828407,26.874207,26.43669,26.871988,26.826641,26.760271,26.666782
25.47849,25.114513,25.53847,25.591974,25.382423,25.204567,25.330832,25.175606,24.765898,25.072083,25.247726,25.240099,25.504425,25.960865,25.640148,25.580952,25.4127,25.250336,25.355587,25.108294,25.032793,25.103153,25.5327,25.246727,25.406322,24.964266,25.132198,25.178936,25.372381,25.293745,25.49028,25.61229,25.810299,25.894644,25.53197,25.717325,25.53736,25.55816,25.325665,25.298117,25.332075,25.724566,25.834595,26.049292,25.89566,25.797453,25.874573,25.764551,25.560303,25.403227,25.683973,25.717018,25.960194,25.862394,25.700953,25.631945,25.664782,25.737106,25.849346,25.679739,25.89747,25.798693,25.744009,25.858763,25.899664,26.009243,25.952745,25.738983,25.619864,25.72383,25.941914,26.049072,26.071707,26.250633,26.021776,26.238749,26.109493,25.850512,26.088457,25.983156,26.2223,26.004213,26.31556,26.352457,26.232525,26.019697,26.133394,26.218565,26.21719,26.246462,26.288305,26.45491,26.542294,26.92513,26.762613,26.77925,26.869099,26.79668,26.698435,26.651855
19.272665,16.621979,18.139048,17.655153,20.605446,18.653637,19.741539,20.136633,21.562284,20.353373,21.416769,21.296188,21.155788,20.459494,20.736814,20.002798,19.588747,21.264778,20.77244,19.189503,21.418404,20.657707,20.984493,20.353207,18.370943,19.966267,21.9826,21.73791,21.753109,21.568876,18.773695,17.648422,18.786423,18.612967,21.384493,19.261463,20.269653,20.566927,22.031855,20.884321,21.916672,21.485378,20.985601,20.436544,21.081821,20.165434,20.29007,21.824135,20.508665,19.448711,21.273312,21.189476,20.853497,20.529167,19.129318,19.945406,21.46683,21.769196,21.346718,21.216417,18.974277,19.307434,19.648823,19.814085,21.558199,20.540077,20.35691,20.854727,21.384365,20.93394,21.256016,21.679749,21.326002,20.83066,21.3346,21.066114,20.966951,21.502615,20.913769,20.337358,22.034353,21.470459,21.515095,21.395609,20.19557,21.025663,21.82169,21.569933,21.61585,21.756664,20.474693,19.671007,20.159948,21.16743,22.262472,20.821646,21.22374,21.702847,22.278736,21.662596
25.226439,24.329369,24.785555,24.398645,24.280943,24.245909,24.71503,23.763018,24.137789,23.666677,24.311335,24.83406,24.129282,24.767042,24.559538,24.969698,25.250706,24.214037,24.285513,25.278238,24.36019,23.81067,25.160727,25.293028,24.615973,24.16797,24.146727,23.764946,23.80298,25.201078,25.004095,24.384678,24.836802,24.573606,24.3752,24.27527,24.504496,23.790812,24.27835,23.96592,24.11113,24.794615,24.290062,24.59836,24.610744,24.933336,25.166304,24.329962,24.16559,24.81901,24.40231,24.043016,24.697279,25.140953,24.38314,24.168703,24.170048,24.282711,24.046232,24.70523,24.807364,24.43828,24.482328,24.506508,24.46985,24.525911,24.571531,23.909441,24.307415,24.01237,24.335964,24.689608,24.42788,24.713709,24.498152,24.86499,24.94256,24.239449,24.433006,24.87573,24.847563,24.340973,24.91311,25.258917,24.894255,24.514082,24.49372,24.569605,24.446531,24.92968,25.009,24.875526,24.902884,25.14344,25.280596,25.147501,25.178038,24.818895,25.061539,24.934847
17.351883,16.166597,16.185453,17.900488,17.02573,16.524967,18.21797,18.458239,19.067347,17.221748,18.398258,19.21061,18.245836,18.932451,20.397186,21.08412,21.544325,18.876009,18.387064,19.41579,20.24275,19.329493,20.065514,20.813831,21.375536,19.773798,20.265543,20.895033,21.818127,20.755615,19.233479,18.99278,19.433228,21.054222,19.601706,18.785202,20.635242,20.754372,21.267414,19.898695,20.853508,22.100918,21.196812,22.112034,22.556042,21.794125,22.871609,20.743576,20.11513,21.032795,21.497208,20.909613,21.707623,22.185726,22.182604,21.839079,21.984077,22.273298,23.029354,22.474344,20.69652,20.818867,21.763668,22.618067,22.417358,21.589077,22.67657,23.513206,23.85809,22.884125,23.285515,24.023638,23.931952,24.330467,24.509695,23.927662,24.741947,23.956383,23.530394,23.69407,24.248793,23.86034,24.203056,24.912352,24.824543,24.677893,24.521303,24.810501,24.851944,25.051464,23.871092,23.801609,24.293133,25.727253,24.380247,24.43671,25.193056,26.033539,26.22689,25.385015
18.832926,19.993793,19.135637,19.5996,18.472673,19.222092,20.229801,20.703844,20.782206,20.758583,21.320232,21.420609,21.396776,21.64482,21.275242,21.013266,21.633196,21.195143,21.15586,20.81112,20.453156,19.934572,20.19047,20.292107,21.103205,21.509071,21.340836,20.637215,20.409874,20.813253,19.242836,20.464457,20.00902,19.855478,19.34733,19.808884,20.712204,20.934605,21.011314,21.09005,21.179422,21.453663,21.258144,21.332806,21.238907,20.659597,21.224245,20.93521,20.686241,20.54544,20.218847,19.960314,20.280941,20.414501,21.02075,21.155548,20.744444,20.376223,20.553228,20.548798,19.517206,20.109287,19.999119,20.148714,19.365362,19.913982,20.2868,20.270464,20.42891,20.369648,20.419613,20.889992,20.743614,20.764404,20.886265,20.45899,20.696121,20.795336,20.36879,20.591038,20.659222,20.24976,20.447733,20.499344,20.901922,21.106827,20.858599,20.260288,20.679659,20.784988,20.251661,20.740578,20.390146,20.79153,20.41344,20.337925,20.93169,20.97023,21.05137,21.283548
23.36378,22.4734,22.918444,22.828373,22.789183,23.089115,22.502861,22.658998,22.287844,22.650005,22.860197,22.894514,22.759342,22.922556,22.905802,22.61164,22.980833,22.657814,22.574974,22.25705,22.629644,22.707918,23.359703,23.279993,23.063482,21.911882,21.856445,22.56698,22.822826,23.036531,23.171873,22.286203,22.879644,22.97857,22.938444,22.825434,22.347555,22.776756,22.480433,22.620733,22.735582,22.45723,22.598658,22.588196,22.748203,22.60353,23.04652,22.60908,22.382492,21.983131,22.56782,22.444809,23.016905,23.04523,22.974386,21.959974,21.831202,22.510279,22.753937,22.694935,22.954763,22.451668,22.658024,22.701948,22.666758,22.787703,22.539513,22.548994,22.438423,22.698515,22.561333,22.696348,22.772385,22.797441,22.930704,22.781862,22.940254,22.850697,22.663858,22.373358,22.74815,22.783516,23.063686,23.186071,22.971401,22.529772,22.422682,22.89331,22.820326,23.041708,23.180748,22.860245,22.927372,23.081833,23.122465,22.918417,22.729641,23.0163,22.88216,23.010033
22.15982,21.643425,21.60272,20.939709,21.051361,21.793217,21.013643,22.613056,23.18613,22.207582,23.091303,22.29,21.702297,21.914356,21.748877,21.071182,21.810488,21.798235,22.343378,21.723555,21.955093,22.22024,23.074633,22.049992,20.944487,21.559088,22.303413,22.201017,22.028555,23.466677,22.135994,21.476912,21.666183,21.156477,21.28648,21.805578,21.061893,22.594332,22.926617,21.889614,22.49832,21.726034,21.324198,21.468674,21.485485,20.878157,21.533846,21.658445,21.862633,21.504496,21.760328,21.922264,22.617136,22.000565,20.923313,21.32734,21.797857,21.778599,21.525276,22.087639,21.848534,21.240288,21.381676,20.969524,21.083723,21.571009,21.059204,21.68156,22.208284,21.439943,21.701487,21.535456,21.34658,21.386429,21.482285,20.951197,21.445219,21.48503,21.684008,21.615152,21.466751,21.633228,22.189228,21.657738,21.12195,21.836304,22.01548,21.81616,21.827244,22.410349,22.075626,21.550968,21.603075,21.631899,21.84001,22.087128,21.532782,22.184921,22.649712,21.864643
23.115585,22.931152,22.718454,22.803745,23.584738,21.947124,22.548437,22.974913,23.193872,23.796387,23.000578,23.464766,23.412437,23.2383,23.365112,23.908482,23.384665,23.14005,22.629509,23.212679,23.347963,23.364292,22.805601,23.361036,23.675009,22.808369,23.195137,23.774271,22.409838,21.903748,24.305033,23.801935,23.483765,23.702913,24.326546,23.28437,23.737776,24.123114,24.266459,24.412685,23.769413,24.438076,24.485855,24.19043,24.32889,24.695898,24.421638,24.394573,23.681702,23.971533,24.374187,24.383709,24.179968,24.807768,24.747747,23.994593,24.37684,24.778065,23.85466,23.024448,24.452028,24.45101,24.294184,24.642029,25.029684,24.360123,24.922663,24.68706,24.784006,24.68171,24.485535,25.054419,25.185987,25.089703,25.001987,25.24628,25.237242,25.10263,24.98429,25.1603,25.329184,25.142239,25.12441,25.561432,25.552425,24.94939,25.518028,25.55753,24.76156,24.376144,25.286758,25.50809,25.718983,26.161926,26.297405,25.936176,26.501268,26.371325,26.178293,26.263391
15.318132,15.980406,16.520761,15.2009945,14.352412,14.560427,14.956274,14.31739,15.424822,18.108614,18.364895,17.094652,16.82414,17.235468,18.25076,19.275023,18.764006,19.256626,18.62239,17.294403,17.639854,19.207893,20.163485,19.629173,19.837963,20.00754,17.541288,18.382967,17.797855,16.479603,16.522608,17.179907,17.426096,16.77007,15.795121,15.767123,16.488485,17.00756,16.476097,18.123453,17.843193,17.462576,17.16316,17.41862,17.997618,18.11005,18.215696,18.505976,17.764515,16.639097,17.657257,18.24282,17.92022,18.367548,18.42228,18.867428,16.544428,17.72029,17.525814,16.227182,15.953809,16.57361,16.525839,15.799367,15.497417,15.957548,16.03453,16.023472,15.998974,16.495037,17.50764,17.492664,16.981594,17.28059,18.016575,17.997595,17.485718,17.538046,16.866083,16.094711,16.29723,17.394361,17.558748,17.788202,18.269238,17.346453,16.676931,17.079782,16.61328,15.669072,15.935808,16.258558,16.119774,15.747305,15.718094,15.282517,15.530248,15.412256,15.813622,16.728048
13.653986,14.260675,15.063283,15.481297,14.916655,15.282203,15.147359,15.495923,17.113071,17.653757,18.177631,17.405117,18.105871,17.46995,18.055315,17.404211,15.589154,16.481201,19.198507,19.796692,19.298103,19.168716,19.186552,20.918056,19.591436,18.379866,18.41881,17.110044,17.273321,18.276577,17.436197,17.224117,18.139061,18.177237,16.700857,16.935215,17.303988,17.73355,18.56762,18.35153,18.611307,18.960096,19.032642,17.943632,18.409334,17.29238,16.565346,16.635017,18.849243,19.019917,18.926363,18.850903,18.567966,20.050335,19.203012,18.334345,17.873999,17.617962,18.01699,18.727076,17.226036,16.593567,17.127832,17.614817,17.463177,16.85832,17.450237,18.2873,18.769737,18.872608,19.032803,19.083702,19.640423,18.65093,18.762001,18.219793,17.347383,17.80576,18.965899,19.21989,18.927744,19.219246,19.475506,20.246428,19.551752,18.321272,18.425743,17.269335,17.98359,18.833124,18.22887,17.9506,18.199968,18.944895,18.307804,18.088808,18.597464,19.093452,19.080904,19.63261
11.083022,11.402594,11.783387,12.146612,11.448905,11.533666,11.922749,11.806241,11.667967,11.838278,11.935862,11.459706,10.895393,11.656485,12.035738,12.060756,11.839942,10.952383,11.396297,12.188983,11.924128,12.557419,11.994219,11.168355,10.549686,10.994056,11.689454,10.960306,11.470079,11.902202,12.070523,12.189404,12.647893,12.577242,11.779597,12.092274,12.193169,12.486636,12.049144,11.938307,12.078323,12.0532055,11.755376,12.458093,12.591309,12.634055,12.381063,11.858076,12.260431,12.736906,13.245871,13.488416,12.800031,12.921042,12.208245,12.199656,12.342975,12.244388,12.1768465,12.406546,12.094912,12.493962,12.359065,12.343648,12.47893,12.830937,12.22554,12.482361,12.239429,11.479756,11.998873,12.620398,12.357542,12.743222,12.65545,12.2407875,12.112119,11.527539,11.954477,12.100815,12.243941,12.607217,12.476654,12.567826,12.128338,12.044028,12.374354,12.316156,12.392942,12.382975,12.404783,12.608111,12.613573,13.164064,13.36029,13.467528,13.203379,13.563904,13.555707,13.293731
26.336319,26.415192,26.697445,26.846226,25.167196,25.899319,27.000227,26.186407,25.961151,25.125988,26.104094,27.227692,25.498783,26.140535,26.575567,25.970982,26.407028,27.098063,27.032877,26.451908,26.93002,25.39371,26.772858,26.64863,26.381319,26.759602,26.170359,26.617174,25.326088,25.727177,26.67716,26.978403,27.04223,27.29053,25.83405,26.51286,27.152573,26.440048,26.234007,25.797445,26.167788,27.573034,26.245613,26.663464,26.77199,26.456474,26.782442,27.40371,26.780458,26.593767,27.2645,26.233603,26.765177,27.026691,26.732113,26.93123,26.469854,26.845488,26.214378,26.362116,26.924177,26.885698,26.693167,26.83418,26.175396,26.60601,27.028244,26.43821,26.496983,25.963272,26.393719,27.19802,26.621471,26.911015,27.076323,26.773186,27.077707,27.30525,27.077017,26.89319,27.408659,26.454762,26.800508,27.375427,27.111502,27.131935,26.800112,27.059399,26.43,26.721254,27.158754,27.273247,27.512012,27.783714,27.105669,27.49301,27.82591,27.57108,27.481607,27.100569
20.420843,18.936813,20.325571,19.66932,19.901669,20.05786,21.572767,21.416342,19.560907,21.158129,21.021854,21.696003,22.71582,22.505657,22.757462,23.158104,23.691101,23.493345,23.213625,21.880716,20.403112,22.299658,22.567894,21.576052,20.511225,21.006723,21.590343,20.64769,19.85526,20.098234,20.71634,19.607103,20.747547,20.20859,20.471704,20.834766,21.649406,21.284346,20.321932,21.496758,20.644188,21.37833,22.86653,22.260183,22.538673,22.42023,22.687883,22.340801,21.94299,21.670343,21.02522,21.823248,21.989414,21.308748,20.117336,20.705969,20.857094,20.629028,19.688238,19.71715,19.806566,19.35885,20.050253,19.710548,19.722736,19.863539,20.43585,20.140049,19.481712,20.094069,20.481302,20.68009,21.01855,21.458233,21.565933,21.176752,21.06531,20.703617,20.920752,20.46527,20.14921,20.755138,20.898083,20.619045,20.282623,20.126097,20.332615,20.438683,19.108524,19.475115,19.83839,19.53712,19.789948,20.293804,20.405972,20.052715,20.48694,20.276619,20.14332,20.465178
20.967499,21.502563,21.841908,22.298754,21.602652,21.827795,22.034395,21.928679,21.476734,21.75904,22.561619,22.055452,21.44779,21.790066,22.172033,22.575602,23.21438,22.53748,22.652931,22.21804,21.486979,22.118942,22.43857,22.85371,23.063301,22.489965,22.63725,22.557405,22.37695,21.947174,21.65428,22.269243,22.482271,22.414156,22.105217,22.125038,22.318693,22.235353,22.266428,21.749918,21.84271,22.35455,22.205841,21.998985,21.971191,22.380228,22.719347,22.110025,22.139507,21.946514,21.860981,22.059069,21.850275,22.012283,22.056677,21.551935,21.59162,22.23025,21.847532,21.226492,20.551283,21.103655,21.412256,20.854202,20.921274,20.899044,21.114891,21.025276,20.502995,20.325268,20.995564,21.148375,21.051243,21.459904,21.379778,20.941357,21.154247,20.642942,20.334972,20.477552,20.594772,20.349316,20.493868,21.067915,21.098907,20.354918,20.351034,20.584976,20.392788,20.053017,20.379044,20.226896,20.240263,20.838562,20.474709,20.212067,20.454033,20.32922,20.450384,20.387976
10.393066,10.838838,10.858682,10.35974,9.959276,10.16205,10.514176,10.299131,9.827786,10.295198,9.769367,9.469876,9.791874,10.596308,11.535539,10.696703,10.076388,10.779226,11.63844,11.284232,10.96753,11.1377325,11.624237,10.707978,11.290669,11.3809805,12.12058,11.4116,11.11834,11.023993,11.212392,12.221695,11.889446,11.096085,10.603741,10.968934,11.280672,11.06316,10.470322,10.704315,10.75364,10.500121,10.864269,11.424666,11.825444,10.993111,10.701641,11.201053,11.802088,11.692343,11.712254,11.813675,12.1031065,11.529865,11.548653,11.77464,11.609517,11.693392,11.351613,11.085349,11.125583,11.661221,11.340233,10.69758,11.093058,11.593395,11.2216015,11.135883,10.742338,10.086871,10.470444,10.976391,11.200005,11.552803,11.379093,11.008298,10.71775,10.902065,11.176548,11.128833,11.1192255,11.380787,11.742985,11.556451,11.4672785,11.393587,11.762468,11.591471,11.127747,11.10677,11.295227,11.508899,11.441596,11.913546,11.73502,11.845159,12.066893,11.781113,11.931418,11.9654
26.617693,26.386436,25.820894,26.481693,26.779943,25.81039,27.219967,28.715702,28.56277,27.891747,28.416811,28.718302,28.092678,27.729889,27.669191,28.380255,28.813831,28.644663,28.500317,28.637465,28.143398,27.783083,27.862959,28.036678,28.788477,27.19471,28.489141,27.86749,27.13435,27.298965,26.779045,26.808395,26.288057,27.01382,27.02464,26.38181,27.418411,28.155468,28.441164,27.883083,27.890408,28.333687,27.76061,27.786423,27.493113,27.943163,28.566631,28.260862,28.011332,27.933237,27.677385,27.628107,27.512762,27.825226,27.98549,26.966385,27.672045,27.459654,26.89632,27.349998,26.939493,26.748426,26.328445,26.78474,26.769579,26.725252,27.292156,27.434317,27.633432,27.36281,27.336946,27.908184,27.586609,27.70454,27.716953,27.602966,28.159231,27.822868,27.769075,27.606411,27.805183,27.427647,27.46704,27.847704,27.937685,27.031456,27.44838,27.29316,26.882322,27.417494,27.215109,27.198874,26.986406,27.64629,27.67661,27.345705,27.881866,28.053967,28.241459,27.820547
27.801113,26.80299,25.685324,26.18325,26.90981,26.979397,26.33555,27.670319,27.762587,27.347853,26.49951,26.714111,28.32425,28.55813,27.892534,27.254925,28.120754,27.706907,26.413826,26.845722,25.745024,28.06287,28.088676,28.120882,27.355537,27.946323,27.396515,25.433208,25.367107,27.344816,27.736736,26.93221,26.794413,27.189114,27.512396,27.383911,26.770195,27.965538,27.944296,27.980827,27.22551,27.467863,28.580158,28.522125,27.73271,27.698929,28.395357,27.996708,26.783176,27.075178,26.4304,28.040598,28.239548,28.430948,27.539387,27.862339,27.726385,26.01778,25.867624,27.260632,27.790651,27.672785,27.296497,27.478666,27.806307,27.717827,27.532831,27.947962,27.74582,28.092962,27.706823,28.010305,28.294413,28.823996,28.1026,28.129541,28.674643,28.389801,27.27847,27.599056,27.182026,28.25841,28.322584,28.511953,27.844385,28.186686,27.701574,26.691946,26.44459,27.727814,28.122358,27.849041,27.754066,28.19243,28.118267,27.853811,27.756695,28.038519,27.901999,28.46848
17.050993,17.047804,16.46241,16.899889,17.913536,18.065683,18.493717,17.574884,18.074661,18.646862,19.568815,19.126152,18.84519,18.620495,18.42293,18.808546,17.722439,17.908777,18.04771,17.70368,17.32534,17.625526,18.458672,18.969385,18.431688,17.316912,18.18856,19.009773,17.672401,18.80689,17.516531,17.76865,17.785254,17.828472,18.372173,18.836288,19.235155,18.360786,18.6678,18.582867,18.833822,19.267006,19.256311,18.793083,18.408411,18.604288,18.223223,18.206465,17.904583,17.715042,18.19577,18.19852,18.651028,19.014803,18.299414,17.571175,17.689516,19.272566,18.397068,18.65651,17.754217,17.87685,17.631561,17.591265,17.997692,18.232874,18.413986,17.899368,18.194431,17.85839,18.597277,18.924301,19.00114,19.049864,18.648243,18.55567,18.14427,17.75655,17.87056,17.852036,17.87054,17.956793,18.246407,18.72143,18.498089,17.708529,17.951513,18.919756,17.899422,18.239347,18.174492,18.316284,17.992128,18.63615,18.90105,18.429094,18.838978,18.592257,18.722284,18.867455
23.550571,23.93591,22.954985,23.819494,25.307886,25.521805,25.971334,25.702478,24.761074,25.373098,24.739637,25.576382,25.215996,25.759365,25.72155,26.103897,25.649645,24.739264,25.102356,24.496346,24.262747,24.65388,25.271654,23.676067,24.291527,24.12039,24.468513,24.13579,23.457079,23.293701,24.483421,24.276407,23.63287,24.148813,25.20905,25.57408,25.695011,25.398973,24.776833,25.07125,24.521523,25.340134,25.131844,25.485401,25.376717,25.589394,25.447933,24.723843,24.59515,24.333944,24.312757,24.899544,25.211597,23.818298,24.238985,23.952293,24.38119,24.35253,23.698402,23.449518,24.145409,24.061277,23.643137,24.04476,24.417318,24.705475,24.846474,24.369667,24.33792,24.345324,24.357126,25.008514,24.677517,25.09253,24.745693,25.073517,24.82236,24.303785,24.444717,24.327166,24.252325,24.40657,24.90098,24.108551,24.434729,23.874292,24.3655,24.03338,23.776297,23.77208,24.365377,24.291792,24.326752,24.811253,24.857319,24.791445,25.205994,24.614,24.670813,24.735247
10.487661,9.065251,7.900901,9.60605,9.384921,10.760228,11.564022,11.711846,11.038933,11.498899,9.614352,10.056278,10.958661,11.271993,11.752219,10.556955,10.682309,11.790364,13.10846,14.3241,16.275394,12.205358,12.419611,11.4732065,10.798574,10.641746,11.497267,11.703838,11.140743,12.162264,11.095487,10.533701,11.306872,12.094681,10.350393,11.453176,12.0265665,12.738304,11.995964,12.304911,11.539966,11.54885,11.870774,12.487752,12.638328,11.088066,10.8596945,11.233349,13.498584,13.671757,16.57539,12.078617,12.635056,12.156502,11.66962,11.379544,11.620863,12.301809,11.950929,12.05302,11.296746,11.242983,11.2186985,11.309552,11.895148,12.302819,12.848399,12.792596,11.767737,11.942972,12.877056,13.173404,13.005878,13.317924,13.45685,12.345046,11.982138,11.290659,13.111631,12.917158,14.806995,12.331607,12.578578,12.487143,11.847829,11.342073,11.501422,12.032247,11.580861,12.2751465,12.42296,11.8583765,12.049692,13.1517315,12.403084,12.064756,13.88338,13.836257,13.72152,13.631264
